FILE_SHA256	602acbd2e6377159e7f498480f3d3a62ff3eb44720aa68375364489d61012968
1	16	3d0b6f5e309df8fce8815f908dd6821b0496cf43cd9fb4ff7ea9c0ce74770826
2	1	01ba4719c80b6fe911b091a7c05124b64eeece964e09c058ef8f9805daca546b
3	27	013867c3fdf9dabc0f7d7714953a0cb1d7d5e9ba2e2de4200b59000dbc07747f
4	7	4fadd478c244f3b04d602fcdb5bb0164f7d1d5d6c0ddcaeaceef3f7682e71a58
5	24	2ac4981e4a7b54271b9c31214254a1b4480ca1682790a02bda07c51f4bf88ac3
6	88	95570ae2293bdec6ecaf165c6858561aa0b4aa5cf1d375d66f828c7eeb32f0ed
7	118	0c94cde0066bb72b1a306d4c07a45b3a28905dc4f395e5f9e76780084c1e107f
8	62	c3696017fe3d3247519b3ec4ac2c90250d4a1306801e6192beb48ac6f4cd0064
9	55	5043c3751ac9980d85bf4c89ec131ac9c97ca5658bfc70da5acc4bf265ad3e11
10	45	372cc5a295af8b599892b897590dbfbaed0ac7de5b01be22fa23e1488bb13c3e
11	13	ac9daf2767693c3d2748dab96d89501cb65d667d71688bc3ef207991d1bd3d10
12	16	6e3b132b5b9446aefe51a0dc1b5c5e9209c763260d2fe4c010cef6d82481753d
13	60	493276d48ee74b43d751dcff1becfb2b474f16d1d5a02087db61d3d27e9924dd
14	58	e0575a0ef2623a65c0f1f50b4aa37a24de16acc7a3f9b09e8830664011365ec2
15	18	4e5b6fffc8e78277c5b1696be7e9352d417b12ed23a38f3e33410baf95a0144e
16	99	482a6129575f74a0c24a299da6b075ec1a20b83ef1ac08af0bababe66108c625
17	26	b39080deabd174ab29083b57a87530c7c359dc25540de7417d3f5f8fdf030fac
18	86	e5660aa22041d3f9d5592e0675ef551803d4d097601e697fee92b9494df95a9b
19	88	0c45e75690c5723ce30c6b0c5475b010ce4d45592d2ba8bd1fc26fd546a47f45
20	86	963f70a9ca6b9fd737a5bc4fc1d817da8423cf2a272780fa33906a0c6e94eaaa
21	4	27e5788d5d9d73d24a81dbc0a5a74bfa82c9c3b3af99e52af796e90b468a8a3d
22	7	d840edb6ef4e38e2a6980efe0ae6016d225832b0fd484d8b3d8510bf00051c32
23	41	d2c22a2d864f14a3fa4b97701f57319d1ed31fbafaf5a7e595da7be14c938e63
24	46	9bf0ee6ecbef5acfaab928a3672182de20323996f87ff48da31ef68f00f7367f
25	50	6a52936eb4f8280ef41af2fd140719909128661652fc06deee1f3688bef1593f
26	59	eacdebc5f9e567f0ad02b3f7120bfbaa1f5aae958450623ea9218670073132a3
27	8	9b62f60d8590a579cf46f8d67378c4c572b962ceccdb90c7a5f7b42b960782a4
28	6	4893f40e3781eb896c82d046a08067a11e35cdf2f1dfaf26fea90b8db6676413
29	60	1908f33a70875f20c4ab0eeb674193c536f3a135d1ba5148eebf5c84efda69f0
30	6	49fac5a3039bbad287ac815d533cf3abd4b4217920cbe2c93bb34a6e30003142
31	10	2f358f0371a6e732c4340332235199dcd91ebc46239a5ddcfe6f9a63e6ebecfe
32	8	1632002cf16513a8f5ab6b950d3c8ea7c87574116d1ec9f8c7970a8a0b65c84b
33	114843	24443713071ab6861f3eddc8d6d38a14d72d57f03124410902a804065e8acadb
34	216	54e037cb2439ff53d8d00f19dfc01a38e49d57292a39eb8456bca1ff4989953c
35	201	c99e5ff322f165196f2a90020408090afdfe34a114cb023ea89e4fea26ac89cb
36	234	289eeb097145f8f94ea56982a34803ed76ca60aac9c374ff1e3701162d93df22
37	172	e3b8f1276b694ade154b9f8022361b95376a4873543e74d7fa254d064db19b68
38	204	e285af22ba448e71c3555fb1ff1c9277a25c44bc4e25242df395c8d32c4b5fa4
39	103	0b287af59b12965271cdded15cd342a818e57ab7e89ecb1ef80f069ca71762c8
40	264	2c77fb7789cdfeb5de0a8af66d1aafda797e779fd96424c5c7f71e0c7c1e738a
41	224	d9ec05344bde8011227a4cbb77cdf7188c4288861d3584c14f4d44f8bfb3e64f
42	109	54e402cfa2a44a936c4e90a74f375ec6af2c5a18b84286b209cdd3069fbdd8f3
43	158	01254aa239becb8d0598b51a3f64038049744c2ae52ff8555f5380a1227b5516
44	188	ecd77887d1f7f24ebaa19ec195a6319d908141f71f780eebfe56eb3014e543cc
45	285	4b5661a33d966d23c69ecf3740a5368630e41dd46a664c65e4d145828c163afd
46	3959	ddd9e093e89f540b999e3e6825ca03d5dc1d032f0cebeb7e9b4f4e467d3cd483
47	196	b0334e97d782ab9b00557d34f00d6d53f21e5c7b4db4b407f629f9f6874e91e8
48	307	a2799da77589dfd4b272f78b19081b1477f9795f1fbf52cf5839bc1a567aadca
49	3580	e544a5d266d092440d77ec902d272f966324af9372c4b6b2268ef89b744f6981
50	235	e6ba2f7dbc927b0d9e8fb2864de686a77668c5fdf1ad9f411529a786673e2f2a
51	390	0612a595516076cac3aba2dd5c7ba431bf179972182aea0c5927548a29e9f255
52	169	2035541d55acf181faf69f0fc7d4cd77c7334e39c10cb9b242a162caf95d79cd
53	213	accf9119ad30b40fb680b240454930676d2286d6e5ef1d7aef8236919fe0d849
54	143	61f2b22ab92c917ca7078743e90c93e5e584ea9f17cbb1c3af428e922f1b54b9
55	3700	884ef635007b499b2327623fe933cb1c466dbabdfefcf5b3f2e3196ecc7273cb
56	690	aeabd1beb7f90b10db58b4a264d04b67636f03fe20e4741d6bc7b7997b3a3844
57	269	38de33e9f9175cea0961589f3e852e47e3e0e82ef362196eb505fb384e549c1f
58	671	326bb92cdc2458b04945a5a203fc7dac349ad77c81cdf5a30af54ba71eb5f836
59	83	8884661ef05673cd1ced5fe65b36da624610243d9b0fcded8474cc1e5caabe6a
60	78	c6b10abe0e669a4fabf46644d35a17539da57696fa32f4e29dfe5ad531adda1f
61	65	541ac0c046475f88da0c4129ca67bd8675121076df0761e010b7dbf354f39cf7
62	1	01ba4719c80b6fe911b091a7c05124b64eeece964e09c058ef8f9805daca546b
63	201	26ba9e87520ec4ca3d6209d9ee4dd189ddc0132fd420eb33aa3fbea1c2b765a7
64	174	82cfd950b07a04115aaeaf559476a1263e9e9e3e81602283fcb0a15b7243457d
65	175	a5e08a90b46cf07c25237d71b689aa20faf8686d3e2d2d18a2d0b295b17adf46
66	43	e99546cac563f08293ba0003e1f8563a238aac25e48bcd775903f3925fabe9e7
67	133	1673858b279d30870508486ddcc6f4539e16df7e5ef2c52fddc13033f93b3b00
68	199	67f068bd10641726097935952cdd751f454783818939cbd5f005cd2a3d5a99f9
69	37	649bc6952c551b59ee2e40c5823d0120ddfaad4f738eb3ec41af53ec7b618f59
70	74	05973ace11877701db8854b1224e01fcad77117a4c2f423024b4e3c35ae77024
71	102	45316df6ffbbcd8d56fbcc421da0984cdd42588cdd789357dd19ed66a3a32fd9
72	79	c339ae462a5e5b3e326b586a35848d6eda03f2700c1d73324d2266bf2ca432a8
73	69	a6167d5c4c9d6fbdf46b07b1af2cb14174c090246cd2e9b43b01a704d7b617dc
74	60	9ef17773e4c53c2c1ea295c1c7c5267e8e09e3f487819e884c2fafa42bddeeef
75	219	ff411c246c9e4a6198154cb42bbbe5f6f7b9c2c9887154e0d96c0caebdcb55f6
76	1	01ba4719c80b6fe911b091a7c05124b64eeece964e09c058ef8f9805daca546b
77	204	3187c77d10b36e8079968be9accafb2b826a7603fadad2fe5c336f0f91991435
78	1	01ba4719c80b6fe911b091a7c05124b64eeece964e09c058ef8f9805daca546b
79	98	3b2b380d86460d4f4bf408dfd1c684e09a7224939732ce49cc555a17c4b95491
80	57	8fc5bd4cc3b07d4eed465caa490a4132904ac8c4ec40b18a83ece3257ce16fa1
81	278	58f49543f85ba74ea5950f94fcefe13ecbf9f4db7ef3283ac9b175216b3fe99f
82	76	d989f0dd93ed5cc622a961b103b5b8c182bb20f6060f1b5eea1266cd5c4beb99
83	79	484584eadf0299a415f5b64e7b76627616505560214170ffe18edcbb37fa70c9
84	109	5022f76c45f8d1987d0bef0a3274cabba9fa4f1f00941cca12d08f34fd1510dc
85	160	e19713d5c80966d20105cbacbb7fb8812ba5ed5f5f767782489a9b23a1cc9d1e
86	60	8f983b11c04f832281a919f1fa90282344c23e995fce70a6baaf8155620ca596
87	216	b0072a1c2392b7a3c51947fdd2092e91efe277136bb7f3c4d4ddf540bf888f8e
88	164	b8ee6f344f9c79aff8acc97721ac39ac2fcd6f88de7440370756da1f620c801d
89	1	01ba4719c80b6fe911b091a7c05124b64eeece964e09c058ef8f9805daca546b
90	77	b195ab147350fbead7a4031785e082ab982d5ca80dd051f2c9ce35d49e7af1ee
91	128	799a1a35c79f736beaf9ed2f72854ec506d0cbb067ba8939ff528030abd66c6b
92	213	90fa40cb189e82e386957b7ff231f0e4e265653ddae95d6f2cf8e4106cb8bc48
93	463	b6490e055b6d89d28f16bb439bafb8a7d9f1b8b46e8a001e836c646416e50319
94	414	f6c983ac4d0eaaa722b0752148228baab39da9fe5803724ae2ddc60634644c81
95	286	c732e6dd79e8cd165ef2f086462715976b530237d992399a373f76ae32b5b475
96	82	ef6c1547f27476d7767b2bdae0f0f0aaadaf07cfdc3bf4faff95f1769ccc8d33
97	127	912c31612f70e1c2af63d8fb8589dc893b8b98876cf25c4d554a4ef8de64193e
98	122	0f339f9acfb78dc525dfe5c1bfabfe3e4caf8221c28dff30ae70f4b0b3bf4936
99	1	01ba4719c80b6fe911b091a7c05124b64eeece964e09c058ef8f9805daca546b
100	1	01ba4719c80b6fe911b091a7c05124b64eeece964e09c058ef8f9805daca546b
101	13	aeb3318b62008a01df4d6eff188df12978224e3623eaacb0d9c87140c121660e
102	74	3f2f5f34fc2ecb8b6e2a5460b4e60a72bc6c7a1c0b954998e34f01ff96ea0e22
103	167	047a84efaea720761db8e25807e6343e220da28ecad9015c0e0bd4bb37961100
104	104	8b462fc25caef385126733860a05d1bcae8e337e1040c692e6c97a559f3476cb
105	67	0cdab5cb28e0fa0cfca418167e016c2f26095c638ca4a2b6a2d9ed430417abc9
106	181	2f1129ffee63f980e2b8e523c1b85e95b2f3b3d0cdeaa6f657aa12121499f4ad
107	113	bd689bc7a40940e855b401041ae592da5bf253307f33b5fb8c044256a96438b5
108	77	06ee9226929cbb977402a218823268fdf6540dee70268a3711ddd111da1341e9
109	62	256ca4dc713030c24142920fb03e73ffd7a87f27c3b11d25918064ece7d9cd4c
110	80	b18c2c88d6adda010e43dd892c2eab73c7a71a655bb7cd9ee10d692521f50dda
111	65	2e31e30498d78527e5a857ece7db413f6b10785bc68bf6103eb8d3e1725dd0ba
112	86	cae07b43e33bfa03b5df345baa08445841b3682053db4207edaae6638057ce64
113	89	6a54716a7fa45bbbd9c7d4b692e13ecaed90f5bd1b0363acb8c0b631c6cafecc
114	39	6c92f4bac6b7be267c9aecd62ba9976a82122a44d1bdf90b663e1040a28db37c
115	41	59ce3e3dab8cc554674d68274d9f50d8a3dbb5e803b0d7788b9495cf335bf286
116	84	79f8621929d85fb3743f1ecb988537e7f0bf5884d2154e22b5ecb3687709823a
117	127	d194a606c315f17481c9ab94ec6cee21ac1d370c980b20543a0b874b80eb5232
118	87	4fa07d09bb50390335d264313e60fc1978386c217e18bb335391abd134540732
119	110	c28011fabe50fc749f9f919cb69a9774d615c7dc331b117192dec8655d5f245b
120	69	18f6453e31c124162163d041bc7d0c90446dd34c19dc7d79c1faa4886c93a08e
121	57	29420e23087541d95b0aeee4f11a0cf38c981aa018c5b344f0efd02b357f6824
122	142	586dd350ec12399695fcb1e6178233153bcdfe3d518d799dcc852bf406dfe78f
123	56	7262b75be400ff111b2f61346165153f2cf4dad84c9737c14155d673848dfe41
124	215	a495b0f562fc9cc8f55ff8f7be936d0a90283f1a7018fdd247b3e3627041a760
125	91	1f6d67c9099226ea0007a29c8dce73cc8c6024f56ecadd9945760ee071f256cb
126	443	84689e0af03919e27adb6fa86d76552fff12dc59cf8b5f5ea97b3da398324985
127	154	dcd9808a93d8172aba5ddabc59296c0d472063dbd5f315f5510636237cf1dd3c
128	178	e6b3dc2effee1f8494a8aeeb5488006903bd6271c19c4de5179e64bbea90693d
129	194	b11f9672e0ad6b9dbc4e828b3067c24212be6ea8936eea49abb7d175de669492
130	43	d86ffec7d67365e3d711c5df806c03b3e65d00b4045abd475a3d1f71ce85cb4d
131	196	24fdecd4679a3b423b73208766fb1a06a1bff270f43857494e46e5b75e369b0b
132	72	3c2819297938ae7001979e924afcf41bd10dbc1f0f7a4bef42378f5cc423a96a
133	59	2c96acffec765cc17eea02ca04c6105eeba7562162a918d5a39a368e0e59270f
134	281	468e84bf19d47703ccf0cba95d40ed43cab4cae82b7fe8385988be68961655dd
135	114	21d65eb6bff5bd474cdf6c1674cf7e01c314e21395f0a6dfdb94e27d8997c70b
136	105	ec8793b5788076e9e109e6090080d738be35b62457fbde76d957498156e26973
137	139	44e7e5a912e8179b571b2f8ae9142f416d03438d836da73dd79ddf3c57df3504
138	90	8fa262c90681843ee9ae0b7e370855fbb48a48fef5776f5552b2ec1ecf033242
139	114	ed8ce82445d8dbc08dd0a34da6c4051ba3f23cc1490cd0313b6400a23336dfea
140	139	12d1aa0cf898cc9f1ba9d8eccf79a06e8b498cf8e25a5e3dd714758cb07884d0
141	73	eddddb27eadada84ffabc1c8339848d9728cab263748aacbc4f7f7304d460575
142	1	01ba4719c80b6fe911b091a7c05124b64eeece964e09c058ef8f9805daca546b
143	70	29fdab1abbab63318aacf19341117211179ec67780f54f077dfcc4f002147f2f
144	78	fdf21f5407c9590ca8569805dc9f1ca2cb22d3d039e5f4e40ebecc214554ba5b
145	92	8c86d8545b728f1adb422d0ff9569cecc639007e83360756bf2c6b10d7cae059
146	120	63499464797ffc85b9a0a942abbdf1c9b51ab6098be174cefaca8452763654b2
147	55	c9af29382cd16ca8c91c45bd9f1f7a4e69c87f2b2e85ea257748de6c1e58a4d3
148	71	f4529ef8859315923676ea200b32141a708d7edaa39200a061738c5d3e9ffbc2
149	26	8ffdc965f975194a1ee5ccdc203ea20ce450cd2da816f440c7b5ba2693be9585
150	78	936350d6f1db8d60942f33d84add960d8e196dd243949d3a6804dc0ea06d1dc7
151	48	58ebe60c5d421b8105c486bb6718271c95f480ee28998fd5be24cff716a6c409
152	48	a36dd91a01c90ac96d38ecde97e39ff85498ba31096d8a99c89f151bbc2ff741
153	2	412ca345ccf75bf9c0806bce695be8de808b79984251a7a54d202cf6101dd451
154	25	3ec11a16b9c654a5a22374fccf5c7f321f8137e379ebec71a79d6a2193ee6da8
155	77	5461242344bf8ae36456a03d1bc4ee2d52e57b35fcf538f71ed8906aa5bb354b
156	41	836a4e232af3d0cd56c75ca10c988194166dd188836feb48ea40358b18657a40
157	2	412ca345ccf75bf9c0806bce695be8de808b79984251a7a54d202cf6101dd451
158	1	01ba4719c80b6fe911b091a7c05124b64eeece964e09c058ef8f9805daca546b
159	1	01ba4719c80b6fe911b091a7c05124b64eeece964e09c058ef8f9805daca546b
160	53	510b6e3bddfeeccc0a9efcfefd23af68033187769f51ba2032c759d2ad1664e8
161	233	6a6adc2f4173349b6bac6d7cf3304aeef6832afa88eaf9ea2f057e34e5964e03
162	107	355fde660648e596628237f8de67280095c22ed892d37701afde67d4dd54af4f
163	312	1115daffada6c2652776138ff3259379d1ce76d29b5357ace0ed1fbccce16f1d
164	63	01e08cbbf262c52d7ad66410b8ed25a1e8f41d0f61f562bf2d7ec2dc503f07d6
165	67	29842e0ad1c5dd1654c898174f89d68ae3c4f303cf91c4f267b5e8c1630d5311
166	62	ac0761b0cff944df68d31019bf3249d26f17001a96ecb2e267a1d68766801852
167	264	5206765cde62a843b800668e1967d5f6c6b03f98c1d014b54608a6771f78ec76
168	57	c2f906676a082397f4161b9f48864c71515d1935e1b415ba830cd4e1793b570e
169	220	d30edaf463783dfa17cb695c68a9d9be635f2c5eb2a94c49b32f1b7bc0e07576
170	156	b63b129a2ab9fed6116ad08a11a126162189b6a5c90421595d5788e45dec2a5a
171	40	d6f8ab8b70e7fc7890080a28b445c72a1ae1da15dedcf6a5825b310575789b79
172	47	8bcb4ad0622f8021c49fc30c497460ef696fc477b2e86f685ec2ad2bb197f8cf
173	153	1d254dab0095d9d7be3e82d5cd9252de67f1ea79ed09450d7a98bcffc11952b1
174	114	5537fe60258b1a6ead588991b0ff56b3a69e978ba80c592f7058cdd1ea2bb476
175	125	2b892515bf4eb72d1bad2f81a7325c042fe628c7aa323884bbcccddb6743ccc3
176	70	ae4fe862b66f511c2993cda716970f36301c13929da9e77f763c2654b759e397
177	109	b19e2bdacc903e997ad392c22b0075bddeb5e62b9ec29dcab4268e7cf7fdab3a
178	130	5f4aa3a8e4f2b117f829e3afd56d7ba181ff9b96df95ee6447c74b21bb6dcee5
179	346	ba8e2f45db9e2a21134461128979edbfbe3861e11aee66e4bd074512e6a09cb8
180	42	ff8c47b5959fce8de7a30c0a5472867025ec1ecfb6d9843fb92c8a5003227efe
181	223	c264a24a0f8b02c4555b8a60026fa6cf14b0d4fd1df274b7970624a5210aff5c
182	42	dd3aa7ef83c5e307c98e88856eb4b52966d6f294318e02cb43738b85ed712a87
183	44	edb8bf1a4714f25f539a6218a070760ae6547d49fe82fd54fbb5532d5d99f1e1
184	142	effaeb52b8628c8ea5d2af27dfb0637cb6cd25602810e30fd65d7b658a45f5b5
185	84	ede1bbf087fbb8689cecbfd5dafe0c6e18450ffbe64a1e39b84a9455072b285b
186	73	4c40a63ebb22a15f29620ff140e8fdd523e3bdb4b88a069e2a2009d6ad7e4fb4
187	73	f10b5f6732d3f52e149b547d70763de4188af57b20461ebc40fe765d70d40f42
188	74	66ba4a2b71b7a62a71ad395889f36b77d768f46ac37d117ca7ae39cf95cf3a9f
189	130	e8b5ac831973805610d88bc3b9b9afcfad46600f25014c6e99ae9f2669f3464c
190	76	8b0661f005b736a70e818afdb982622ccf732c8da1a0771a54985a96dc6b11b2
191	41	d55b0d356b9b374be87bda6b6426e9fcd46d200b32ddc703a69b5005ecbe268a
192	76	3ce2cf19e9c100b07fee4a937eae0684ace2b56c8e2fda434394eb8c87b09bfc
193	65	a16ad9ae8078d2c2a9902af32595e4a062704d9534873b202e9b35cdecce5246
194	66	fbb1d9df71a14759db86700d4d8d586f388b9d9cc539102df8c5dd9151998ed0
195	278	cbc186d8acdc99e4aab3a6f4cc6076680f9e76f65401672779314aab2123b839
196	122	28a5b1eb1158de8e7c75ffc873e34151cf876a2ae22739062bc9fe9524781440
197	56	eaeb9c2534c374ec1e6b0bf245d3aae34c680aa173f65ee4fff3a4f942aaffec
198	67	68475657f1ddd59178c94a69279dace6f7d898f059c4299d3373ee3fbbe2f7c4
199	75	3fb44c10e2252d4d6e2e5b9a33937f50a504b47c99ffe20d0828fd2e24ba3aa2
200	68	81045b89b08e99fabe7ba22b785783497f408186c10a63f716a3df0bb738ff72
201	119	699e277803131c156889c03202c0fbdeb23462c42253b74af1033448850c87cd
202	147	696752417dcffb24fcf253f24901202c0ece2759631bf675430aefe83618ad9d
203	419	1337293a7c5e58655f188b286c93554a0de79bec075aa012dbf3e9c155a65d34
204	1	01ba4719c80b6fe911b091a7c05124b64eeece964e09c058ef8f9805daca546b
205	1	01ba4719c80b6fe911b091a7c05124b64eeece964e09c058ef8f9805daca546b
206	13	aeb3318b62008a01df4d6eff188df12978224e3623eaacb0d9c87140c121660e
207	206	0c8cf0c7d0410c6a416953b7966bf522f06f44b64c30030771935cb280da7d3b
208	158	e2cbc41d9e2c227b490ccc5b379591ef2ab40593cc5b5fc0419d07e9bb3cbe19
209	348	b599707cb6d1a0d21a4facd692968ba800846ddd49025d8893e9fd4d99181de9
210	326	96795e9f72ae2110031df28fec9246703114ad4b0f7673731c8863c8131572a9
211	258	fd21ea1d64f4f81140e6a2fec3759c4ba0be8b2b1d20fd1909d3c7984f67355d
212	205	8f534d6f6f5238320d7a22900870454cec7926d02b876f97b77c218ea93ba805
213	307	a28ab13002c44a5c9bc97c599f3d71800d2cd5c4173d7532ce0126220b7e0d99
214	325	f6e658cad9e90dc2e0ed8551ecbf28e9b60136ea54698c89cb386d1b4ca174c7
215	275	d082c2dd5a69ec0578a979b310d003e3cb52064936f7808d45105f53cb498b47
216	184	1211892ce70fc4cbf148edd90b0a05a7f1fd90ea06b2c7e2920650e21649c749
217	1	01ba4719c80b6fe911b091a7c05124b64eeece964e09c058ef8f9805daca546b
218	1	01ba4719c80b6fe911b091a7c05124b64eeece964e09c058ef8f9805daca546b
219	13	aeb3318b62008a01df4d6eff188df12978224e3623eaacb0d9c87140c121660e
220	95	de5de4470088c63e6563463e8374b033f0468abb4347ead8e2bd31c28221d9d3
221	171	9b10388f1b654468bee28d7df0c3947ee0534eccbeef3f8f4d60a90a72693d50
222	51	76da7fbb1768857c0eeaf18bbfab75c7af6d3221bbd5331f9820522ef283becc
223	56	ac85414d147dfa5bd5eed519590fc5cb2499ac489c8560aacaa1136fe967540e
224	110	e43540170746846a6e45a3bcbbbcd5d556d58eb2d7131f5baa8f06580c020a38
225	177	625ec9a4794b039dc9fe312084b66b4e9444cf493fc1d6ac4bacab274e15c134
226	76	2d87f096e120a2d54f9301f667954fab44bb52c9e9110e50d7065b80b2008ad6
227	73	cecfd50a92455cc77e041ea5085f685310748c24e70923ce5e9e6ddb19a2152f
228	73	e029b622a8ef6467de9419a5cbde4f77d1045c624f0c84d21576c7753ec65adb
229	72	92d578a677509d66eea4a032f17e286cf0f06ffa5e0cf00e6a118cb226bed5d4
230	97	157537836b55c27b3eaab563b0b6d714d2fd7a96b60ac0e80884b0c015c52dd1
231	97	81e71e9ec55683a4a032d1901fb370c2fbb326e89de6cce8ae115ec2be78f776
232	75	c857abac98cc91f392ee8482030932741ba31a390e0625deebc9288511b6b319
233	69	016951d2bbebd8a3a7314ef17613443d18e672b52abac559361d033b3abd64ee
234	86	c5bf42760b94b9545f755545f0c68ecb93c2688e7e1990cce13615beb07918b7
235	108	da8ba714ffbe38c56d0c46cd91a58f8092300f4614b0565378bbd1f507c871d5
236	87	8ab0b5d7e4a96d371b8de292e13ba531c8cd68d56379f13d9fd288b50c03d891
237	80	e38ebae898097fa1db93519f7221fdf2d4441e0b1de75400f55d785dd0c08ceb
238	155	94b52f74cbded600f5495a19956cee53f39f225d559bbe99480722906372f242
239	111	a972bd02399e200d6feea6b8dc51f44cd8cc8e4d1137f72e9636f1cdb5c0271b
240	65	1c56cc537031752a137526b3952a9af7dfb42b5a65135a4af69d35b35c932b31
241	85	48cae1e521d5f83f36a3ad8f063c9a8526e68813e854bf0b4b6075cb8a0903a0
242	132	8520e2a170c9a4066bdb641c823a07107d403cf4bbbe704de664e4083b44a3e0
243	145	6f30a848ab94429bba73fb1d8da03d58b5fc3d55132f2fac770cecc9803944ea
244	116	3216317a12a5fa24858d9e1809d09a3c9bcc551966fa310c0593ef21046c1fa5
245	271	506bafd47e8440afbad1508276a744996274397c112e63ede7781708d9c3985d
246	41	9ec1e5bf00030e60f32d9a397a6e33a83a110a5498923a1788a5a86cf195e06d
247	83	a180eb0fda765beeadf3f8ff94bf9de95e64f6c58066de9523403680be371f6b
248	96	2996bbf2300882af96da4bd6d1611ef37b195a6fb1e50127018d2e722a8544ca
249	125	add2fd21abf53baa731e0a99a1fd964135e11a0262a2946cae2aae24ec89dbb7
250	51	c6360167851c0adc039500ba014276dc615c4e01329aee063bd8f4be9211e446
251	75	15c4769cc234e5fe9f9d5b708310591e715b895deea568463cb8ae9588e523cc
252	224	058c161df189556aabf8d358477a1d2a43ecf4ef24642b75adf0fb62eb26d801
253	90	737326185b308d7a345b2918f3df5edb23a77730e74ef51c5aa5518d5237f000
254	66	a40bab92bbd1d5149713446afe3f5d626c408fd034c567773594920d6103978e
255	115	17f827606cd98fd793d2ef05bc579d7522b1553b05876771b4d3c34e1efce397
256	152	7456be060d2244253259b0f414975be021605eb9a24235185cf239582b44af4e
257	196	79d26500ecb7a6028b79c2138e3d0839187f79dd65841a75e7842d6dafe51998
258	188	b0f9366d1a58281438497798002e1937ea87f705180785e1e4eefcb31ad50728
259	219	f3b79f741d84a2c1af38a0e78052aa3e477e6c580a374050aeba85d4aafc4fa3
260	1	01ba4719c80b6fe911b091a7c05124b64eeece964e09c058ef8f9805daca546b
261	1	01ba4719c80b6fe911b091a7c05124b64eeece964e09c058ef8f9805daca546b
262	61	b6ec8f190565f8aadcde647ae5e87332c6be14a1a441e3fc25caddd79467dd7e
263	20	c709b3dd836f98ed24ea76accf9da4f4e2a1e08e6cfbb1eae75bf27f0fadea1d
264	63	9799903ccd69f2f1ec51a2c291fe1ce9d3fb980903e6f7f8df277ad37add8723
265	62	eb11e42fb3e32265ab1b9b4ebeb633005c0085694b995be4cd4067aa262a2ad8
266	53	6d95150c761c2e1c09beff26066d97f668dd04e2086df2383a41aa3127df9bd3
267	53	c7e3889366dd07968a9eeee6c882e64fcbfba6e110729a7887d087e36812494e
268	2	412ca345ccf75bf9c0806bce695be8de808b79984251a7a54d202cf6101dd451
269	27	16cb0a6740a65222b74a784880a82162089b097104d9091354fa97c56345878d
270	72	9ac307dd7024d4262fd675fcca12bd9b02143cdc61f877f2af556789791abc3d
271	71	470473f31f39663b299a0c353623860d11573cb899c3c5b6d5a671e0f8dfbef7
272	2	412ca345ccf75bf9c0806bce695be8de808b79984251a7a54d202cf6101dd451
273	27	8af5e158b4a839e87b0411ea229f52e4371c7be535a8e6db1831497472502616
274	54	d5bfe178fc61655e7b0b5d2173c65d0cf218b02acfbef8de788acdd518ff7742
275	36	1577c3fd395fca9af692c1e5c59d7dc0c0916d157403007d9c54f30718709d91
276	2	412ca345ccf75bf9c0806bce695be8de808b79984251a7a54d202cf6101dd451
277	97	4784d09f7f181dc1bfbedeb16c3128286cc57a74e7e873c5c03114a230ef463c
278	26	c1e16eb7b7e16f1497f6bbb4e1abc74bd0e0db98a18216e7b9d9c6bc34ee5507
279	55	74881a083bc25d5d2127ef486ee019298f0a62d37a7f6a0e01d06723dc20d1ef
280	35	22aa876b645852f119e69f7c061208aada1bb20430306770fda59df17296716d
281	2	412ca345ccf75bf9c0806bce695be8de808b79984251a7a54d202cf6101dd451
282	95	f2c57db8fa5031d04a0f0f2669542b2d0a384a88ff02f5ff3ea0bc9126a83166
283	19	5349194aed07a1aa0a574506d2c2132a6079b1a78c884c9d3d358d7b716f4be7
284	61	92567cf94c80158c694812eaac0eddc4cd6485be5898c2a50ca4ce84bd0fa480
285	71	029fb19507e26564f3774b5f1e451707adee3e9bb5db3b44f15a0648e9eb228f
286	54	808fa75eaf953cfe736dd918a4865b18e7b927aadcae08fb7c173a806931bfbf
287	2	412ca345ccf75bf9c0806bce695be8de808b79984251a7a54d202cf6101dd451
288	37	ff6eb256e7232704a36e72bbe394de9c26908847ff46023ce374a1e1fc3d6cc6
289	1	01ba4719c80b6fe911b091a7c05124b64eeece964e09c058ef8f9805daca546b
290	1	01ba4719c80b6fe911b091a7c05124b64eeece964e09c058ef8f9805daca546b
291	34	69f5f4c1b56f9bc1feb5e962a0fe3d20cb9e7e79957d5fe3353f3c2c65d588dd
292	18	f6acbf5dffe2b0f75f9921cf1fd24f97a67870cc3a4cad05e07640fa7c4866ee
293	21	fa4d277e72a6771e77d6bdd93b275adb168fa481b2e1d2625c99a4dc9076750b
294	12	33a52238bce117e098989f654913d156f04195b05bd6b33db817f66be1f5c59e
295	14	134ea3bfdde7b3e4842b06787df603cf47ebfe8b769208af3ca4bd8caaf417fb
296	14	a5f7e962aef247e86cc203a9eef8bc82d8fbd0613f5d20fea955d23da78c27a2
297	16	79b557cbf42d712bd63dbccad4665e9ee34b3b800caf2a957e35be0ff3be7f7a
298	11	5d7b755520dc9b1ef032293a99cd309b54036aaaf3540a5bc937403b64058d22
299	22	830d33ba1b4442b1ab4df99449f3a9ad724ee2d316bbf570cdaf6e7069cb690f
300	23	6b48bbe8c1f64200b7eb3f0d22f2a191fc8e44bc85d4c90b52a9802a65c1d6a6
301	2	412ca345ccf75bf9c0806bce695be8de808b79984251a7a54d202cf6101dd451
302	16	d09ae0ff115a7c62655f8e4c401088f5fc36498941c674a822ac220328b791a9
303	14	cab1595dfdbecf6fcee38a30f9821f6eb367160dd3ce61e8b3292f914dbcf57d
304	18	5b6fccc2cda0d40c5edc7a9046e268c6c8c743dde1b4a1075ebaa43b1bfd20a4
305	19	c9172d6cc35e144006780fc22b9248751db1d38501486aea88c4e91f4cb15703
306	20	5bb9cf711f138e41f5a8c115c6720b4b1f6ac7856b822dc07b2dcfe78a54a4ea
307	42	cc45b3f828722f576b2837cca5fcd18aed66e7731dcc1050ea82282b551805a1
308	23	308349ae97d31869d10a2436b724235cef7df1196483f94abdc3872c02c8f4ce
309	31	9c3b1e1bcae526c07a46afd8e0faf6bcaeb02bb2b68a469f87fac593481e6481
310	29	560063631e156b5c614de75587fbac8a5c82464a8cac6b043f24aa0605fabe1f
311	22	0bfaad2854b203e9fc7575c39cb208f502393ac16a51ca5bcac2c6903a324d9e
312	41	fa5214803b4a6c88ea528841b87f47fe06837fa33969aeb5ed120d06086b7169
313	15	4f5bbc1a10b45773bfb898976b4e3a130863e4e543c32e0d9fd96b3cd8a3e583
314	73	1a0a8c0380b6c5647002d7e4ada891bb2dcaf791acb95489e33f5928a826e430
315	2	412ca345ccf75bf9c0806bce695be8de808b79984251a7a54d202cf6101dd451
316	22	7170ba102844191e3cabc72b7815b03f955772c74dafeae1e892c59cfcfceaf5
317	30	1a44d5dcb65af74bb7b56253e5cc6afa98cd569955971234fd064895fbe88520
318	13	9ec8f200de1b5843e4a893ab1e97ed34722bdb4b6f772413629f06e60914706b
319	30	d146d53e64e89a0c170cbeb330142db018d56bef9864fe44ac6ead9ca991b283
320	31	5e893bbf70e3a0f71f59df094bd468a1c8ea40ad1049ac403afd5152863e4f77
321	2	412ca345ccf75bf9c0806bce695be8de808b79984251a7a54d202cf6101dd451
322	24	b5a6ae3ea2eca7ee1cd075b26b007f48b130dbc3e8f1fdc128959683c047c235
323	14	93937a41483c09e3fd52988f7ac38e08a06e64d55e8d7457e70f40b47b3822c3
324	24	74990c7ac745758a74f5d8e934f3b1615af700ac355a65d18ad9243abdaa437e
325	13	2550bb86854b46529ab2afc2c4df7e6fe0ba0f8584492d816503cd0535b93a84
326	14	227c23cc4140bfb12cc25f4685151db3ed8ef5a5f5b4b33370c22366fb39a9ce
327	21	0a2f563592aaca306b88bee08c551e7459720299a845883e0d2b88e3d9f9e784
328	19	9c369cf4795b33027bd0869cb2b12febaeeefe365fee91141ffe5a731988c6bd
329	24	0de005047ebaa913208cca600322f425ef6314a434e2328aa1e6ca85b4c4d013
330	44	665fa0d89d41ad18dff2466ce85d7785595f0ca31c674258e238acebb40b7119
331	2	412ca345ccf75bf9c0806bce695be8de808b79984251a7a54d202cf6101dd451
332	15	0dfad884450b0fefedd8550e797538f8497a3a591599182b2fbec3dc1cbb6a91
333	71	c41ab9209cc8efc0c703f1569514791aa08997a822b26597434d9b21c1541ef2
334	33	986a71a781a587c9408f7a32b21aeb295442abf3f8446ac7ad1b046a8c1d3826
335	2	412ca345ccf75bf9c0806bce695be8de808b79984251a7a54d202cf6101dd451
336	29	f77d91c7119a56ff967655336640f23ba3fc8983acffe457aa872276a78683a7
337	13	5d57bf32d01e334fb1056b3bb55db4f18155182673dec3097dd8e89c9cb95bc3
338	21	51595bfb860892b6c10b51b54971f865d1f771e2b4d493325f8139a93270b398
339	30	577ec1f50fea644e425ecabcb7bce341ba167ef5e1992e8d39e0fb9e808d2cd6
340	23	ceae795dd97d51e86789a882f34ff998b4e3cb78e53cdc107bbead4a7516253e
341	2	412ca345ccf75bf9c0806bce695be8de808b79984251a7a54d202cf6101dd451
342	30	15fc802e25e66e12f77e6989278c2ddfd907d5cff72a675c006d6291690e6264
343	45	6cedabcbca454fcb7c90cc3a73495d5e67866f56a3f346ea02398e4bcf0a5267
344	13	24f2661df2c41eaccde560df2aec5427e8879fc3bf100bef5f71e0e0b5fbdd76
345	14	3934c427ae5f44b4ee4ec46848f006508c950ca87565bcce90d8c1d0627d7076
346	19	460051d0a10e96b53fabfbb23b6aa2018520de5179aee7d0d4600a45fbca99c6
347	2	412ca345ccf75bf9c0806bce695be8de808b79984251a7a54d202cf6101dd451
348	57	22906b3ec34f02fd4072b860b913284b3b9dc53427fe789ea30938dbab56f1bc
349	16	49fb5bebaa471224f7e39e7e0d240a6a64ad0579cb32d397438b464b85215b5b
350	2	412ca345ccf75bf9c0806bce695be8de808b79984251a7a54d202cf6101dd451
351	31	a74aeafe2296a35eefd523dd0682dcc16bf672efbf37aafe685bdd8f1aab39ed
352	13	9ec8f200de1b5843e4a893ab1e97ed34722bdb4b6f772413629f06e60914706b
353	22	ccbe26f53eaff6354ba67d92f8b3499eddbfae4ac06758704be1a7905336d683
354	18	e3d8331bc0da6f59bbf95a1044266779fa3fd205a50211b227a682565acfecd6
355	2	412ca345ccf75bf9c0806bce695be8de808b79984251a7a54d202cf6101dd451
356	45	6123daa5b47d7f61df6b4b316d987a186d3f1e1f5199e2785145a77adb48139c
357	12	5d2527b420f95e0903c3d4965e9dc8dc21aa225bb072d8116e92a40d310bd6d6
358	14	3934c427ae5f44b4ee4ec46848f006508c950ca87565bcce90d8c1d0627d7076
359	2	412ca345ccf75bf9c0806bce695be8de808b79984251a7a54d202cf6101dd451
360	26	8ffdc965f975194a1ee5ccdc203ea20ce450cd2da816f440c7b5ba2693be9585
361	40	800f70f47282b37907462b9a84d379a3bf1aab3004964d1a98c87d9d4d5b3424
362	32	8306877d0edcf97f17607f768a41b48a4971f9f1d594cc6881f75f9608a3c2d9
363	33	538cd1cad3d796b7de4b0ccf37f7482072df9a9eff364189a53f92183320887b
364	23	47b1465e13b4e22dde9d292654612830bfd6ba3d69f6abe5fd72599b06d0d8d4
365	31	9273c2d21cb22e981db87fe49284529312f8aaec8d1e2e48d62c86cd66899efc
366	14	4dc1e9ce35c419b63e9c72c8c30c9ecfaf4e2c010c3038055976fd3f76791b82
367	20	b0718654b8e098d0fddefd4f16e462d4ec7896f72ca081a84829ef8a84c9f13e
368	31	3e81fd2bdd5d9ba2eabc0804dcc8a2ea9ec1c3204841e1081f030a9987b9b36e
369	4	27e5788d5d9d73d24a81dbc0a5a74bfa82c9c3b3af99e52af796e90b468a8a3d
370	60	4b9efad3862854d75611e3c9c80505084c3e437ff204fd9368d8aa388c889451
371	19	9546f246e12006667f7fca143ec6d06524fab8fdf4d7401f38be453d9c318b0a
372	4	27e5788d5d9d73d24a81dbc0a5a74bfa82c9c3b3af99e52af796e90b468a8a3d
373	2	412ca345ccf75bf9c0806bce695be8de808b79984251a7a54d202cf6101dd451
374	25	18c49e815ee6e7e6633e8100ba2ea54df273b5fcceccb4f1897585134cdc0b8d
375	18	007d8dfb2056b2409cca983bf0c27a3988c995b75e432dcda59cea545c04ad3e
376	20	ff25ad9d0b9673d0580f80a6226f403d0965b4a8797164779e01bcd94c22e182
377	21	2bed3018a5cc4d6cc4feb41d7ecf39f1a11db7d1d2ef35e7b9d672f112bee2ab
378	21	5b1a8900764bfe815206051b7a66abfbcfbef6de675148cbb3fbf3f561ed85cb
379	22	6d3e440d4f731890cf95a6b11d8e09a9a3aa05765339180a316296b56a6cf69e
380	4	27e5788d5d9d73d24a81dbc0a5a74bfa82c9c3b3af99e52af796e90b468a8a3d
381	47	9a431293d9c95a0d16a2e3e56d24384c3f18e3d56aee90e7f3900d23d1db14c5
382	17	fccfa229504330587f21b212758163730e99b1377258a3f2f43699e7682c0b2a
383	4	27e5788d5d9d73d24a81dbc0a5a74bfa82c9c3b3af99e52af796e90b468a8a3d
384	57	5909976063ffcbc582783a55aa91bf7f2e427d3bc7613d365c43badce4947396
385	18	b6907ed240816653a7c1850dcf7d82ce2e6505f6dc158de72ac165d64e26fb4e
386	4	27e5788d5d9d73d24a81dbc0a5a74bfa82c9c3b3af99e52af796e90b468a8a3d
387	2	412ca345ccf75bf9c0806bce695be8de808b79984251a7a54d202cf6101dd451
388	1	01ba4719c80b6fe911b091a7c05124b64eeece964e09c058ef8f9805daca546b
389	1	01ba4719c80b6fe911b091a7c05124b64eeece964e09c058ef8f9805daca546b
390	46	c985a76d324a7c96f6fa1655c4d93f6e1a724bf622c6dfb7021f40c53eb22ebf
391	18	36d6c73dd8853a8957f2b5afcb7320cbdb987cef81010124252409161aaec955
392	21	fa4d277e72a6771e77d6bdd93b275adb168fa481b2e1d2625c99a4dc9076750b
393	14	d1d4fb78ef579f343cde9493a34b4308818a39a48d1866819278280b73f97439
394	12	511dce27251b882913b3597af906eee76b50ea00b0bf1005e3923873faf55b67
395	14	5b69539bc4b8e8ce214ac69e40e33edfb9b4c6d0f65115e63701d6f7e7d52afe
396	42	8a7834830c7755abeb3c69d6a9a872c01bfd8e7e8364671fd2297519c9acb446
397	20	899ec3dd49f78522373484aeb95dcf3fef028d15a0a9cc966df2c19540e3d32b
398	42	b875400b1d3faf78c818d3ae2028acc007d44c35877d685f13c10ed3eaab6a77
399	22	b7fc252f4dccd776496a3d4c5a85bc8c5e1d39aaa877b6920bcea1197ec9eadb
400	31	27e0d827f4f877d890e6869a3f725412ed58aca7f8b16af9d2f4cd2c69f7425e
401	29	5a4d3ef0419ac155383600474fc0e20be508c700c02125a4e58a0075a7e3a780
402	19	3ff53a1f724f1b3ccfb4603a3bcb1f45a43c1bb671b53d08d8f4348e27169216
403	19	ab1ac7b9604c7128a273166d1abab9a7ce6be9a6ca3ff627726b27b8bc798cc3
404	20	b68905e8609581e59361fbaf2ec7d5354603eedb8acf8852f1dd2b11271d48c6
405	20	20f15dd63f67fb5b9792573e87f8c379313591bd49a8e89c3408e29b38a501cb
406	42	7fa235b4d760859c18e29b7386cba17b2bbcd872b1ef75d4125fd3717704f05e
407	13	5d57bf32d01e334fb1056b3bb55db4f18155182673dec3097dd8e89c9cb95bc3
408	21	51595bfb860892b6c10b51b54971f865d1f771e2b4d493325f8139a93270b398
409	30	8edf0ac2d899f09feb4cce4965b533db4a5e12a1391deca7ecfe9e25de2ca37c
410	73	3d51a63d05c5f12e52b3d57f025f650465958b9c41018e73983168fa771893f3
411	23	ceae795dd97d51e86789a882f34ff998b4e3cb78e53cdc107bbead4a7516253e
412	2	412ca345ccf75bf9c0806bce695be8de808b79984251a7a54d202cf6101dd451
413	23	cf2e22e5f9f22d81effbc12b8ecc63d00de8cb4ab7385ba8c9543ec44b304e84
414	13	9ec8f200de1b5843e4a893ab1e97ed34722bdb4b6f772413629f06e60914706b
415	22	ccbe26f53eaff6354ba67d92f8b3499eddbfae4ac06758704be1a7905336d683
416	18	e3d8331bc0da6f59bbf95a1044266779fa3fd205a50211b227a682565acfecd6
417	2	412ca345ccf75bf9c0806bce695be8de808b79984251a7a54d202cf6101dd451
418	23	e1dc8888aa2f1cb20dd51a32ea30406247af59119ce075d018934943d59752d3
419	22	0bfaad2854b203e9fc7575c39cb208f502393ac16a51ca5bcac2c6903a324d9e
420	38	b2552ed226804fe9f22a2e40e70d52011ec825a71ae2def5929d457bad1032ea
421	2	412ca345ccf75bf9c0806bce695be8de808b79984251a7a54d202cf6101dd451
422	24	465e2177da7f1276eb2b823e22913aaed9ff3ed76ee3436ecb8c1afa0a6664e5
423	20	dcb2a09e5afa39c57c091f3ac0fac9bb1bfd31dd90e685f74a760b721588cce7
424	38	4cd05663c8e2fd45e9247918fe38a39556790d36936209ce50e7f22e7ac598e5
425	2	412ca345ccf75bf9c0806bce695be8de808b79984251a7a54d202cf6101dd451
426	25	94314d769fce03534e4d8af0cd788ec35389e28333c4535b1fa3df7154affdd3
427	68	db193cbdbda17d30c98b15bf9c77cbc66ead1d1ce44f6003a0e4ff3c7452b68c
428	2	412ca345ccf75bf9c0806bce695be8de808b79984251a7a54d202cf6101dd451
429	1	01ba4719c80b6fe911b091a7c05124b64eeece964e09c058ef8f9805daca546b
430	1	01ba4719c80b6fe911b091a7c05124b64eeece964e09c058ef8f9805daca546b
431	54	53160ae5dd839d00d23d1e29aa30f4fdd69ba5f336fe96dfaacec273f916314f
432	57	8cc65afe1f65c5fce5fe86e9c2cd41d9682c8ff9b702b54203804f558eedb580
433	22	ccd9b8602b4b081ff4c3decf8d4912873f99392c0891277b4d6ab9f92e6119a3
434	74	424f24e5a65f5f43ac35b6bff8c91b1381bc4928c058492dec3bfc9682a35290
435	74	ef8e8e9871559a15d4321fd8c27168108f4a48b8469fad1d0a039b5dd07af9b4
436	75	44b0cbaa671536768754d3b07516adcb003e91f3dc43ea7044fbd87d7250ea4e
437	2	412ca345ccf75bf9c0806bce695be8de808b79984251a7a54d202cf6101dd451
438	53	105b014f5c6e1af28a47c55a223c9edddc4720673049a29303f68e77abbe80ea
439	112	c7839364c896746e59166d834427054212c81b444b8122f49e9dfa189ff420cd
440	119	4d6ce6824da6596969be22a3c769ef1dffc1a5937935101996abe6c63682bd4d
441	104	396ef7589d8c5c360cd6966fef9bf31e692b1bba5e4862ed3aed30076f83925a
442	21	92132d4cd5deccc69fa45ad33d38346dfa33f0f1b6ff6646f603c09fb741e706
443	65	ff962745355b827b5a1010d851dc36451e595522ea8133df11fb48d80e6725ed
444	65	20c13f2d12267835a28eb5ccbadb9091a5d91502687c345ae40591242048157d
445	43	3ed575d230c5d26e6a2062448601f030329b5660b69c8fa49c9a943cc01b8f9e
446	2	412ca345ccf75bf9c0806bce695be8de808b79984251a7a54d202cf6101dd451
447	36	293a2ba89750eec8d1b426f83fcac1ac9218e36439e12b8015184125b6467be7
448	24	e39227d1bcdebae9eae4bcb6c4d273649c5bea0b4c62fd91c9cb76e6dc864e1f
449	83	b2d937c56031d9bd02301ff861b3de10abcf0ab3b88de0132a12524ec9458678
450	119	484e7043824c4a7123c5595d2f926e913f2ceefd0c5f1fac51097048a0801743
451	2	412ca345ccf75bf9c0806bce695be8de808b79984251a7a54d202cf6101dd451
452	121	45ebd244bbbc556a403c405e0de721ea9a497bce0acaa5954fb6f19d2ffc2213
453	71	a7423f320dc0b2ab132101fb407e74485a4e7902d11e3ef1c0fdfd40584bfc90
454	71	362bc315409c8b16fa19d8a0e80f6f0ecf33e2e8b12855500b4971f8b6e8db22
455	26	a3cf5b76aba5cba8cbbb80e94ca3f22d7a7b7239499ac633aecc6a12275de154
456	86	87ca93420a6350b15ebd7520b710cbff5335db4d604a23c5acfd8646cc160731
457	78	9ffa83df86d4c7ef40f22d199e1f53acc5f8182b1faeef1b221eb1269ad4ae95
458	95	e01cbcf669d66d6c3afa1b24e4ec8267f551d2408f1cbd9004e93ce7c8017e16
459	2	412ca345ccf75bf9c0806bce695be8de808b79984251a7a54d202cf6101dd451
460	146	2e08563d300c5b83ae25a4081a3a9d7c68e1b04d7203f290709cdab48fbb0c35
461	155	96199ddebc2bd821563e8281ab9816847ade273a06095520799d9dfb54f0e506
462	53	ec02591fd51dabea987edb92eb67c50e8b898bd691eabef95c6047e273a21ed7
463	25	94314d769fce03534e4d8af0cd788ec35389e28333c4535b1fa3df7154affdd3
464	129	101220582d942bcea755e7c153ad5de8893d37aad4771875a39050814fcb5ed4
465	75	ab9503d56848a50861cf284f66576bcaff38ba17fa416097d8f8ed02984bc657
466	2	412ca345ccf75bf9c0806bce695be8de808b79984251a7a54d202cf6101dd451
467	1	01ba4719c80b6fe911b091a7c05124b64eeece964e09c058ef8f9805daca546b
468	1	01ba4719c80b6fe911b091a7c05124b64eeece964e09c058ef8f9805daca546b
469	40	618b6f10a366c671e55bb1a74eea644e84c541b1bfe59bbbd37c5464a38ce16e
470	21	5496350aeea8479c1ba5cee82eb580873ab2207ad88770ad778cf350ce5747bf
471	50	7c7bba3bc0880677e101d43253088e899ceb055c303eb76651a0a2b299ffe98c
472	54	b316e39b1f4b9624812ba4b12a6b620a4de474f49ebc15ba19267d0b8ef43ce5
473	42	2f72d772ca48f06c1f415433dc0666b5d537b595861f55a874a5c723bf37cbd8
474	37	bd5265819fa97720f678b26ef98d806603383d5e29ad7601778480f89e40aa55
475	51	2451f8778bee068e8c9d4f281e5b6d61465481fccaa0cc9845b38f8d4534afd1
476	2	412ca345ccf75bf9c0806bce695be8de808b79984251a7a54d202cf6101dd451
477	29	b979476ac417ca3c323a2f1d40f62a18fdc3d144551b38d7a98a3f25e68fd434
478	72	ca58270c6032115431d70f226ee41d7d5b843ff04bcedba0121a1252f170e5ca
479	53	0418f1e5c2a740e0e301dc3fd88b48d6ff1fd25d4315ebc27ba38b83a7042aa2
480	2	412ca345ccf75bf9c0806bce695be8de808b79984251a7a54d202cf6101dd451
481	1	01ba4719c80b6fe911b091a7c05124b64eeece964e09c058ef8f9805daca546b
482	1	01ba4719c80b6fe911b091a7c05124b64eeece964e09c058ef8f9805daca546b
483	1	01ba4719c80b6fe911b091a7c05124b64eeece964e09c058ef8f9805daca546b
484	1	01ba4719c80b6fe911b091a7c05124b64eeece964e09c058ef8f9805daca546b
485	74	9d59b77a9e666c938fd751b1c54dfae00e8329fc281caea59e4d9e7a63a1dc15
486	22	ccd9b8602b4b081ff4c3decf8d4912873f99392c0891277b4d6ab9f92e6119a3
487	26	8d4afcff1a350508b34f09929f0fb8f8b0e8f184c5d33feb5cc0afa028f66fcb
488	32	dfb4093223308c86b29112991e3c20c906729d2c4d60470a42610c68aa526856
489	32	23e64155080ec0e0b5e9dd29607ad39f70c7f22917fca62eb72377eae625d77e
490	43	c5ce0e0127010f2f2b45e77e72403f9dab7039fb26a975633c6e7b03a05583d7
491	22	73b798aaf39e57bbc15943b034777ba81bd4a5c5a0d34b0c1cf82b7d1b720462
492	19	bba411e9cb6a1fbaadf067c1b1af46cf9a0399d4a2c3e7c6162e5a5d502f9722
493	17	7607ca5ad0c75797f5bf54a889cd1b9cee1605c53c9f8ac2361a9b78e93cc059
494	24	ad59cc499f0cb6ad5c4007ad7dfcb57663de234377b31678238f2700fb775132
495	30	6ca632307b1706eef9bf69b948a434ae375383bb5bef858f069fc0f7db99785b
496	28	113b7513ba0e36b85bdc0a8ed57e384e23d068671540d0e49190a606f0fea6e4
497	68	2cdd4df513da35f22dc6c03714c310e5ca6c66449bd2da901130eb01cd9241bd
498	2	412ca345ccf75bf9c0806bce695be8de808b79984251a7a54d202cf6101dd451
499	53	105b014f5c6e1af28a47c55a223c9edddc4720673049a29303f68e77abbe80ea
500	21	1205f6ccec51ab891b25631666b12052a06b61c04d6690a9974158f6e7578bc6
501	64	c4ea2f67bf125e7716e9b99442799c9e58d2a42de3668d39fc73ab2861775b70
502	71	cd74321c11f7bc1f18fe6c54bfd8d6d592502d335d0f2df10b68596425361ad7
503	2	412ca345ccf75bf9c0806bce695be8de808b79984251a7a54d202cf6101dd451
504	19	d15d76ab1a7a505335f55fb132828268f64079f2e717b2c5cf639e0d7f941931
505	63	e35ab4dd76dc6d6fd31739b303e8c809b0dafde431cb0d0a55b766ea6f8e77ac
506	61	d43e6d35ad0d08a005cae08b84e6f0a6200ba9738ed9d1c9afc1e8e9335c7ac4
507	53	3fbc7fb81279434da13de6b2a375ebe641091a3283d75d2fc26b547c09d7ba13
508	2	412ca345ccf75bf9c0806bce695be8de808b79984251a7a54d202cf6101dd451
509	24	dd00e391f3f6a4c036929c277f51a13ff89e9a6e0f4be48d7e745458f87708e7
510	68	ee27983d537dda8aa25ac84124ccc05e4a103030f5d01c8e3a886d7e27da9a2f
511	37	1eb68e2437fad6a40d838ab43e367c1367205bba93c799d0545b945e081f8c3c
512	2	412ca345ccf75bf9c0806bce695be8de808b79984251a7a54d202cf6101dd451
513	18	ce59f4b3e211332a437d976400055ca97a2855040d2204e5a52770ed59e37e19
514	50	f03142d94c1776572dcc38f9bf595e21c4a284faa3a7c4989f6deabe42fdd231
515	51	80bc0d6e82288bc98229be50918100c52e3c53c3fe7d931a5f3d357a9090f2f2
516	66	9354ef0457d0dbf318f2a088bbf5ca919b416f5fa6f343d74d72b8e2931f8fca
517	50	768044946d7bcfb088164897353bf21722f8685ba7d09443262df345340c46cb
518	71	5f1f77acddac84478673fd22ecae696fbd2aee77c91da355c42ff2178550a795
519	67	e62c001c50e6b24abc2832760f2e09235d2e7247a7adf7786a032860a2fda4f2
520	2	412ca345ccf75bf9c0806bce695be8de808b79984251a7a54d202cf6101dd451
521	31	183941e636c806f77396eb484fa0e1777eda7d0d8f7dc085f566f9ea5bb2d33c
522	82	c1ebacee820d98c57f34c8affd8892386fdbaa0af548c951b2aa1fbf4494266b
523	60	cc018b276ae426af86cd3d6acc225f5dfb5020c80d58615c45cb6c61a224cc30
524	61	847103b76572c6611b270f9293a63ef43019deeeaf9f53e7e113583708ff5375
525	70	993764a3db293b528f6144d752f8409792cf9be8dfcbe65a70a6d919ce6d7e2b
526	29	65e92d1a3477f89ee4fae3a93482f83166e8d548f126238f0d158a2410f0141a
527	2	412ca345ccf75bf9c0806bce695be8de808b79984251a7a54d202cf6101dd451
528	73	107273e1d7a2a3ea8f68be3463b3c38c2ecb675ca8f03a32821c38467f44a43a
529	57	878af9578c5e8edb98c6807d6fcbfb1acbac967609c0f00c64f9394a802d444e
530	57	eb23ac22016238845753d8fab15433d3fbf06c6c8da95fc64c384ed0a1b80e5a
531	48	83d20a2cbaf584da3aff804a6f8d33e6795ce68471edebaa3475d6fd6b623336
532	2	412ca345ccf75bf9c0806bce695be8de808b79984251a7a54d202cf6101dd451
533	18	d889bf75f0527f3fca64614be574cb7df36bc48bcb8d0c300bc50fd7c627bead
534	69	1c4fe4daceaaa7380a84e2864afd11a9d16628b429a15aa6cfd69dcde3966b1c
535	59	56b08ec6017cb95ff3c3aae90f60da85871bf23631a19a79d2e42626a9477830
536	55	39b204337c7646ba9b3ad21ecff0d32b4e76edff744096bdca2c30434336f185
537	2	412ca345ccf75bf9c0806bce695be8de808b79984251a7a54d202cf6101dd451
538	35	f5bce800aafed67dd80932e835bb9a5a8aa4e8349b30cee58a1da984ee53a3d3
539	31	dbfb6e72be58f57f673d5f2438f1e0c8259b0a6e602a0a65fa86698e7a4440f6
540	33	abfd7a4a497618b112a28ea71008fc1f917bb1d4503a247efe8d938248edf3e5
541	21	92132d4cd5deccc69fa45ad33d38346dfa33f0f1b6ff6646f603c09fb741e706
542	53	509158f7d3e1924fd9cd25929f24fba96c5a0f0d2a1269bd32ce936f4a7e28ba
543	71	0b200bb59b05bc1f2a58b8c4ef22e4d6d00e904aa8391fc49721eccf772802fa
544	23	80fb51abc1b7b8314f742931ae0617e97822b8039176ba251e27987ca0756133
545	2	412ca345ccf75bf9c0806bce695be8de808b79984251a7a54d202cf6101dd451
546	26	a3cf5b76aba5cba8cbbb80e94ca3f22d7a7b7239499ac633aecc6a12275de154
547	63	b6d1bd33076fdd88aba76cfbc5fc4b52d105b0b41b60d2e99e3abf9c59f4a2dc
548	67	39ffac3cb4be70984bbf8b1b41eb8bc487092da4a5564dcf9a2f267ea820b563
549	49	60b5697cbfc6fc6ea45932f6f6699c551f18ac6669f60a85a79ad6e9c1839fbb
550	2	412ca345ccf75bf9c0806bce695be8de808b79984251a7a54d202cf6101dd451
551	51	588a753256982145381fcd009bebad9b2668290d73bac0cc01155dc8d87a3877
552	80	3672bea91cb628e9595349d410e1f731c003c5e7c172bb3fe876e545a452c59a
553	2	412ca345ccf75bf9c0806bce695be8de808b79984251a7a54d202cf6101dd451
554	25	94314d769fce03534e4d8af0cd788ec35389e28333c4535b1fa3df7154affdd3
555	104	af984fcb351a5d19347ac9ff738d2ac767a45a968611d41d24f2bdaf9771d474
556	34	663ff6774c635b446867c2a01799780f878fd2fdfda6b55990401d3855cf17c1
557	137	16ec635427bdf461f7be5c01e49aae6e5864313a803687e9e7cd08fe58900aaf
558	2	412ca345ccf75bf9c0806bce695be8de808b79984251a7a54d202cf6101dd451
559	1	01ba4719c80b6fe911b091a7c05124b64eeece964e09c058ef8f9805daca546b
560	1	01ba4719c80b6fe911b091a7c05124b64eeece964e09c058ef8f9805daca546b
561	56	f3ce2da346d751fe04b5fefee415dbaa0860603d6de4a47eb55e2e1971433058
562	19	9e5df5970d8a50810c2f3abbb2d1594169f89b39e1b6da9b2cff95dc04680af5
563	19	e83d701e5c40cf2df7b0260f52095e2093d01fb88674a56b451074a703929bcd
564	22	1ef4c921e37de1ae0dda2a90956b8adeb057ef1dd249acf26052fb9f99ce16ca
565	19	4f85bdb46ea10fb27967265ecb99248cbc0b2a6bb39cd0d5624de012456bb386
566	22	2d88ba273cc1288583536e3de70a42e4a5bc15a6ccbb57805812c76a8c0b58ca
567	20	7d08550493fb0a2448786fe367e60eaee904852544dd25d2b80233bed72b31fc
568	19	82b7fb3aa79013bbeeed21c6a4d31542122dc1c3d075f83a6c73642bafe99fe2
569	20	20f15dd63f67fb5b9792573e87f8c379313591bd49a8e89c3408e29b38a501cb
570	21	817f4034d43fb625136e5ee391466fa24035f9820e95155ae0f9ae2bed812f7f
571	26	1c8250e9bc20f24ea1fc8fc078363ce6a5f2695416ba73b70bb2d9b0ae819e39
572	2	412ca345ccf75bf9c0806bce695be8de808b79984251a7a54d202cf6101dd451
573	57	e8d9108fcc46612237e196e1c8a597c1245168f08911df0567c9c9c0e23d26ad
574	60	13a71d01e81955ef14e00e007794de2f71f538764234bbfd564974cf4bfedcfa
575	57	91085b458654294973e1a1dea17f5b57be49e335e852b1e9626ec3560dbd270e
576	59	2991bccd748faabc45ed0ae0e1392ee204489435e95082d2be5fdc47c519160c
577	39	e4e68537b669942c01a1be87de905186f21da0c772cd10bce265596cef31ce5f
578	21	255ecda31ce4271027bd712cf1d1bd70608b9698e555bce9865c23049a5f4c95
579	37	f1fb8bc1cff8a4956d602f5e922d2d30be5c3eb10922b5b85e4f2928bbf81b60
580	12	842a1e61ac9bfccb9dc94c1ad8dc8d0b2581d9196fb300c1fdde15c01caaaaf6
581	2	412ca345ccf75bf9c0806bce695be8de808b79984251a7a54d202cf6101dd451
582	65	ff44acb146f25eee1961cf8385b9c7b28c433cf370812eed2d077e2f36d3afe6
583	55	a96d53ca5e9bdc92932f94b69958a5289b790bf067da6be62f72e50e894203bd
584	1	01ba4719c80b6fe911b091a7c05124b64eeece964e09c058ef8f9805daca546b
585	1	01ba4719c80b6fe911b091a7c05124b64eeece964e09c058ef8f9805daca546b
586	64	286eea5ccaf698b4c71b29a7a0f5e1f7f5911efcb94a1b7a99b8fdc90d964671
587	41	197c0bba6d6dd26f072b70a055af09f6e78baaf3f5209f539e824b6a4c258656
588	19	9e5df5970d8a50810c2f3abbb2d1594169f89b39e1b6da9b2cff95dc04680af5
589	19	f2566b124c75c2f886a253ba10b616d12c4c152d753f5a7b5f779066b170ba33
590	22	1ef4c921e37de1ae0dda2a90956b8adeb057ef1dd249acf26052fb9f99ce16ca
591	19	7fb43cac94c7d1c764bd6404398789dbac9552539f5a7c73906ea6986f734410
592	21	817f4034d43fb625136e5ee391466fa24035f9820e95155ae0f9ae2bed812f7f
593	22	2d88ba273cc1288583536e3de70a42e4a5bc15a6ccbb57805812c76a8c0b58ca
594	26	1c8250e9bc20f24ea1fc8fc078363ce6a5f2695416ba73b70bb2d9b0ae819e39
595	12	842a1e61ac9bfccb9dc94c1ad8dc8d0b2581d9196fb300c1fdde15c01caaaaf6
596	20	11ef7c17ec146642a1fd0d33a9b5059ccdf7c62c6f7f38a5f77c15a21448a571
597	19	8b52152f15396e39d67bff103f53e4f43ceccb3ed72b55fcc85607d526e256cc
598	20	20f15dd63f67fb5b9792573e87f8c379313591bd49a8e89c3408e29b38a501cb
599	2	412ca345ccf75bf9c0806bce695be8de808b79984251a7a54d202cf6101dd451
600	57	e8d9108fcc46612237e196e1c8a597c1245168f08911df0567c9c9c0e23d26ad
601	60	13a71d01e81955ef14e00e007794de2f71f538764234bbfd564974cf4bfedcfa
602	57	91085b458654294973e1a1dea17f5b57be49e335e852b1e9626ec3560dbd270e
603	41	3b0334d25c56ed4edb025873f6d7572fe3febfb3ec895edffad9c0dc1c979b0a
604	39	e4e68537b669942c01a1be87de905186f21da0c772cd10bce265596cef31ce5f
605	21	255ecda31ce4271027bd712cf1d1bd70608b9698e555bce9865c23049a5f4c95
606	37	f1fb8bc1cff8a4956d602f5e922d2d30be5c3eb10922b5b85e4f2928bbf81b60
607	2	412ca345ccf75bf9c0806bce695be8de808b79984251a7a54d202cf6101dd451
608	72	01d9ffad6adc2becd0976aa888d173866582aa7ebe8d812f7794db5a1a6d96f6
609	28	dd7ac84da90b40c642a5e2e003d4a092b527fcb81f877522131b2be914ad3f01
610	15	23301994baa4b0311bad5414c57eb55e85b526ae24a63f89d15c2aac76bc1e66
611	20	190dc53ed512b0b73bdbba728cb974a157b76a8da1a28460d5379c606cb35d73
612	2	412ca345ccf75bf9c0806bce695be8de808b79984251a7a54d202cf6101dd451
613	1	01ba4719c80b6fe911b091a7c05124b64eeece964e09c058ef8f9805daca546b
614	1	01ba4719c80b6fe911b091a7c05124b64eeece964e09c058ef8f9805daca546b
615	43	e792060884858d1c6a795d802e6b4adddcd01bfc0a966bfe7dd2c1f14e275dbc
616	24	ddca976dedbfba70fa58af7592cf45716217d72e6ec3108fe4ec9cde778286ed
617	74	e142ff9bc76b90a45c93225ff401341431ec2dc5f5b0499512f014dbb1bee2e7
618	78	28604ed1b3953ff18fece225cca8cecbd87c5737a2728607094c07b96d4dd95c
619	87	d0869e06eebf93629497b2c32ef94af06fd9726dcc81f6400f76629ed14f6919
620	2	412ca345ccf75bf9c0806bce695be8de808b79984251a7a54d202cf6101dd451
621	28	6c6cdecf4e2d359547e9c300d0505ec2670028350f6f0e7fae44018d04aaacda
622	69	26efe709217814d51c003eeadb58c312cd43146a2f4d3ad3160a680d41bc1d6d
623	2	412ca345ccf75bf9c0806bce695be8de808b79984251a7a54d202cf6101dd451
624	43	ca13f300bdf9183b1a85970325e9d5f27aca3d6bb5b3d09e6940a74fd72f6383
625	89	17849b8be5447049fa9c3ce007cf2a804437bb3a015ee21d44f26234a8c134c3
626	2	412ca345ccf75bf9c0806bce695be8de808b79984251a7a54d202cf6101dd451
627	52	2155862ff0eed125abd61beddc4c0afba22a8bd349bbb89b3f4a13d289b33d6e
628	37	7a9c7851a1b04b00c159fdfa9c21f38807b4d8d15045d83d7185bc713fbf744a
629	2	412ca345ccf75bf9c0806bce695be8de808b79984251a7a54d202cf6101dd451
630	1	01ba4719c80b6fe911b091a7c05124b64eeece964e09c058ef8f9805daca546b
631	1	01ba4719c80b6fe911b091a7c05124b64eeece964e09c058ef8f9805daca546b
632	59	a8be2b0c8886feb6e1dd3281987f12624e258e36a8975828c80d06326f614fbd
633	215	e1be2da0f2c4350fe2f58012173984bdf4805fa7559f25813b9794770b9b2d6c
634	53	d4039077277bcf974e2376b8647d1656a08a7f03240af5967f02494380698b9e
635	269	4dcca109f4b0475ecd970d6d6deeb3fac2f944910c006674ea1186c810adc792
636	203	99ed7b6ad44b21c988895685d38bd4d32aac61e1388fd520e3cab9ac54d25e1a
637	100	167f87b6e6ed36923aae8d7968b60df209c35c2ec6bdeadd8d3cc8489acd14d4
638	214	5092c38d744ba5cdc976746ee19cac257550bee0ecd9e4e40a91820ca719e7a4
639	126	e042967412bbcccf0a26b505e19c8cab4063962734ddd6604d42e32e0330e3f1
640	103	75ed4ead44ed89ece1b3207e52843fd55bb70a00df80d9db9f7d3168f6d8cd51
641	77	8117af8c76758068a7598f1e5d1172d693592ee5f99d67e00c34c71a054ce770
642	168	fbb525f3d55a4e281ed8ddd022be2d49e996f627deba79c895439a85a9c5290f
643	299	e99f92aa0070b3c7d44e2a62a97b0b824dca53e6536d4b950eb1c20cabbb0ff3
644	119	0f75d9c3aec8ed613b2467c612abbd242043a7e7892e21c95ca0385ab8c2c971
645	120	53fee1d5150559ea3d5fc4886ef919adf70914804e7f32f5b1f954e7a4fc4e2e
646	128	eb03f2fa58cf02d9ce2b8cc36aa922651c77fbb05efa5130882575a7c0c4e304
647	182	ebf64582405f94c9c543b775f9130bc6adf31c7de949199aeb043aca5ed3a008
648	143	4b89836c7cd4287e28f844a73ef89342a337fee7898da1fa0151b186ffb42982
649	147	257ee28131de84836a93c92ed89a2451db55613c7d79a3dc23a86ef538929b7b
650	200	e0504982ffcfe80fd9c464296663ebc6e6ccef639947979cc0b7a0c48b9d7690
651	85	5f1bb0d6948a1eefc253088696fb82937f785b0ba2e064cdf3aa3c3c17bc7927
652	226	efd9bf19d626359e063568de0f5b8bd51b4ec3526e9d9aafe8beb8c5dac08b91
653	1	01ba4719c80b6fe911b091a7c05124b64eeece964e09c058ef8f9805daca546b
654	1	01ba4719c80b6fe911b091a7c05124b64eeece964e09c058ef8f9805daca546b
655	216	218b5c33b965c5353d4a621dfdd42de8cdfe7f2c2806d82c7c9e36543fb7ecee
656	246	9a617e87018d3062b881dc6fe845a37eef4c16d89ed514f21979998eba2b292f
657	408	d5b33a9831facb459e19fedce2837dcabd43af1c1f4a8ddfd8e9b752d2c3222a
658	526	6f687f154309093c11b93be333c8c44efd846522ee5ba167d144a719c85cd020
659	780	efdff2ecb844bcc1b8e9a8833cce16366003f50a00e85076ebd80feaa4239145
660	534	3d19f433d9ad21735c968cb18ae8c88b541a6ff14e92e1a9a664302c83022c51
661	1	01ba4719c80b6fe911b091a7c05124b64eeece964e09c058ef8f9805daca546b
662	1	01ba4719c80b6fe911b091a7c05124b64eeece964e09c058ef8f9805daca546b
663	57	ddb338fa07491507a447e1800c1c22b6b44b311419c861605eca02c286ad07df
664	23	0b20793c5f6d7d125f900dc7bd98e87908710e945edd2d5bcf371db8765d3be3
665	16	49fb5bebaa471224f7e39e7e0d240a6a64ad0579cb32d397438b464b85215b5b
666	22	830d33ba1b4442b1ab4df99449f3a9ad724ee2d316bbf570cdaf6e7069cb690f
667	33	8ceabd9982e106b61d422672d12c6a584d1aca3e842fbcbf05b92f9dde3851ee
668	12	61308ca13ac73b755bc46cc922a6bbf2e8353d28e160b06e6e3feb2d6848e9b0
669	16	ccd8398884ada3598ef7b36b6aaf9a55fc94a5aca9294f104a6538830d615f08
670	21	eb625b722da021046bd95c2d799be67edecfc8f51c4b2c52fecd3a738bd6983a
671	42	bb14216b7260482bef10c94de7bc9973e259cee436055a3d46fa09bebec0e7c0
672	22	7a8b865667a9aab550504c00e759d2f3aab5520a10191861a94eca4b69929e85
673	37	a730a8fce22b7d289d6db77f46003845af5e8b496af8f7cf6f490aaedd2ae957
674	2	412ca345ccf75bf9c0806bce695be8de808b79984251a7a54d202cf6101dd451
675	41	d6d425d0f68b0ce2b5b2aa10a197d12924d81d779a778a064c3825e5523d04da
676	34	54a131e2dde8b4df0e15657b0fbfe81db45984410c9299dca4dfb923e6421cbd
677	29	c015ee11e17f7d1d516f0b3197738175fd29a7913899619329183af9ef9e0724
678	54	45cd8e203e47d403df6e9db0b1d1771ad3cd079d0543160b452c39798ed9eba7
679	60	16eb895c270cc51133e784e3da042f17aef470ffb8e42c9193d7bd8b7165f5d9
680	2	412ca345ccf75bf9c0806bce695be8de808b79984251a7a54d202cf6101dd451
681	77	f6087259d643ae2e720d3088e068d18a0f1c8497d62271fbafab76849938bef5
682	18	2d769544ce591183d13964255fe536b8d296cde2b3c34743fdacb168cbdb3070
683	53	dc2da832ecd9ee99187f94c0159f2eaf6d12e4699ff9a8bfb2f3118ff5a9ed7c
684	60	180d64542561dc4041993f28cee115ef0a871e09e41076c1992cc04fb1c0a6ee
685	35	0f97f02ffa7c3a51a143f21af10cd773ae9de0fe4d91201555d12a106f299ad4
686	2	412ca345ccf75bf9c0806bce695be8de808b79984251a7a54d202cf6101dd451
687	81	a838f725e1f8fae55d2d4ff54ffbdbd2862c1d58b36cc342f5385500dae5f36f
688	79	36abac18d4c114ba87de30935e26a3f310b23093be5307ade7aaeaa8024e2029
689	81	34ae5ccc3ae9daa2f253b0f51ee06896826e5046af8f4890ae46994e80e7e980
690	22	bf067f0bde258cc5f622d6c17ddd3efe2ce2e24ff62f59369e0bc578d1ed1fc1
691	70	b2bfab76c6b7b30617b6f7902ee3c5c0a8dcd0140ad58a3b31bd13e3a718191a
692	2	412ca345ccf75bf9c0806bce695be8de808b79984251a7a54d202cf6101dd451
693	1	01ba4719c80b6fe911b091a7c05124b64eeece964e09c058ef8f9805daca546b
694	1	01ba4719c80b6fe911b091a7c05124b64eeece964e09c058ef8f9805daca546b
695	141	aa6fef9f0fba737bafaf0a538951ab3d4b4f2f08f8a053df5009dcad86f26d5c
696	100	c322a23b46e7421b8dc2dc26d60e73e7221f9d19c635118cb51c09d5d556e7f8
697	46	4b8aaae23cc46d94e7405d2a8e50a21435117554fea06f6575144de197dc4c09
698	9	4b9004514dd8bb5287b58e385ae3872bb9ee7c89e61c0c5fe1ab850fea565a57
699	37	52a87f748b789843090f6c34998ff423929688e0b3e847cde31ce26554c167ad
700	105	fb2a06d8d875290db26ec7e88c8bd07f5aafaef9f99e09636228397730b9c88c
701	102	bf2b0b2df93eb71b41c905ee3c932271fc855c287fc49f0348f3d5a4d6229c03
702	240	ebdc4a853df483bb88cb3d44ce73d8bbcc60763e3dc513925de8240375236cfd
703	122	94f36093b63e3cfe303c3303c42ce244183e0ca189be6d77e51389cf318ae2d1
704	214	fbb1e37b9fb0a8498469df9a1e75ce062c9d5e114a5f609459a628c1c9c114e6
705	111	9654a49e92762dcd65e1638ff5b84d46ebe20eca10c174a8236f3bd69b2d819b
706	247	6a394fd989e8b11a0938a3d35aba381f272f2ebff48fc854d39a7ec599207bac
707	192	e7ff90ee53ff0ecc00c1efb9fa2a5c10407558241967cbd139b7c02a5af74b62
708	279	e4abeed2c8f25a6b4ed116090935f9dbd89b5e9d5f3df50f4effbf3001c9fab7
709	181	b08cd3b6bc725e1e66bf3d4b7f6d9a97aa041d9cc37e4a546752145b99b2b42e
710	49	dbcc7b47d9f42ae2cf0926e28a817b6171b9843b2467ea187725d59cd0296214
711	96410	c5796666869276a4b462f12655eb35d8be7638ba93f2bfaf7aa04ec9205654c3
712	436	9cf37e204c4e72248228c76ee04dbea489ec6ba5af3419873a241fa64b23d86a
713	103	4d44689c8873471c18f5abb26d8da7026f022677576e07f19acf03dc39fe6ca6
714	702	eaeb03dd0820a5ff2485a0725e8eacb09f16135108b4dd9a2d7ef9a7d5e625df
715	312	4600ec0741398e721068402c67fffa548ad6a5db3e512d7a16f0ac9a91f21c37
716	268	7831b89518d5a69ed026bf82dbe28589fd707281ad3d1c760ed1bcc67837a0e7
717	453	b202a9386a855741353e30e0e9d19de20a8f742c2400209cec1c63c644a93a94
718	128	e990e2e0735db046496e4b74ad4e96843f0ee462f0d6ed6d513c4c55a6449d78
719	283	688009ccd5b84a3f543ef3aee7804ba375942091181a950326c2b683860bf8f7
720	406	89677ffc5898bd130e9a5f32044f266d804a12d55b0a7a3670018d854336f95d
721	189	9470a58ca260b8902d81a53638736c9c3dbff4989552112b1accfce55d4e5c0d
722	361	ed572a1ad6d61b64d37b1649f8af55a5006b9f1679ebb81514b8e717695539dc
723	361	411f56ac12ed8ba877f4a89c833da89d23020b9e57bc20273f4a922b8d4d3291
724	9	4b9004514dd8bb5287b58e385ae3872bb9ee7c89e61c0c5fe1ab850fea565a57
725	41	cc816484198911c33bf9ddbee023cf3fcf5286c57163ef98128ae09b3cedfd41
726	17	bed85ee19a4bc9f662e6bfde32dafe2efef38f55d4638e1d376d0d554f1e478f
727	83	2b77511627f7efb6b4b87ea70578cb6962edc4c4e4e1ceec5bb028d8eede376a
728	68	cce44e02e13cb7ef1c7c823d7d20f938a6745800dc8b9c668058f2ed31b791d9
729	87	cc238d193994d2fa23665e1363f1fec54090ec990a50bc6952ac4ce36f203548
730	103	0a0a94b1eca5348f9f158afd271232728f991565830f984561720dd6898f2268
731	68	d9dfd6411ec7ca9dafdd2b0f40556a64ff85e23dd935053ba8b4cf9152b5654f
732	2	412ca345ccf75bf9c0806bce695be8de808b79984251a7a54d202cf6101dd451
733	105	8c3de22d14a43b4ece6c06a72936bf4ff53981122c06afb974a5f0b1cd7772af
734	57	10ec5131d30ba6095823ed34aecd033567b0861f9c0d7bd8137c12ac80d66ad8
735	62	fbef4b16e4ddd203aae75dd2b39c68dfe64c1cbda49c97afb7744865dcc18e2b
736	36	6a787a006245579b94ca3dae9ffda0e25c8e40f9748d0e1468b297edf7adf4ea
737	101	163e873b4f736f1a6bf943c08db86d44c3b7c6004afcd42626b84bf2956e0ad2
738	67	bae6acd61500be909ce0f99d32f69a7f1a77180d6f48d38b7403c80c723fdfd0
739	87	0190b9350043d03906ab38174539858b9aadcc0be0f792b0b93cdbe33f1c8b47
740	87	b0f2b7a0e27a6bbf173a8342c02a6f4fbdd0970d6a615bdadff35c992ebef71b
741	72	279e36926de93510d063bbac2e5d35c4967ea727b45a3f572def1b0d29502f30
742	36	b9da8c4efc508ad8eb386a2c3f3bc618c34fe2fdcb577228336d0215d7efda13
743	78	02ae389cc6d437be2cf6a2cc95a42bd9a740a3b88cd4f6a129de3d77ff4dc073
744	71	52f4027fd0cc54386fb5d96ed925010e15e100cb9d7e68bd98a45930690ea8a8
745	9	4b9004514dd8bb5287b58e385ae3872bb9ee7c89e61c0c5fe1ab850fea565a57
746	40	37b3d5df0a4c71f5f1b99d8db7f25412fc004669b40fb3ea06dbca6342fa0352
747	111	e00dee72be7a7a0d01b50636ddb69ca83e759cf67853862fcfe0929fdb3a35f6
748	300	b2b627c1e10bb721abcf2985a4a5525001cf361a252d32da6224ad817da925ad
749	239	b77867b477f06a4ee70ded67aea13c03a1251db95fe0a3bbb18ba6b8cdfc4ffb
750	94	bcda1cdf6db1531dca18a2175baf0f0e52010b3dfe4597744654d9a9b3fef232
751	364	badd06841f7f7fb01e84fecf2f56271ec6c6102e90c59aabd5f7eb92c72fd16a
752	225	96ea38b943d7df356852c407f79ead7cff0ec82c974c6cec60d255eefa3588dc
753	327	cec9519e82c126f80ad21063b1b48002966f09c17e2a0f6d5ecf08a2af5b1997
754	156	71944052021bc17819a5904fc1722417f60b4a27be2d036307834a3ce297c9e3
755	54	dd0352666907bd1a67a88cb7346fe06f0f72dadab8f420032208ad041616b6cf
756	196	59772a09ad8456cac85cf1692475b265cbaeef46261f423f86900e5f67a3e4ca
757	142	baa7f2bdb1d7ddfbf7b5d0eb6ff6d6730369ec617bfe7e8eaddb9a0fb8a5cbd4
758	88	7d3edeadc68346ad0b650c7489081a5b71c0ed410fccefb96bdd23cbc851f4d3
759	394	e6bfe1695e8f4c5dde1762438c89414584ad08b2d3542d6f01507695eb8a2599
760	214	4c503e131bbaa9398af809aa402f1491edb134c85a3ee427ffbde5eef765ec02
761	70	0cc442182b877494c79bc7368a6485c53edcf19d711c5372fdd6f8b5e08e7680
762	56	9cdabe7143af62b50fa049b90bb843a15ca015980951591c31a5df4bcc1e8670
763	378	0fad6f4ee78091686873187a85859f8ffd1ea5fa464b72cbaa1db48ea86057cd
764	144	6e74f1101e9a8167c052ad27fc0f36104e3cedc5b8248887bb82dcb720a90a29
765	270	78520eeb1618a27b832b95ebbf6d69f96ed52049d0185d81f42dcca922eb030c
766	114	a18893ad1ebbad0006ee455a12f73dcacc7d63311f8af60ebd90c1c6e367f52f
767	102	63bdbf28e32fcdaeed7035b27b28d82d60de11d641db9e6916d456f261cab258
768	286	b9e5c42a15a9d8999620baf0a217742f88442c899e2224f167f1c2f5842ee080
769	9	4b9004514dd8bb5287b58e385ae3872bb9ee7c89e61c0c5fe1ab850fea565a57
770	39	fb427e4c70783dc288ebfbd5287f185b51ef729ff23ff26a879f02954248def8
771	126	5f463b227345bc1b44de57c276af4a55374bd39a9f177e9e92a59071d605557a
772	95	5b1c7e9d3e4f22ed1b86e8094f622c55645c482bcb3be9cca3881a04b1806527
773	103	ec93bde5675b6c060c013d031814f5964551952dfd548d6e210bef06a5fdf51c
774	87	f85a4dc4eb2a420b73d13bff81e48a23f18462f7e99962b5d96cdc82cb54ed4d
775	195	6618d11069efe79c666122549b4edb9a9c1435a1f8b18f0106fe6511f8804b31
776	3033874	6cc2a056f45f57fec9d5afba0de084a789d86d26fe1b5d5c297143b62ebb7d3d
777	65	2fc06fb982f6e60a1324410f8272678026cbe22e610f00b8d4cdabcc7a0a9883
778	175	d2913cc837650b0b5dd71ec2114daa9d61da63a0e91c9ad37dfba693f858c80c
779	145	017836c50ba59ed10ce277c9bc09df8be09cfca1775f0b3a976d2ef373066480
780	99	ba8556c4049ff3ba8f3102693b53f0a848c9af52cc242ed549745e5bc88c6894
781	245	f2ce90b3c50993e48871991d298d0b261f91cf14f64aad369738e2c484e0205c
782	234	1b1a5c12a0bd9372dfcacb47cc4ecc98b6ee6079fde6a54bb26ae8b6013b5d54
783	88	d3c7103b333bcfbb2e8f6091e645f7e3165562cb99600b76c66c88c9aea12ae2
784	294	6f49a7b7a1e5a8247e488db2b6c24a6b47a6f9ee9803cb5d32ea54763bf48a6b
785	265	754a76b411de0767812401fd5e3d4b02e2af498b967fc984f92eba89f24e448a
786	331	46738572a4c457789ab74aaa02b7754dfe18aac2f79e4be86782732f83a637e2
787	89	49d3438397c1dd41e4774e1a85dad86bde70466a737662e5e8bb6cfa90dacdfb
788	86	372ee2b93b1eb06a875058cd0fd1463b1e587dcf04a390d18130928ffbcba4db
789	679	e49d8774be8a32e8e1759ef382ab8a89364549e776ab929d821834667692a419
790	167	18be1db9600be5eb08bc6664fbcef065de356add1a2cccb707f14fdbe5910456
791	279	1e4ff4ecf2d67018d1523263f5e292a7942072f84949dfa43ebc86c9cbd3e54f
792	164	2787b50e1cc4282b5f39cb9b38d240e3648826edbffd8ae582aa5638c8f25499
793	104	0fbb27f5d3bf27c5a1271461fdebf3b4f75a5a926f8e12a37d9871cedc0feadd
794	180	405b451af059f5eff65c057b1985fd7e6bf101b18dde1d5cbf1923e554ef88e1
795	183	37b08a7bcdce1aa38486e1b6e7e91c1b250120f5743d40842d40629bc7c9e01e
796	525	8d1b602176b7ec1ee0cfe32148f8b5ae057fe7716c2387886cb1e1d742ef916f
797	926	c9ba5f417c4fa0b61a08d0ba5a27dde9e19997c5a8c87799f4ca5e12e1f0919a
798	304	3f11e5b0fc784e6cf4a8c77b58ccc336ea5efe09b7defb37c62706e3ebd9331e
799	145	a8dbe53a68adae1fd844eec73e504d074f862e6a0a6bb6b86fd93e35ffafd9d6
800	1077	a8620acb2c142f5e79bbf856de3ec23a5f2961f792380c9ebc75daa22cead238
801	169	bc2c46f58be3275203534fa63ee86b664288cc3cc07167beb5308c79d8175b49
802	1169	0738452a34509d6400021c159a1efd6125d791e22ad16e15b1bf03d81693c0d6
803	9	4b9004514dd8bb5287b58e385ae3872bb9ee7c89e61c0c5fe1ab850fea565a57
804	39	8d2dd54d707ca77e6f0a91041f6992f222f8c6689240ef079d72b8293025749c
805	41	811568825be6d8dd0f607a8181da240bbcd49a47c2843ac9f80671f01191bfc3
806	63	974311e149c07ab47e3285589fd7ed4ad1bc7dc1ce6380ec429a787dacda625c
807	139	6ec748551e6b9e42bbc10f449c893f39f2d04affd39e2d7ed461d23751741ec4
808	178	d05bf508a8c4b0f8a6cf9dcebddd38633112c9989115a674d23b0c59d09bbde3
809	52	d6b7ea0a5a64f58cedb9b3fbe2dd951679c90b7c7f6cc43748abf44516c56323
810	83	365d0a920bb6ae432dc077caf3f27694a4e25f1fcf06c88897157cea1e36f6f6
811	99	16ca8e3b69ba100c1d8042f7e26185a0738e374d57bc05330a9d328b676d2d62
812	9	4b9004514dd8bb5287b58e385ae3872bb9ee7c89e61c0c5fe1ab850fea565a57
813	1	01ba4719c80b6fe911b091a7c05124b64eeece964e09c058ef8f9805daca546b
814	38	d237fcab1582e2c3b20f0249852a09b9686ff849f393e9c5f16dfe1eef7e3592
815	463	0c5193b274d05885300a74158ef5ad3c825f4dc01317a7d032935e3c97fa116c
816	265	fad8993a101461772ed848f9927e649262815b9094a7f70fbbf15f88dd2b17d6
817	90	d43ed5701bd8c79782dbffac88764186029aa605c6b5459d7d9f4e577e548b49
818	148	9729ddb0e719a2b57743ed9de34373f5d664d0b9085c4dcf83024b944821d21f
819	268	2c25af08396a782546894aee32cc29c9d306f4ae137a4a0a3a4d00fb442f27de
820	265	acb7dec32348e332c3bd2891a257c9777db40918c94d1ea0a7af01531a7ced9f
821	121	3e4b22b5cbf2f3ebb5cf3f40960bf8db1e28821bdb066fadc8e953dcd53be545
822	310	395c4e83dc3c62d99739b3c9228431fa42d9a29a4de307cf2c48416a75c27f75
823	400	803552ed580935111e0a82cb7bf34a7c457cc3d478569371b507004614b6a6b0
824	63	b9ad9f36b6f4ae8f2dfb230e85241e10d702f88a757ffd2a6244b270954d78fe
825	215	41055e2b926576cf5a459fd9a36de33808a8986be52c02cd104e7e008d44d5c4
826	139	ef08c815ed1c94d49339fa4153832f09cd5ca3d033239c4eeb2168f9cddb7768
827	113	5a0a3ce42cbf2dc9797e9b29759561d5b612de01962e99642c5c7f0520ab4641
828	132	9cffc4e305ec270cf29627716a7ce3080d7dfa13c7b337cb9cbf3f0c647b22a2
829	119	2845d177922866e782389c190ce520c7c76f2488ebc8496ab8a9c6ee2819544d
830	123	fef1cee242dbe20b52230fa978a718d5d2ffc1fbc4388b28ddf32509ef588f31
831	175	2016116fd75141b53a55cf6d76a21f2597a9db4a655a0cdb97f60cf2e7894a26
832	108	f185d82dd9373314d120f0e56df6f72471b5259caf358f58aa52cb5b9e32e9db
833	315	5986e6e09119e50e12452a9a280246896734f9af994abeb1dc01f1f707bd1bc6
834	9	4b9004514dd8bb5287b58e385ae3872bb9ee7c89e61c0c5fe1ab850fea565a57
835	1	01ba4719c80b6fe911b091a7c05124b64eeece964e09c058ef8f9805daca546b
836	40	9ba85b78fba404a206b9df7491d2198d0362e3dd3bdd086486c18c56cb9be396
837	106	06644980709f8fd2b8385d2ae73ee1651dce8e1f0b1ec1d6695446a01d7765de
838	45	6cf7aabf7057c0335d6a0fe72d20627da50645f96496e3c81b7a971bc8d6049d
839	85	5c6db37ae904fad8a81c0e16eef06261801fd208943c0b2fd07d33d89fed6281
840	255	563061b1c65135cb5afae37f1468a22b52665ec4961d4adc895c81f8f351aedb
841	51	fe3ce3a7fb20467841aeec6c27730841c1134ce69c272418147a42c2db8165f4
842	248	e01356eddbe4b7bc852be339143f2c28af44a71fae69a1c5ca4d0f17ae9545ab
843	65	f738f4e680a9e0eca42e7120e08553b9e464cec9d2bb105fcf7924e29426fb16
844	91	5b8d5d395f9decd687e440821f4363981723bce69be38d414d726c52dfbab7df
845	151	dfb6d039bc16483194fa91aa378830991c2e32025f3ee843e6d974b7657a5d1e
846	143	7f0750c6e3d5d79504e26b9bc74b5af30a31924c9d2d14de7c5ea80b71a93fb1
847	62	39da83b2cbc3ff869f95e208e26bf58a222c6e78837f0267886b1ba9f25636f2
848	62	ba5bc5f41193f46458aa7b7ced5530f87a6d4f3cd33afd9e2727c0002fa82001
849	118	462a37d1a770881ac0f61a4b63cc5f0f7446478098fc968239cf263af9830f29
850	196	b0e367c5eb81d245b266ff225e59e53dd48e270946986bf130db0885692eccb5
851	25	6b98b702586f635127778fe1e270471c9c706d5a0928011690fa115c471fc59e
852	68	278505ae07b77e04a4df7212ed8fd394a18e86f69ed8f600b95d0ea4b9b837c0
853	53	42680c64c6137fb4e6c1be9622e1aa34ef1d6bcb74341ce24dd145fee7cefaac
854	88	01ee288a6bf151b73868f5c945454d230dd2045b7ed0a973afbe30cc50cfd56b
855	82	f9848b89dcb12e6b4a52d5ade1f79f38e245cb41b6e5e99cccca215fc2368d2b
856	79	7b244e3aca890e47623b1fbe06a4f643dc2b1f1b97c714209d87c573239f6ef2
857	2	412ca345ccf75bf9c0806bce695be8de808b79984251a7a54d202cf6101dd451
858	14	5726e135cf893f2e9aa8f491d59fcf02e6c2a05370dd7be1667be4d85b2036e4
859	66	71a40855351a6d1dea1d34a17635984134256af5362516068c31790af00e1aaf
860	111	70c77b84310dcce3af35e04f869453fe8e83f2388dfe7a85424e11576c419c96
861	2	412ca345ccf75bf9c0806bce695be8de808b79984251a7a54d202cf6101dd451
862	9	4b9004514dd8bb5287b58e385ae3872bb9ee7c89e61c0c5fe1ab850fea565a57
863	141	e51310d755a13757f00673f3c471e2a4f69cff258f0d0d435222e8f8d4c4b5e7
864	8	0111c9f6a8a089a3333c607f148eeebc252128a69cd0a11e794f6eeec863ed32
865	7	53133afb78c655e14c02dab40716d8ab299bf9ddfdf84b42ec2ae2596e0d3b30
866	133	2884dab935bee942f27fc4a801633243e8e041e3d231a43675e28b2f88f9ebc6
867	874	efdf5047f52309f149149b2e36fc1f4122ad38ffe7764b56a475ba1b436ab765
868	59	a94e7c3c789f00f56477c6467de25bb9339b96b1a975d33f8b28a210c292c006
869	152	05372a5faf19795aeedb0dc591030f748126e5a19bf918beba6a075bc22055d5
870	69	7b0390ffd7c5eaf5286d8694714d5a3f421be0885edd7007a04604da373b8bc5
871	91	92d450cff9608faedbe262f913cc923fd1385f4a0115bc828de387276ffbe270
872	10	9c84794b05b6405775eb0b67864bf808ff47b250efefc7788f0a2fa78830eb4a
873	7	5eb51658c4ff035fecdeb4c269efb2d33a67ac9928a2a6c2d2d9a14630a0ec35
874	19	b6b05b2365af47eaf18cf655114c786ec75c572223a6bebcc7d1a017fc08ba7c
875	288	2d0a892acaafbea158ccd14c9c680bc17a21fc6fe45e0d7826f83f349c8fcf1d
876	72	753eece224e7e792c54ee6b554b4bec73d5e9b8324a242f68102aa94bc2667af
877	119	a1a1b5e515b6733b213e061c22b3249ef3aadfb7e2f1f72654b4dfe750dab7ca
878	66	984c7d7c88be37b58020983b974233daaeefb65036658bc55db991c8d400c3da
879	74	a8e159b6108fcde2ace1353fbb46d1275f3b00663c3933988fac173956bb9254
880	69	8f5a828c77f85551e6868f4a5152e886c4475d1185724835c0a4af4f00688b4e
881	72	8cdccc9c0a021119e3619fce663f81e57b04561e7b30aff5aac514ec699a6776
882	65	a969a7c7b5ee0e0e6a084313b59d06965c95d6c8aa998c1e0bef6307f98bd355
883	100	ab0ab490d09950e066bc0cf1e5a48433fd1ff4d1d29f7e98318bacf6b500db59
884	105	86e24eda7b62b21f1dc5002fc7927b2b19f3ada7f7d106ee1f8a8d3ca3a87799
885	110	8c51d2106ffe0980ffc1fd40eca9d51985b3498da9cdbb7cb28fca3e97f54526
886	109	65855beacb95d6d3e745db0915e0c0fb6255b2c27cedd64ffbaa53a2b6f924d4
887	72	90ecd4f9616e8c4922e96ac6b948da4fe3a138ebc9df686a7d78f84aa684fb7c
888	70	b90e537cc36e3e45bd8977594ec02bd0cf696055b6b620c81f76bb5c24fda177
889	77	07426fdf7ecaaef61fab81cbe667d134776b61f9cc3b793946774a0c660640d5
890	22	f68e9851576e9d90e9169fabb41d73808570a0959aaeed8ec0a7304864807071
891	20	e015c3fcad4459b39f31d7b3b1bf276773aa599088e8bf1387f1378051550643
892	45	56bdb014e574fb94503fc78a0f62bd0ce980a812120ab25df039e1bc46a137c9
893	37	9c314f302cb08c5b40b9a8afa64159ba8c19dab666542f55bd0dc70a73f21b11
894	86	7cccfbf1e09217bb3c146a1dc617bbdd4d4c1bf0c5c32825d902e03424985585
895	27	3fed394c2c23ee00b7ddd21c092a4827e7f609587e182cdcf11e0e7571b9d193
896	37	d9c3bc399faa9638e15d26c2273f5b00269e2fe5fd607ff6bbb20c5700851484
897	102	35b0dc22dce7c970407d0f755f30288c7a402c8d755d31f835ab96212a84921d
898	11	e056304b0eeabd88ad4cbdd60bdf46651ad857ad1e0104e42abff6b043ae8ea0
899	25	916d1313c2428e2c89ad38510c55e7c7010c617ca1b263b76977e35512ead36f
900	124	7bfe6d4c6eadc239f1c1976e094f98935881008fb581d546b34fdf97005d8e37
901	99	e1029a087fc519a80fd74a3ca45e6f1176fb25e37b2eea7b8b65a94125b67608
902	106	abe23a817568b2368ecd682ca70caa8ef1697fd24db3a220d558627830a3482a
903	130	9adedfa01ef2f34403fd3e770ee9bc83096e092856ea83d67967f23820a6007e
904	145	80f3cf2747c1f967115b69e3aa8f916100b6824b0121fcef170c8a071da9a7e2
905	154	f2b5b966465abfef8c2465fee708d9f3151425a35ff57894f69aa637ca0d8ab4
906	148	ec80575823a42a30aa3462c5f71a0875f974aa4ac8276d777639c6dc5308afab
907	107	357e8b489d11043d84637e1d09a2b038a3cbbaae439e7c5f1c96a0b79073953a
908	105	f66ee3af4e729965bbcca17a080f34ba5155853d36bd388277c6087fc61464a7
909	154	c83df38f46ed5a929d53fbc6febf2e21ad306154672997c5529b24838c8393d4
910	110	a176ea7242c67af8949fb36d7f5ccdbc7609911af96c5488678d9cd9f81a8543
911	11	682ad1aeafc313b3be3b166495aa75fca56f61d57f32be979ed4f74fac812be7
912	207	074ccc799423f33c288b21609ce4c233e2372088746db06c5ead324defac8dfb
913	11	0c7e81ccb7616841f4a6fcc868d7d5a74f2d05a00e4eb73c6e74b9fd1c1a656a
914	1	01ba4719c80b6fe911b091a7c05124b64eeece964e09c058ef8f9805daca546b
915	25	c13050f2cac92aac2c226d93bd715fca41f542dfb403d1fa746cf964f29b05fb
916	89	258387af36da68b2f4bfbf45e93b47c0f61b0ac0d400d816c7f2a0ab323ff7e0
917	118	bcf380078f40ce96c71a99e1c3f5b9a2410159248b6d34afcd522cc1c4f66a22
918	30	e5b93c6d896f594b998328b36d880fab41c54e5dfddbb746fe0db0811635f5c5
919	93	28e74cb7cceefbd4859d1dccca1d05957e1cbf78eacd12ce7b4e60ea7269fb0e
920	35	d1b7af284b2a1e0b1a660e44fcb511b66d6e99300cbfa22dc472eda5f0b275d7
921	230	0a54962234e0a1b5ebfea542d58b4f2a7fba766747e4d43ee596c3ea49f0760b
922	35	39b08264d7cd1981e0eede9014622cc4796121f6911328e3269e32d97faea80c
923	94	d06744beb208f33b2715d4fd5d9195643b07b8a1a070dba9dd3bc712b6a7a7bb
924	67	8eaac0866866ab81853b5fe24119a8dec5d7e088c09aee4bbad826264b581613
925	13	82f3cfd11da6150197aceed08406ac64b050340de7bc04124a4cb7efa671340b
926	15	e18566ec19366e4f80aa13110ba65b1f311b36866ce2c9612dd5448cab75cfa2
927	1	01ba4719c80b6fe911b091a7c05124b64eeece964e09c058ef8f9805daca546b
928	91	3b5d4fea9444351bf4f3093301342cb78be1ac87b9ebe1aba1139f66eb138b21
929	85	7480aa7a2acc0e6dac28cd8cfbc3a72840288a3dcda1d3efeffaaa93a855403e
930	266	73594e08692caef7bd49804dbb0cc60441ebe33524e90a6f368a26bb678f3f61
931	17	48a1a49b7439f60626eaf5558a45668783b227d8a3b567de583055ad1b2988d9
932	69	3ac5be731470305e15fb4078fed652165fe2071e21d1d4b959dc24ee54ecb377
933	260	a85a8ecb722cded457574659b87ce2ed9fd788f5b9260d9f1c7e0e31837892a8
934	17	48a1a49b7439f60626eaf5558a45668783b227d8a3b567de583055ad1b2988d9
935	68	6ee3accb15d6fc726584b30c7ad60a18a8de3a85e02b3cd55009a107129f572e
936	250	ba604a5c5192d56435f706d7f4de929bf9935ba2120325f5e433916f47463703
937	17	48a1a49b7439f60626eaf5558a45668783b227d8a3b567de583055ad1b2988d9
938	97	d3c97e553b487c9e67d7a6d204d8eda7adc5822c38ce5fa2935691097c9a1f52
939	256	cc58ccfee4afcfc5246ddf8930cbf771f17eb634d9ca6ed9ececf07aac62ca56
940	17	48a1a49b7439f60626eaf5558a45668783b227d8a3b567de583055ad1b2988d9
941	15	e18566ec19366e4f80aa13110ba65b1f311b36866ce2c9612dd5448cab75cfa2
942	1	01ba4719c80b6fe911b091a7c05124b64eeece964e09c058ef8f9805daca546b
943	37	2c7fa3253a58eca4d72f8f59bbcb0072f2e2d29b21714505c5243416326cabf4
944	100	a15d8ee139a3a09cac3d579bd11d116bbb2abd97827727fc2c0d05740efae698
945	75	5b028ac6d29b968c2d629d480116da356f4853d634bc47a4154f5cab87f88936
946	103	e92ead7a3e2eab4aaaf60e230a1a1f4bfda1a6be1ac370616d7024f02a4363aa
947	99	d11d4a6e09104189a9996ff1a688d489d630eb11b53908736637d2e6ca043926
948	15	e18566ec19366e4f80aa13110ba65b1f311b36866ce2c9612dd5448cab75cfa2
949	10	72c76bdad5e1b37d9946533281ca45dbf8c511e45494ed018f46607efb12a377
950	7	5eb51658c4ff035fecdeb4c269efb2d33a67ac9928a2a6c2d2d9a14630a0ec35
951	11	bfd2b93f9309235e0aa5483d5953ccf3ea8154e83c79f0f69c07939f01a2b73b
952	768	9f33ffdb4713891489d1fd2d13c3bfdbfd1ba34a34a8e5e1359939c4eb7bdc11
953	1407	8009950a86fbe53a2d0a50a8b64eb5bcba478986922d8c9bd7480043ab6c03f0
954	867	418425e6f230531defc687ecaa9854bc4d89126d79aa906683632ad7dff1364d
955	1154	f27850276c7a84cde5ce6c7fa7fc6950e4366a0e1079ccd72b472234a9328393
956	1623	f5dc017855cd04605af8c4058828d5a94d276654297fd8c46d967b742a098437
957	4083	29e27c6e8eefbbe155d84704cd1e7fc1322c0ac9d078ea222963cb931c62bcaf
958	42	c3922ea99df37a017e2cc040fed1db215135e8729bfdb0256a306adf3c7698ce
959	24	c1420a006176ac1d901ec0303565faec2b4cfac7726a137b5bdb8338a91d540d
960	225	a4138a507055e6333811bace88ac268e22b274064294451c1fe33830325fb461
961	27	8615a98ec73e0929be8ee7842177409db2997933b7569872c0fd24dd0deca586
962	81	e1e0908faaeb10ecb3d1cb9ade36d20c667248bcef8f912f74bf129554c9ed08
963	82	ea8815b76a6ba21ab8ea3aa0ca00dd74c53d58e78f0dce0d345afe265adfd27b
964	47	a89ccfc45a064e223222a628287c904ec80774eb90ff26d95e43753761a85cf6
965	72	90170d477209358061c64110941aeb750668074fc40e6b2b9849d754ed39ec15
966	81	af710f431cf33ad97d7bcb484654e78722345fe02cf98855c09bc303b611a781
967	60	657d6ae0806a959c3e7374e6afb7bad2938382bf61fc5591032f901768de2464
968	81	55503ee67431d478600c3163c8521b83e2bdbfbf6b759d2520d375e1279b6b02
969	61	cee7b052cd8ccfba0d43cd1f03c9b4d616705c1b4310c09a6e224e1e786dfbbe
970	10	7dcd27f541a0f2820206bbd932466ce10ef6243abb7a3d0149ef50844165a8af
971	7	5eb51658c4ff035fecdeb4c269efb2d33a67ac9928a2a6c2d2d9a14630a0ec35
972	26	7c4f7fb485a9d9533f4c96b9f6dc920f5ba3b91d5754b4e14028ba018654d8be
973	71	db69167fbf1b44c4fe423aff7c825ee27a3b1fcfaed49c14996730e85bd5f69f
974	72	46f2111e13c9d6d2bea2ef91a4c50a71deae7b80566e980f50a58bb9e6a95ad8
975	67	a80f04f135623e9d5d1bc659b038d3cfa647aa4570fbfa1541eb97c87952ed89
976	67	583b24efe69de369a433e4fb9616966eed4a0aa9eec95afaacc8390ad9d54225
977	57	383f35b9b50e6c2ac12055eeea2a19c6ab8c1024502ac561998753b385fe704c
978	10	7dcd27f541a0f2820206bbd932466ce10ef6243abb7a3d0149ef50844165a8af
979	72	ddcddbfab9eceaa6d1132139a0ffde8c25d0b36cd32f30abff02cd2ff69d1346
980	42	0dbf6a0bbe68a157308a6ba319c197941889697135ea24c4930fd013f4221b91
981	54	d5b54061bb74544dfa005d7fa9a45eac0cc2ce63152cd1f5d009f30ba610b565
982	42	d28301b1bda468068b48cda43805861205558a39da832c5abcfdf6fd5a020ddc
983	42	dae8e10d8dfd1652ce447d76dd0c4f142471a74ca8a3e57cb57ef690b1d6d8d4
984	10	7dcd27f541a0f2820206bbd932466ce10ef6243abb7a3d0149ef50844165a8af
985	71	e99f386f5a3ddb83b253d8d561e68a8076addff5460b41944ae2bc8fc547f94f
986	76	6ad4223b4731ea849b637da11b79d8f3fa755c9e789ab4aede3d7c5405cf991a
987	58	5159fb4815b72e5c66ba13e5787ae5f7a3980fd76ceebf9d51a41de2802179b4
988	62	4c3393098b815787a05c721216634b57a8fd7bc585afd2661d885cd48d0de538
989	10	7dcd27f541a0f2820206bbd932466ce10ef6243abb7a3d0149ef50844165a8af
990	172	e3136c26ff95011d641b427b4210ae23af89893e4a12efceeaedb110e5009b38
991	99	31ed8e5b1d268be8e162039f64567a91509380d1e3b7130ecd8bae7e7e441596
992	89	2b6412cccf1224545994959c775bae470d91455ce2c85e633b8e50c40ceea941
993	64	5b00fbe15213d43c2e2437da79ce93c3d5bd4346c8c75ed248a64c37b2299287
994	10	7dcd27f541a0f2820206bbd932466ce10ef6243abb7a3d0149ef50844165a8af
995	7	5eb51658c4ff035fecdeb4c269efb2d33a67ac9928a2a6c2d2d9a14630a0ec35
996	51	18646f6dafdf3bec472d93d5e2aadb8d0dc85082bdd5f55627b22c0d541f22a3
997	103	6afa696dc6d79c0c82ca689b88f8e11fdd1507f719e565d0ea628ef9d7dce92e
998	263	f90e4bb6e7848cdc86ce3dfa015c529027ab4e51d36e3fdfdd2e25cdeb07cc3b
999	267	707c842c9d5309e37e4b12fcb54b014bb936a52d3efe9f595810556d9d98cfdf
1000	263	a4f6634962e8031a968c604689116079c9b8a1eed0da55ca0956256a9f612214
1001	260	0184d50ef58df06eac5806a40174276418359e060326fc636d8a9a3004f7de3f
1002	252	185d9490d0896f50851856619337585b4b2ba8c219b66a118f655fffbf4c9c31
1003	270	5e0888fa6505177a30948ab5b814ca5254ff10fb250454f3ffa0f60b19ca631a
1004	251	9ba4d15818032a92097193e86d22f2c0a3e4c6aa73c05a974175d132070970f3
1005	250	f84ec3ee97aeebd1923d5eeb82c5d81a27537da96383f5b8123932cfa9040c78
1006	266	cbe4c914550ca1a214f4e83fc99f2bc8a1bd3e2d558e4e418fd8c01192bb413b
1007	7	5eb51658c4ff035fecdeb4c269efb2d33a67ac9928a2a6c2d2d9a14630a0ec35
1008	35	25f2917e7338d03d25274e8716b35768ceaec56b6c582d21c80f4c2eb73675da
1009	34	dab87c6bfa2527c35cc7a810dd40873bdd1061e87500173f79d49a5b2243fc94
1010	244	c1a50671aa9cded105e4e42f9f895f7d6e17378efc841341a11875c9119a082e
1011	7	5eb51658c4ff035fecdeb4c269efb2d33a67ac9928a2a6c2d2d9a14630a0ec35
1012	707	5b169f17981e1fff82747fc60dfe3eebc2ead75b8dacfaf8ed5bcd9d775a0bf8
1013	34	1988030ac3561a261f40b308b4701e2a1ab0619c53727ae0dbe007bbfa39a036
1014	95	0df918564c09400fafb8f9f2aac9f7a98832b5818c0d1aac8696684c93fb993b
1015	128	68592158a1cd70d63516b7e86717cc4baea686d623f2c75d1f92b42bd2309b94
1016	7	5eb51658c4ff035fecdeb4c269efb2d33a67ac9928a2a6c2d2d9a14630a0ec35
1017	102	6767b1b94b145334e7042794080609c46190f5dbf4214d241f72c352e1a62e04
1018	88	6fb2a3a716df50a21008203b9c19c999510f1861ac26781c65c817f37c7d2a2a
1019	1439	bf6f585637f4f7c144f9728457059af5a13fac959c4eeefbc0cc8e08d286b88f
1020	104	ec7d775813a0cfb074b72abe6c96ea2c19d1ceaa4fdc7dc60a73290943a7eb8a
1021	90	b866e052fa7a5b44460d61283b304471807ebd6c051d305b206aed65429d8a68
1022	94	9b63fcc20a5509e10009e7af4c2ad8c78c7d5971436675303f535195dc09b823
1023	7	5eb51658c4ff035fecdeb4c269efb2d33a67ac9928a2a6c2d2d9a14630a0ec35
1024	7	5eb51658c4ff035fecdeb4c269efb2d33a67ac9928a2a6c2d2d9a14630a0ec35
1025	94	742f09658d8dea9c9af85d7d88b08d8f6607817d2d1e298f0a1269d3c55d32cd
1026	59	d438d57fd8dc2b270f0edf68d1de30c7f3ffd7e42651f52912357f8a180dfb9d
1027	245	e32c0d087a79b1b0666dcb7f971af0e850a07250e492413d3bc1cd4eec4fbac1
1028	32	73dda872dd7b7326c7582324cdfc4dda1cfdb7d41704440b4cf12b568a9628f4
1029	259	6c5e2c0cf739787e83a1a826c1e2411dd96977aac94c2b46ff32dc963e261077
1030	118	1ca9683263c578ad80e940d85e5261b0782a90a49a380a89d2d66e41ef6d35cf
1031	105	bcb0c0634d8ed6cc93df2cb6c6e70de0d808fcfb7b313b7448f818cd40299ea2
1032	108	5a91b1e771344825625f69c1408f4cd0505f086e4161c67412434fecd042d62d
1033	7	5eb51658c4ff035fecdeb4c269efb2d33a67ac9928a2a6c2d2d9a14630a0ec35
1034	186	8fac483345aeeb36b6b0e2b5ce3587c655f14a79e339a7b2da8312964c67f7af
1035	85	668a19a3f1c39097d6ae8c92dba8de3e999886510affda26709c041d617bca4b
1036	33	eec25c321512563a23eb4c303c80ecec558ec715f2cb91a5ada0ddc7209c7b1c
1037	78	a266d30ec3a6986816ee0d1b4b8b2f1e26f702066e8e91e6e2bbd32018d138d7
1038	79	e4747f52f6d41866915a309bcbde2a24aeaf2013e5cce643f3d60506d5c70aa6
1039	7	5eb51658c4ff035fecdeb4c269efb2d33a67ac9928a2a6c2d2d9a14630a0ec35
1040	40	e9d45c422c7f2eda7bbbf1127efc2fe2d3ab2704b0d0c0bc5f887419dbfd144e
1041	68	808ba3b89c8bb15b20cf8cef2d3778aafbe9afe858cce6f2c0ffb22ab3d3f478
1042	63	80877df619938fee9692e006eb8cee96ae0d8bf32439dcfae291ab5ff664c1f9
1043	68	05fb6d8c2b8be0864b3177c1dfedb1148dfd8ce9637fe1c1b99e5914194c6c2c
1044	7	5eb51658c4ff035fecdeb4c269efb2d33a67ac9928a2a6c2d2d9a14630a0ec35
1045	7	5eb51658c4ff035fecdeb4c269efb2d33a67ac9928a2a6c2d2d9a14630a0ec35
1046	71	f782f709f61c36516a940577d30fcf297d90579c37c5cde9621ac4cc6bc42fb6
1047	34	f488ee47a19a2bfe266fe3f825561c8a4e3062916b7fda5c6ce4d9ec0826eaa9
1048	42	31d487fb880313c27d1d82533826cd8263faecafa910c0126f6e14d5df5b9a0e
1049	38	5b0b88fab71ecd2714af541e5a13f80f5bfb485ef388a390dba8b07b2aa1b1c8
1050	7	5eb51658c4ff035fecdeb4c269efb2d33a67ac9928a2a6c2d2d9a14630a0ec35
1051	62	2899eff600e4522f5b2e5b764ba09c1302dfe95453f2edff4279960018ff32a3
1052	7	5eb51658c4ff035fecdeb4c269efb2d33a67ac9928a2a6c2d2d9a14630a0ec35
1053	76	f0b93968e16af7ea9c3149bd8d70081b714ff27f9757adf3284e05ff4a1c62e0
1054	94	a4661e4398a72a1b823d673d62c7674fcc67cda9bcd321f9294a63872e62267e
1055	86	0bda5907f0409f9819c743e255251c19e5e63b0cbb4cafea2a32f4322db788ba
1056	96	c0032173dc8387cf258aa18a40e5927fcd880940ded24c340a1823065072208a
1057	116	1bc7ae7f8f8adccc4f146549fdd9fc445056f3fdf72e7d5103e668676d226730
1058	112	d23b3fb86668d8f93063a0869e53fc9336e1672de7e99fe23028bdd6d6251034
1059	103	9efbd5051680bc1ec901a94b3fe74d4182dd6d0cf87b361957f43eab1e359d9f
1060	7	5eb51658c4ff035fecdeb4c269efb2d33a67ac9928a2a6c2d2d9a14630a0ec35
1061	7	5eb51658c4ff035fecdeb4c269efb2d33a67ac9928a2a6c2d2d9a14630a0ec35
1062	49	b01946a63a79dd2bd58d5f34ef4e2ab3b7fc5337549b8a618c90771c01d11f84
1063	55	9bbf01f99545877cf875127b42a02f864b910dfccae18408355fc5425617fe8e
1064	92	ff99958a1b287654b746265346c961b658d26b4bc3a965785b1a194fc876ed41
1065	32	befb6e100453b277782095c103a7645f0d32435f60d8aec0b43b25296c784d3a
1066	698	ed70635a59ac7f8e9a854b66fa7fbdcf5c5b1a39d2db4431f4db8d161cfbb965
1067	7	5eb51658c4ff035fecdeb4c269efb2d33a67ac9928a2a6c2d2d9a14630a0ec35
1068	100	6a2ed9d3854e8456479cb658ec994c920534112f2ee96cabe20090a0dd5bd9cf
1069	33	ba5f9dfe84ded91335f8d57027e4309c1a60524b521912cba459008941e4f23d
1070	59	866a42eaed1c9995ee3234b6bf286a157793a4eb79feb7e2e490279788f99366
1071	68	698771059d5d24a9c27e1ad7f07d9388646c073bdac2cad47a746699145217d3
1072	7	5eb51658c4ff035fecdeb4c269efb2d33a67ac9928a2a6c2d2d9a14630a0ec35
1073	37	3f2eadddc8a8147fb29e09d308315e6a36ba0adc49a790be9b570c6bf4ed366b
1074	117	680e8a6e609a3c98e939d0a0ac9f0fd55b777c36a226e246f6cae92b79d8e0fb
1075	72	9317173dd55a114ef2db21a658f5e1cc392b14ec9413cc143338e4370281ed89
1076	49	db578f884ba10fff6a666ecae8b76856f8575556e1c605a2dcbbbf4c28d06d1f
1077	53	5d269d8635435d2c713d80bc59c02d3ebaf1581f77ed5d0cad2b713ce7ef8b23
1078	48	c80c4bb0db417d18a737c5874a01fcc7e7d988900311a90d96c6e8dc065edb66
1079	71	cdf24ecc14fb642fe88eceb173c9a8ce4e0738c2fed5fa2a603add51b30b886b
1080	56	2f8c357cd4c450ed0d62b9d515ca8687020706b18ff9a5ec1d459f0132a039ff
1081	10	7dcd27f541a0f2820206bbd932466ce10ef6243abb7a3d0149ef50844165a8af
1082	7	5eb51658c4ff035fecdeb4c269efb2d33a67ac9928a2a6c2d2d9a14630a0ec35
1083	65	db47a64dbf38ed8bb1ba38cebd157a5ba44e7997d9aa1b87aeba4d4645817fd4
1084	54	24820f1b0291ec1767538dabc56f1b4d088513b4c8708347e8a7499b193516ab
1085	138	412166c28f9bb0d399be0b0527941729be3cf03b78f85607b7b853d7dde351b4
1086	35	24a165605029fda293926cc34b5866ea1a33acb8766009989ac20e7d7b065c51
1087	97	7a65908b58916d42bd9d6e6f40d0ff0f3adc164820eae28e53d161f857288d61
1088	118	91bf798b418d9e315e3ee4626a7f67878b7ea32ae26d025759d71324b4a7c766
1089	106	a4ae01b803e400c5ea8cfbbd8638c2ef13732840cc0ccfa4c8a9ec2e2f9f6e50
1090	120	f19972586ca3fa0c1059aed7731044aa69f3203e045f7bd38ebdabb2b944863b
1091	120	770da8125020c644f3250c28737d6ca6830d2d0e0b66c26b77457a7d0ca48d51
1092	105	3d4dc21e7a67d6ee52ffccd955b7b9fa71d9ee7dd9697a825eaf9492ac98f24e
1093	113	91c0a1b0cd7f4a2390a5f4124b3b9eca8ef0bbbc49aeb37cf5f914cf8c2c3eae
1094	112	4321e64f82e9020c8ada95c90c993e7f8631feafe9bc88f6f6536ac128fe081c
1095	7	5eb51658c4ff035fecdeb4c269efb2d33a67ac9928a2a6c2d2d9a14630a0ec35
1096	37	8503b8cb9ab87796d88610a6e5f21e8a47f3bd16696160ed6934089104b81fd4
1097	110	7a9f3c2fbd8a59792c4659d7c05cea6fd77155688870e1d8e9310a607fc39f36
1098	88	f90c2b5240a5486de7d476f0ad5ecd11a245d1d0e1105bfe3367bdecdc7af510
1099	80	54a6207788a5059313ef9ace2f10f74d374708894945960b5205fc164d4c02ba
1100	88	45cbd978b8ce262dd1d75283a4bf26e4718b2527d12ca30c4b92d2d135b8c3ab
1101	74	2a9e4c7e057ec30cc76b706eef5504c99e1cbe5ba4f83b4a03bd5e9499ca86a2
1102	93	a27dc13b028f5dd523b6347b24fbbd232f48a6add7085035ee76497b0b4d0dcb
1103	7	5eb51658c4ff035fecdeb4c269efb2d33a67ac9928a2a6c2d2d9a14630a0ec35
1104	7	5eb51658c4ff035fecdeb4c269efb2d33a67ac9928a2a6c2d2d9a14630a0ec35
1105	67	80dba64f96fce916db6d84e7677c988b880ea03822bd0d825ca56dff40d84328
1106	236	bb785809c7d1d042e7c6396d607d553f6afc0e617a67b3faa8d411b96ed556bd
1107	7	5eb51658c4ff035fecdeb4c269efb2d33a67ac9928a2a6c2d2d9a14630a0ec35
1108	1005	5251dfd2bf3ba59eab4430fffb9932b9bef34d30e88b74cebd36f68a136e2af6
1109	988	49cd328d75904c56f930d8af4ae39a69e65ca8ccdfa59356636c4d1a429c52da
1110	7	5eb51658c4ff035fecdeb4c269efb2d33a67ac9928a2a6c2d2d9a14630a0ec35
1111	11	bfd2b93f9309235e0aa5483d5953ccf3ea8154e83c79f0f69c07939f01a2b73b
1112	11	bfd2b93f9309235e0aa5483d5953ccf3ea8154e83c79f0f69c07939f01a2b73b
1113	4315	12052e0f993883ab889a852a5474814c5956d136be2c5342bf30c30f7e8317a8
1114	25	316c3afa4f18692e588bd26a4e51181f625a702e55693895504b644f634db956
1115	42	1aabbac1e2bb9edd02bcefc58e42d47fd68c229dfd77f42d39308839021b121c
1116	53	3d7d9f1d011ffd79b6f9c0a8f2ba52d6eef3391bcae65d6664178f83ef1cf7de
1117	79	171e9f338bf5827d9411da0f0789c2f62642a08751ffe2cfe51661e64f9e4950
1118	67	583b24efe69de369a433e4fb9616966eed4a0aa9eec95afaacc8390ad9d54225
1119	50	033151dfab12dff642fa659e97775bcba4642cb6f194576b41de4f9c4eeb650c
1120	10	7dcd27f541a0f2820206bbd932466ce10ef6243abb7a3d0149ef50844165a8af
1121	43	4ad3ebd3f2b4f1a7e43f0d817c21ec827453c935e4490ffe7fa4dace47437bcf
1122	54	d5b54061bb74544dfa005d7fa9a45eac0cc2ce63152cd1f5d009f30ba610b565
1123	42	d28301b1bda468068b48cda43805861205558a39da832c5abcfdf6fd5a020ddc
1124	42	2b058b19773e580d960299ce6ca8f225102baabe66861cd8fd841e35640307f2
1125	42	4841440c902ffe64fc85d9b305625e1c968649893877c9c38407a149485b43d0
1126	10	7dcd27f541a0f2820206bbd932466ce10ef6243abb7a3d0149ef50844165a8af
1127	42	67ba20255e9f4f4089bf6b59f844e862fcdeb35d36c694ea563378446cc3c788
1128	42	4941b58ecc98628dd2d5572eeffbbe1e28cc4d8671c0c4ecb632311c2833f949
1129	56	9b493cbce47685c6efa2d53795d681f03112a9032849e74a078690fea922184d
1130	42	1aa2734a7f55ea00ce2a0aab5d6cd03c9407da7901a93dfcdaed58754637bd74
1131	10	7dcd27f541a0f2820206bbd932466ce10ef6243abb7a3d0149ef50844165a8af
1132	7	5eb51658c4ff035fecdeb4c269efb2d33a67ac9928a2a6c2d2d9a14630a0ec35
1133	1191	7cd88dd8925696de2532a02d6a3886665c25f9244cd98b5d38aeb5ba1840c291
1134	4547	66d00f0feda2b9d71583264694c209e87756b513ac7254ce802e952395179dfe
1135	41	02c3675b20fbc6651fee97e2a3372d358021eaf549b032055a3fa78ff452defb
1136	24	c1420a006176ac1d901ec0303565faec2b4cfac7726a137b5bdb8338a91d540d
1137	31	8a6c8c1da419f51f71866873e3a2ed39a16e2e76348b9cf533627ba19f7f7d06
1138	32	89427528249409329b332689216eaa1d2fe7c46123acfd4cc3832a62520c6685
1139	32	df252d7ea8706c9156b4f05b27a30f3a4082d1c2208f29b537105de87e880e8b
1140	6	cd9f9d92006d59f5aaed845d504a151320b9db0dfb3aaa722aa69865412f61f4
1141	101	96e4c1d1c586f28f116a6060b4a2106c97ad70fb3b586cde969b827cb14aab2a
1142	48	fe7af351b0877eea737c09cf45126ef43a70d57b133d6a4d5bce59df0efd28bf
1143	172	323add8e2fe5abb69561ce8f67f84367f43bbb1c191334aeb6270254a06c02ba
1144	7	5eb51658c4ff035fecdeb4c269efb2d33a67ac9928a2a6c2d2d9a14630a0ec35
1145	84	3b81504e06150f875d7dd3109a5658ea7d2b3b947d511638d9c44e8da099fc5a
1146	7	5eb51658c4ff035fecdeb4c269efb2d33a67ac9928a2a6c2d2d9a14630a0ec35
1147	28	6141fb792392c9e9360cf40bf3e782a8e426c9304d61a20fc66db35045405fb0
1148	147	336a5f3018b3e1c72f34ca1746054e27a41a9543f66216299ddb82795bc6d495
1149	50	03c4c00e92fcfa0050a8e48fda1301a06da389760230b7c29a34450581d298ff
1150	73	f56f8f6d6cbb448343408cf6e5b586b76728b5586da7372a69d4f64061267605
1151	246	2eef77125f878b9aa38a06c90dbc07a847d5aecf69ff9985867a2c121b47bd57
1152	10	7dcd27f541a0f2820206bbd932466ce10ef6243abb7a3d0149ef50844165a8af
1153	55	3e432200efdba45e25993c96b0d726b07ebf35e566c749ea5c6518e363aa1389
1154	187	85be744c12c5b4cbbaa1c545b879a0ce57989edc4e3db84e54ace061db17102d
1155	7	5eb51658c4ff035fecdeb4c269efb2d33a67ac9928a2a6c2d2d9a14630a0ec35
1156	29	0e736b335eb1ec090f859983c40480716ac4de1ba1757ac0dcf0f6a4f267e1f4
1157	73	cfab2ec096e875b656d10c0c96518222f30f6569744310ec965aab07bd22870c
1158	280	f45b44bbc973382948cf184d4e2bffef9a2393019c8de12f8469265acd99b242
1159	10	7dcd27f541a0f2820206bbd932466ce10ef6243abb7a3d0149ef50844165a8af
1160	89	caae2d8ff5adeca4a52b7ec52e580cfdbfaed965627375c20dac69167d71e786
1161	89	3b33aa7b0f239d54e63a9652f32dfca0d8baaaf7183c836aa8828740e8d03e09
1162	103	923e662272625138ccb7dc3d7110995d24849c958da98acc2539833d764ce2ee
1163	7	5eb51658c4ff035fecdeb4c269efb2d33a67ac9928a2a6c2d2d9a14630a0ec35
1164	29	584af932f89e1ce94513047129d3a79a700038c98465d53654b7d4dd632cd672
1165	101	896f6a14e4a2487816c440e2cab8af5ac1da565d9cd2955555ea485d2d13b0d9
1166	100	581d630c2c6e6080b680d746fb6739ceda1798506b0637268fd099e8e1ba9daa
1167	100	16eb8541c78c9df37c77260ed866cec74902f49a28a1628da6efca6a8783eed0
1168	80	ec7609b2279613afaeecad7cfe574b4201ccf4583482adaec039677f649478ca
1169	82	78902724c7a879b9851b3037cd82ffadb68dd1e7118d3b5cd08c82a4ccd26186
1170	89	e230bf445776d03ac6b164c8b182f7d5c57af91812ea57f0a8961d0bc1374dd7
1171	7	5eb51658c4ff035fecdeb4c269efb2d33a67ac9928a2a6c2d2d9a14630a0ec35
1172	7	5eb51658c4ff035fecdeb4c269efb2d33a67ac9928a2a6c2d2d9a14630a0ec35
1173	32	89427528249409329b332689216eaa1d2fe7c46123acfd4cc3832a62520c6685
1174	108	b28e061c0af9fc8decadacd7354fb3a14e4c970926fdcf5bc897c66f445c3333
1175	101	8c9340119e704d48fe1a15370105b3a6f981ad25d4a9904bae477c5473df69a9
1176	27	43594a11d2bf0893b1e4008ee09ffe1cfdb1f68ed4a30da15f83f091b3b25e87
1177	91	839c24fb5947ca1364cc9bd971576666637fdcf6cfd55e1802e139fae147324b
1178	92	3c0f2100d0a78c919072cf237a83fdc4d5417468ec7dd1133b344f1ae685cfa1
1179	98	174083c7c07270c42961c7722c7402cd789661fec0cf1c140c47c26479a0b7d7
1180	98	e1f20a098365f7629682b8dad4ba00cd8fc03d7685b42da085eb634d0848a16f
1181	95	315aa725985c972e4cbe38b4517861bb7900de47eaf4fa4869b8d319c4c7ebb1
1182	85	a011933e2494af065b3e5abe5cdb85504ba0961013e34f9575577f1bf6b7a4df
1183	94	8de5f17a688679b80387528b0e19533d7e27aa2ca6b37fff51e1d9967820094b
1184	95	b45cb077598d381066729f09bd28a6a4168de058f6620e04872a69c115f43770
1185	106	9e58e4cab2adbd82466fe5b40cb43252d1cd651583afcbf5a3e0ce76943dda5b
1186	92	7d299bb01352b9c9bf35f59046a71588ab2176027559f5d35674b5da2dcad1e5
1187	101	d4ddeb65ca9b3bb08c89ca1b6d04c0f4de689f602ec447eb159097fd2c139678
1188	94	ba9e7c4d98d9c67bc0b70be00e18c95a1a8acf740c7a28e28f0491633df4e0bb
1189	7	5eb51658c4ff035fecdeb4c269efb2d33a67ac9928a2a6c2d2d9a14630a0ec35
1190	145	3822507400ac05d48e84eed7e56ac36174fdb301767fb75b53811e420b1b353e
1191	7	5eb51658c4ff035fecdeb4c269efb2d33a67ac9928a2a6c2d2d9a14630a0ec35
1192	7	5eb51658c4ff035fecdeb4c269efb2d33a67ac9928a2a6c2d2d9a14630a0ec35
1193	29	af2cb5c1777c6dc008fed1e1ca64d6de00657f74f72fb4012296540b248690cf
1194	31	8e84c45bb8d800a52e73dc77f459d89404518d492eac16ccb7461054337e9509
1195	112	9de33e1791a756da1d029889387027f970911bdc3469f131e9b42fce8a4f92a3
1196	109	6cd41c0f84b43743c88f226b480ea256d6a1488bde3b28f88cc6a8134e38070f
1197	110	d84f0c19ba157321485236c3c7819be07801930f98089d11b9bc4fec3a679602
1198	117	e788b17b9e066584267cf7b9f86a782a1a29d30bf32ecaafa6a62e0113b11893
1199	7	5eb51658c4ff035fecdeb4c269efb2d33a67ac9928a2a6c2d2d9a14630a0ec35
1200	29	149094690c2a23eec2f11dfe21eb6a3cc48fdd0d6a0bd4352a4e3a3d2b4f9b9d
1201	43	5f55ad8472d4c8cafe262ef8698a921fdf7147cf90f8cfe8d6757ebb08cabfff
1202	61	9353fbaa4bc3e14f1206a63e89d2cff2d200be9fee535855491ee597dfcc80aa
1203	7	5eb51658c4ff035fecdeb4c269efb2d33a67ac9928a2a6c2d2d9a14630a0ec35
1204	7	5eb51658c4ff035fecdeb4c269efb2d33a67ac9928a2a6c2d2d9a14630a0ec35
1205	25	3133574f3a5b01e21416cce50e0cd0672ed0505915b89b1cfbb009404280678e
1206	6	cd9f9d92006d59f5aaed845d504a151320b9db0dfb3aaa722aa69865412f61f4
1207	58	79092898171b029eecf96d46dc1006c801ff44e458ea4f6a9b99dba3cc9c2739
1208	236	eaa9761617310a6e391ad88f3106aed0ee3e07b6ac2a990014daa8682de97214
1209	7	5eb51658c4ff035fecdeb4c269efb2d33a67ac9928a2a6c2d2d9a14630a0ec35
1210	34	9b63532d64863262881bd623f4b662fdc57012c4ab466bc78a45207132d7b3e8
1211	169	9b15df1c54ba402c815c453534650c4cd6644d7615df9291245e2b15e7ef1d90
1212	182	8171882938206c51418dddb822f5f71af89f869ec6c085527d6f0890bc0087aa
1213	34	79d91b9abae1db96f3454b70b573bbaedf3e78b975298143765a4e738c5b0441
1214	9	8507c37ed31ccd41bc36beacbb98b8837a4a3b6efee56b1900305686424941d9
1215	7	5eb51658c4ff035fecdeb4c269efb2d33a67ac9928a2a6c2d2d9a14630a0ec35
1216	30	782dfd46410a7bb7a6ca7bf3a57544a7e5a130bf194f53c23e28c5fb4ce40af8
1217	417	8db966b01e6cbe40bcc88843ec075290388da77f6fa93e89fe6b4b62a6cd7064
1218	11	e056304b0eeabd88ad4cbdd60bdf46651ad857ad1e0104e42abff6b043ae8ea0
1219	11	bfd2b93f9309235e0aa5483d5953ccf3ea8154e83c79f0f69c07939f01a2b73b
1220	11	bfd2b93f9309235e0aa5483d5953ccf3ea8154e83c79f0f69c07939f01a2b73b
1221	39	748d1c53cd5ec93225f954b45af7d6ae5103ccfa249a97a0e6ad5773f858926d
1222	24	c1420a006176ac1d901ec0303565faec2b4cfac7726a137b5bdb8338a91d540d
1223	29	c389c56ab5abe5bc308946f93f7937c858ebd94f95722ff2b7ced19449eaf2c6
1224	31	9cb31c8901397883394814bb05d1d7ee7390af05bd4457331689bca69af2e36e
1225	260	d0d29bf27633f359af89294893fbb22a17693bb80d2dd3b87b4f5e82f776abd5
1226	88	0a68afedf590a61a1b60f133a5a961bfee68a45fd4af4a5f73f1f225f65fb536
1227	7	5eb51658c4ff035fecdeb4c269efb2d33a67ac9928a2a6c2d2d9a14630a0ec35
1228	30	217fcede11babaac78e93b42ce8afbc302c5b8320fe7178f0c50170f78efdbda
1229	110	4e2f86e91d93710c1eabbbfcae1dcae76122e61ee081aa645af7c27bd23e6bb1
1230	114	6f04952801b9e11683db8e375110a8250eb8fda0ab1e2fc97eeace4a0f026661
1231	115	93fc6ea24cffc75c6162ef307fcd64a9a5e44395ee476da64f9ab994204888eb
1232	138	07d909466eda007405a97855b5a6eb6912f8eb7fd3b80e156e2864b5627a7d05
1233	7	5eb51658c4ff035fecdeb4c269efb2d33a67ac9928a2a6c2d2d9a14630a0ec35
1234	32	e0576a86dde345844ee46fcc11430903a872dd4533c20290c6a318cf080561c4
1235	113	f9d102b3fe7ca0a0bdb204b82acf7e97bd8de21caa30d1ed22936d3411d68c6d
1236	101	ec97f3e5e5dc63d495cf1c9f9ac84e330a271cdbc70ba2e01cfa748193fdb4f0
1237	90	4e6b2da0ffa957b61002d3a3572495151737244101d637aa6a256ae8f5e799e9
1238	90	9f8fda773bb4f8214a3a587a061955dd325ecc94bef32ce42423a0c2fcfe0195
1239	82	85b68ec1badb736ef5761556edde8a310362d5eaaaee11f54b195046b98f47ba
1240	7	5eb51658c4ff035fecdeb4c269efb2d33a67ac9928a2a6c2d2d9a14630a0ec35
1241	104	336c4e07734aa5d3f556d4f016bdd48d900a69bca4cc335673c6243056ac9453
1242	119	0bf3cc2ef7be7bed98a4379f82b8a848174f5a5c21569c6b117f643952e30ed5
1243	7	5eb51658c4ff035fecdeb4c269efb2d33a67ac9928a2a6c2d2d9a14630a0ec35
1244	29	d505cee960a2fc2eba9740e5b724c26b17da4b9c2ca9dca5d38ca78cf505aece
1245	32	9d14a1954b54a9a7e382bd6dfd066fe733fa0fcb90e9b001afeec8e240e82ab1
1246	61	1cf4cf6368710fc991ae5228df0cc1ee6b33eccaadce157f8f75157b4c92356e
1247	298	fe7692c56ae84829a68559a2c16b244244be152094d604d0181ccdd6a84e903d
1248	321	7372a2f97fc27d10fad8442f354fb504c79a5f09b23bc3e95c84187ee6ecb59a
1249	7	5eb51658c4ff035fecdeb4c269efb2d33a67ac9928a2a6c2d2d9a14630a0ec35
1250	32	9d14a1954b54a9a7e382bd6dfd066fe733fa0fcb90e9b001afeec8e240e82ab1
1251	31	6fb0ff3e535307275fb92a00da5a0f58c632242a2e87d9c5bfaf3c08f63ef0d9
1252	31	2941477c05aa1d37d4c0709ecfa23e5d30465d212c2574c55ddce77d4a2711e0
1253	167	22e8c0a5c9bb8f00a1ba165c5af60ef3580299b1537e01c7cde5192ee83dc7a1
1254	199	dd44420a166883c43e19cc53ca0b043f5bb8c32dab8c0f5c3717f7624ac8e725
1255	166	07ba5ce890ea010bdd1db28ee57d7de3e1c7f7100b000ae21de49ae9d50ce9ab
1256	164	6c72076c8ebf9518c20aeda5da500e71bb065a0b958bb72386dfbd9899372c94
1257	7	5eb51658c4ff035fecdeb4c269efb2d33a67ac9928a2a6c2d2d9a14630a0ec35
1258	7	5eb51658c4ff035fecdeb4c269efb2d33a67ac9928a2a6c2d2d9a14630a0ec35
1259	7	5eb51658c4ff035fecdeb4c269efb2d33a67ac9928a2a6c2d2d9a14630a0ec35
1260	29	d505cee960a2fc2eba9740e5b724c26b17da4b9c2ca9dca5d38ca78cf505aece
1261	424	1b3f2294a30ff7d64dedb3aba0f87f3b18cabc248afe92c74e97294402fa55b1
1262	203	b4bb23f6befa6007a120e8e4d3453f51e0de14ec598b8184d14cac1f7bd7476c
1263	7	5eb51658c4ff035fecdeb4c269efb2d33a67ac9928a2a6c2d2d9a14630a0ec35
1264	29	d505cee960a2fc2eba9740e5b724c26b17da4b9c2ca9dca5d38ca78cf505aece
1265	336	3e4038975cbc99c93a3bb3df5ebb12e5c9fb4a6eed0090a7b7c20f015df8d424
1266	27	a6eea26566e61256daa1f4f7886602c81f78cb60ecc4ef7e185f19572128ebfd
1267	42	8d95f7ba9759a5d507b0d07803c01c4869eb66674b162191eb14a19d638a21d4
1268	43	5bd9a645a3716badc92b7d35617d5408d48730fc921de3abe43a7ba47f27f388
1269	35	1d55869c88d0411bf81bc06c813ac5a0d87b1b446fc20bf5fb71113b3138444d
1270	250	82297b14ef2e74da3e4bd431c01d5fc602c2ed3576b32669236c462997abc8ec
1271	71	20b95097e81ca682a8ce024014b6e9c32366f2c2057d48a3a5d5f97962259c87
1272	7	5eb51658c4ff035fecdeb4c269efb2d33a67ac9928a2a6c2d2d9a14630a0ec35
1273	32	48d26a5d33da9b5f0cd193a78ad9a0ea5576c64934f2dbb09e360d8d8f659d5d
1274	177	062088ebce27ed3cff46967760a84543f9ce5bacc64a945671aa05bc594aaa6c
1275	171	fc9273f0beca136d7c498bed7d6fad5ac97d24048db1c8a2fe2d13dd31fa5601
1276	165	7294b9a5592a5ec0e7b59ed6b9c17e4bb8cb4a03ccf2921f5cbde6f6d3c47321
1277	186	a907c65e28fe6fa5231a2c17891a396fcd7b40e8ce0113ba482d1fc6236790b2
1278	174	53ca75702a1aaf73c7aaab343bd7fea8413b0516fa30b58ed3789fd488364b10
1279	175	72eda2c64cf59d107b52db440b2616513d46e2645b519360386491880c30f6b1
1280	7	5eb51658c4ff035fecdeb4c269efb2d33a67ac9928a2a6c2d2d9a14630a0ec35
1281	274	ce112a34d0bfeb78bf87bd719ceeea9017b902061cf65e0bb25ffe5351391579
1282	29	60c78e8caa388fe05c611e66268005f39f7f46370d91ce918cc42f1d7bcda30b
1283	100	0f5e7ae175be9249252c2a4c36dcfde42987e7a1f2f2d1e6592d5e049a3e0836
1284	107	d2ce6914b51d995c62c7120c5d01111764160d4fd318753f97af7234820cf7a6
1285	121	17144acf3b5658405d3aabb922b0fdb0c631498ef7cc4d1078c9630479ee88f5
1286	118	273b249a2296724b1f0106abc004e002d1d9cf682c80ec57d7a913bd308e11c6
1287	102	7f0f891cd705ce04348dd2875a0ba76e562f5b64a5dda48b11789cb84f36840a
1288	7	5eb51658c4ff035fecdeb4c269efb2d33a67ac9928a2a6c2d2d9a14630a0ec35
1289	308	f9bcde9333604ac9fb32fa119434952bdeb6214e382da8972829b7c097bdd87b
1290	11	bfd2b93f9309235e0aa5483d5953ccf3ea8154e83c79f0f69c07939f01a2b73b
1291	11	bfd2b93f9309235e0aa5483d5953ccf3ea8154e83c79f0f69c07939f01a2b73b
1292	842	ed6826f9acb047875fd400b10bc40877b1449163f1543bf9b1f0ff102dc67d63
1293	40	42c14bf9b915621176cef6988bc2bf4346d634adcc1781c0f83b0ba7173e198b
1294	24	c1420a006176ac1d901ec0303565faec2b4cfac7726a137b5bdb8338a91d540d
1295	30	d29e6f4f8f8051974e261baac6a9f966cfb4cf8f9c9b3be273c3164212707fbc
1296	6	cd9f9d92006d59f5aaed845d504a151320b9db0dfb3aaa722aa69865412f61f4
1297	99	63fc3032edb0a5d9a8d11a49fc4d8fd9d5aa4538eb836866dcace2b8516c4550
1298	183	0164aee0424e739de30802780bd7e2cca1acb19d0854b3472952b715294a5c1a
1299	7	5eb51658c4ff035fecdeb4c269efb2d33a67ac9928a2a6c2d2d9a14630a0ec35
1300	67	469c74657d2cbad6c5ad58369619c21cfd824e1821e0fa9b9b334a36cea3e080
1301	99	f8db97a16c740914bae058c0c00fb97e62c8cdd1e474a9e4cdad5a929b8e5313
1302	7	5eb51658c4ff035fecdeb4c269efb2d33a67ac9928a2a6c2d2d9a14630a0ec35
1303	7	5eb51658c4ff035fecdeb4c269efb2d33a67ac9928a2a6c2d2d9a14630a0ec35
1304	53	3940671b93ce449b9580d5bc47057442c40663fe9b72752d68050a07a7f8145a
1305	6	cd9f9d92006d59f5aaed845d504a151320b9db0dfb3aaa722aa69865412f61f4
1306	29	bb992b75c673adc2d94f6212e03ee691baf98226b24dbed88cc8b28f3d1350fe
1307	31	527b9bd117aabb6418674962f94dd8eddf6ee0d5ce2b5767271da31d21bb37a6
1308	135	a82863a9326842d9bfb3df6f1f20f011cdf409c63d4825cddb4ae857f1b788e6
1309	53	b4509f53c4fa8258eaf4068ffb99bc0d96abb5832da36c75f09d632878f8e067
1310	99	e9b70518e7a534a2a8b518a27c4c34e0390b46c85e577c855a111ae677e98235
1311	7	5eb51658c4ff035fecdeb4c269efb2d33a67ac9928a2a6c2d2d9a14630a0ec35
1312	30	d29e6f4f8f8051974e261baac6a9f966cfb4cf8f9c9b3be273c3164212707fbc
1313	53	3213c242d52395fc2f7eb1e200bcd457f0362b5c68ce879c1706fe5f5a77348b
1314	56	e3ba38c7d98406721401359db325916d3c08aad08911b84c046e22da13dce1b5
1315	7	5eb51658c4ff035fecdeb4c269efb2d33a67ac9928a2a6c2d2d9a14630a0ec35
1316	29	c95d7911843149dd1bb69bbc6c3b02fabd83fb84d7935705da8d8d69d0a6ffaa
1317	83	7067f6c5a27dc201ba816a51f427a7dd6bbcf0aea00f24c7b64962bc2e0c9d6f
1318	100	0d1a526de13eb752c7f65bd4506f5eaf62e449782f7b43ae6d236c323d40e366
1319	95	f87810f37d98389f8c46cef3ca8bee15a2f0849c3deada4c93da47cc568a3d4b
1320	105	15943fccf6ec209a0ad180a99400ed05a42af0be98f101957f027502a02bbec5
1321	7	5eb51658c4ff035fecdeb4c269efb2d33a67ac9928a2a6c2d2d9a14630a0ec35
1322	28	a4a3fff41c4c13a9d5d3465b936032b16f19685bb984b7bc4e7719eb219339b2
1323	102	fb94bb271509446273b8508b941d09c7e8bd43b641be9cac56080a46ae94c833
1324	88	11a82e6ff0b2075f3c8cb324f029cf6bf2ae634a6c47dee13535d4303537bd68
1325	77	2a2d8237740b2c3443daad74811f319cbb99317d2fbec318b3fcd0f79e3a416f
1326	89	8362e26d5ec31388799145faa61823eada82ace74303536320b347f823726b5b
1327	87	83e326e08b3a62e023c366c897b19b2981e6efc251c81852414710098eddac7d
1328	77	71c6505f02c016b74d93b14f875a6cad1ba46e4d1a0ada4f4e5ef317bab97c33
1329	125	002f19d80bdf92823fbce52e856f780d60d6760712d01a379d3389c2c51f0dcf
1330	101	a865246e0c87d95cca0395dcd7d75fde0ef3fcedbb26c8ee53f7b3fb923f9181
1331	7	5eb51658c4ff035fecdeb4c269efb2d33a67ac9928a2a6c2d2d9a14630a0ec35
1332	7	5eb51658c4ff035fecdeb4c269efb2d33a67ac9928a2a6c2d2d9a14630a0ec35
1333	57	fdecef8b7b3715e1feb7abb639590f3abd6739c276a4932c6b6a4b2831c4193f
1334	30	d29e6f4f8f8051974e261baac6a9f966cfb4cf8f9c9b3be273c3164212707fbc
1335	48	a52da70a6927f01a716e91b5fa28e04740de74101052ad88c847b2b3b0870ce9
1336	86	4cf9e022ce43aedea00a258256b7b3459c30cac5121d6b1275e14f610587329e
1337	7	5eb51658c4ff035fecdeb4c269efb2d33a67ac9928a2a6c2d2d9a14630a0ec35
1338	28	f4177761a16f25d852e1dc00e72b60a5de1eef14a6fb647a1a5027324e8d9e83
1339	104	d8f776caf30e33236fa44e0456418856d6c4ed7b63f618d9a9e7e1608695d0ac
1340	105	c7d49e0c6d810cfc7933dc70382701d082e6691886b88e5e2071888c90af402a
1341	116	f9b2de30de4357ca26382633945f332061e3975bb64558bf942b76677234ca46
1342	108	9670c4b3571de29b5c0cf929e4c8810767e9c8c2ff0b9bffd2f701d691456ded
1343	7	5eb51658c4ff035fecdeb4c269efb2d33a67ac9928a2a6c2d2d9a14630a0ec35
1344	75	1587ad862745f54c3a66b1d2236fe7fd1cc1abc24603b3e073198a38e7dac5ab
1345	65	6c147e2176a926ffb630f710197dd087591af3ccf370ccbc4bbfa8d7e5a76e29
1346	8	097e171eabee7f7d476a51b79d8b8d42a9261727b3a1691256e2f661044e14d4
1347	100	4fed4870d0bead904268cd2b2205c01f094bd331d30bcb0b7be25190abe5766e
1348	35	26a6d91860d274c44b30d82facba36fd948f1af7541741323169c5c68d487b7d
1349	9	04b0a9a4797387b3cdd2a5661bcd141195d9a5debdeaba0a22f4e3c76f34f61e
1350	7	5eb51658c4ff035fecdeb4c269efb2d33a67ac9928a2a6c2d2d9a14630a0ec35
1351	7	5eb51658c4ff035fecdeb4c269efb2d33a67ac9928a2a6c2d2d9a14630a0ec35
1352	7	5eb51658c4ff035fecdeb4c269efb2d33a67ac9928a2a6c2d2d9a14630a0ec35
1353	6	cd9f9d92006d59f5aaed845d504a151320b9db0dfb3aaa722aa69865412f61f4
1354	57	1908cf29224e3273ef9e70eb03b8c5d661c1e35408f7a27a5c8e097d88f7d5ee
1355	48	19bc4bc3a02f52ebe2df4b72956486115679a5cbe5be17bba4801acb1dea4755
1356	32	05be5b3d5be2e861f04ec41c75ab8a6e9c5ba174b81fe6d8a72b8d93c4f521fb
1357	89	50d8634426fe6ed2f8723462e1cc88d80f910f88ae8fc91028810586e732e0ad
1358	71	62a263c2924dc404ef015c1aef2470dd4214a679531711a6cffe095bf8b3cabb
1359	173	0f4e6a027ea568605216dd1f889799176db9bf8b8074377dca81c4427f3705e8
1360	7	5eb51658c4ff035fecdeb4c269efb2d33a67ac9928a2a6c2d2d9a14630a0ec35
1361	7	5eb51658c4ff035fecdeb4c269efb2d33a67ac9928a2a6c2d2d9a14630a0ec35
1362	126	2fc4098ad65ec4c486043b0fb52e1585b3ec7b2956ec6c2ca345b28a587fd042
1363	59	69fd05ead3ddb68d8a9bebc049262b8268f71b5808f4f7691521c23f1ddc696f
1364	173	687ef14fc3a733de0c3a664a8b4ffa0c3f8c4da3350ed69f5b935413f5276ea2
1365	173	6e04405f54c6bfcae41cfc81bd86572a63bc8c647fa85cd811861f339cb5fcfa
1366	138	e014dd6675c3eb71abbfa99b77269c154a94411656f4d720c82d0ae1ff32542c
1367	144	62b2416594b907c114fecaef9ecd6f7c09c76fb28f49c08cc0b34ada9b0cccc6
1368	7	5eb51658c4ff035fecdeb4c269efb2d33a67ac9928a2a6c2d2d9a14630a0ec35
1369	26	4e8d66d27dd7a0e06fa84a3f50e03a9fb0fc4d19ff08e70261244ef929408dc5
1370	33	3fc7b1d591f24557243d4e3b862d34b9abb74c98e9a3cbee86ddf83c02933f56
1371	76	0d28b25b1de2f72938873604f34519bf4df7d658b1789833d3b13683abb08c7f
1372	94	876f3cfaecfb269dbfc53a21155a42c5a4174eb58707134d49cf97b1ce5993b1
1373	62	f291f7fe26de00eaab7ab08851ff01562ab6b803fd088fcb0dd074a610de074a
1374	7	5eb51658c4ff035fecdeb4c269efb2d33a67ac9928a2a6c2d2d9a14630a0ec35
1375	55	54894f2ff8e5656487b3cbf97958a0a6df0008646af4d467e5211014054f6250
1376	215	840f21e161a5f1fe896d6401ada9615f4b9a0c5c8f15f70ab982f2f4c8741c60
1377	7	5eb51658c4ff035fecdeb4c269efb2d33a67ac9928a2a6c2d2d9a14630a0ec35
1378	7	5eb51658c4ff035fecdeb4c269efb2d33a67ac9928a2a6c2d2d9a14630a0ec35
1379	110	bb2ec3ece10c1c80845ef3d748027b8bb004813cc08fae15757bba33beddf78f
1380	7	5eb51658c4ff035fecdeb4c269efb2d33a67ac9928a2a6c2d2d9a14630a0ec35
1381	7	5eb51658c4ff035fecdeb4c269efb2d33a67ac9928a2a6c2d2d9a14630a0ec35
1382	11	bfd2b93f9309235e0aa5483d5953ccf3ea8154e83c79f0f69c07939f01a2b73b
1383	11	bfd2b93f9309235e0aa5483d5953ccf3ea8154e83c79f0f69c07939f01a2b73b
1384	36	3bd72a7f46294ad4994eb3159978001fc7a7c54d7b8abd0c976908ac38c17e79
1385	44	c1ce0296d510837880ec1212ea4baae2077ca6074ef294ec85d98e3c3b4c2bcc
1386	35	1d55869c88d0411bf81bc06c813ac5a0d87b1b446fc20bf5fb71113b3138444d
1387	303	c17f7d2db2736cc011028d2d6d4ec0904bd804caaa3286cf1d96f81f1ee1938e
1388	72	b7b3de2792308fa75f2a4e40e1dd03b31385dcef59951f59df169f7900eb26fa
1389	7	5eb51658c4ff035fecdeb4c269efb2d33a67ac9928a2a6c2d2d9a14630a0ec35
1390	34	34986c6d0afd3bbff310d2021aeff6b1ceda3f45642dc52c03f28a95c90220b3
1391	37	bfb152d0f67fef0226c792db47074e2c6448f8411bcbb45794df67c1ec406ff0
1392	66	237b18ee795f91a8e1f978e9ed0f1112e6bce3eaf27feeb8281e2b8edde5ad79
1393	30	6ebe90026cd2374a3c191656db10890d93941a80d54dedeb19fb7a6773af3721
1394	403	732283198f7e2807399208807f327e8a2996e6960b0f67d289a9cbe3e4abad34
1395	364	aa7f216da932c59f4f829ac0399067ca1f77443e92df62f439b8eac871f20e51
1396	7	5eb51658c4ff035fecdeb4c269efb2d33a67ac9928a2a6c2d2d9a14630a0ec35
1397	11	bfd2b93f9309235e0aa5483d5953ccf3ea8154e83c79f0f69c07939f01a2b73b
1398	37	bfb152d0f67fef0226c792db47074e2c6448f8411bcbb45794df67c1ec406ff0
1399	63	230ef75de53917c162fb3031e2226b0bd19019ea899e4a3e33abbd9fd86da209
1400	30	6ebe90026cd2374a3c191656db10890d93941a80d54dedeb19fb7a6773af3721
1401	273	17c4a8dcbd435d8649bf7afe0b531a6b1654de13b7c7cb4ed0ec10b108311abc
1402	314	a095ec8f4768a335b603b5bee3badcb8bf192a5f1b033f79e2bc7991abfcf030
1403	346	55a6b9dc4bc759ecfbe27d864206cb9d42ceaf85bbca452dabda3eb0546faa8d
1404	7	5eb51658c4ff035fecdeb4c269efb2d33a67ac9928a2a6c2d2d9a14630a0ec35
1405	11	bfd2b93f9309235e0aa5483d5953ccf3ea8154e83c79f0f69c07939f01a2b73b
1406	37	bfb152d0f67fef0226c792db47074e2c6448f8411bcbb45794df67c1ec406ff0
1407	57	ef1e02143a80be510d50ab7a7be6958915bd4e56dcb8e62f8449548586c380c3
1408	30	6ebe90026cd2374a3c191656db10890d93941a80d54dedeb19fb7a6773af3721
1409	425	32a035fdb725634551032f481c20902b77174eab4675b3616b0af6eb56b6a59c
1410	379	573ede4adfd9703bbd3aed681a403eb1e43a933eeaf33782fe9c7ea9f53f43c8
1411	318	4a2dd9a3520a60dd55a1d86ac93bdccb2aca5990b83e556b7b93019fc45fc073
1412	7	5eb51658c4ff035fecdeb4c269efb2d33a67ac9928a2a6c2d2d9a14630a0ec35
1413	11	bfd2b93f9309235e0aa5483d5953ccf3ea8154e83c79f0f69c07939f01a2b73b
1414	7	5eb51658c4ff035fecdeb4c269efb2d33a67ac9928a2a6c2d2d9a14630a0ec35
1415	337	cc83098d5cacca814ac94f20b4e0b94d6a761c44be6557de827323599d849b58
1416	11	bfd2b93f9309235e0aa5483d5953ccf3ea8154e83c79f0f69c07939f01a2b73b
1417	11	bfd2b93f9309235e0aa5483d5953ccf3ea8154e83c79f0f69c07939f01a2b73b
1418	63	f43983c484046ef08c18dfd26d33dbb33f287fbea026f95afb9a536c49e3f152
1419	24	c1420a006176ac1d901ec0303565faec2b4cfac7726a137b5bdb8338a91d540d
1420	76	07f1cf88f4dda8ab1bc72aaa495f0c99cf7e0cb59f4e5377959f2c54c9531d72
1421	45	d5410cfa71113ebde6dc267d491209a04897cadb16d3579d45ed0480d050b9ac
1422	428	a64541afb9845d5b3ceff2148820ccd4130c8d6709188116a0c763105a03f43e
1423	373	94beb2c34c0db57db931738321cdd466526de41dbf4ae3814379409068361862
1424	525	1c21e264bb4ccb70bee6c269339be76b8c59c286d241360c0b7d8eb6ab5e2d18
1425	334	377d3a39eaa553f6e14bf7b175558dda2029077a252eb4ef1c028dfa7e364899
1426	211	594255565457dc4b3490192735e1ca5ad94f2f4b7592fa17cc3e85890db9e5bc
1427	7	5eb51658c4ff035fecdeb4c269efb2d33a67ac9928a2a6c2d2d9a14630a0ec35
1428	33	8a72f2524ae2b3c995aa7620ec99add66bcb5947a5a1a8b8d15ab34819e78c6d
1429	59	a1ba479ba2b2c98b08582ac51f131219f66084fce0c45c0449efc310d73c1a3a
1430	5	be905f92aa0167a384dd2c06b2b08cccfa37612d552b42385b36032ad046d27d
1431	149	baaec73c853caa79a3da8f5a4bb50bc23bca98f61fc7971d6ce1549eb15ccf9a
1432	219	099ab52ca30f840c4989f1e2b5985bf547b42855bce600bd7646a70f4e7d8ab5
1433	203	6bd3d1ed31ae1654e407b249200f48ef005276102948d2cb9d2fe649fb0d529c
1434	177	77e774f8785edbbcfa957ad9036de2760e0d65fac9e963cc53b4505c390eeb0d
1435	289	44f42d3245aedca67bb685f80de36d7e47fddbc66b40fd877fdfcad9f6065891
1436	6	0e7bb24ee9e454956f646999becc3637510f6e0faa3c1a7af25d8e0e514359a4
1437	7	5eb51658c4ff035fecdeb4c269efb2d33a67ac9928a2a6c2d2d9a14630a0ec35
1438	54	cff35259cecb7d9a17bb2234cd63904a19cd20d26c7267f583e489b4d756c5b5
1439	90	e84077aabec528a83c11f30b4ec78ad42371dd5b03158c827c97457ae55696e3
1440	85	934131b45077f8f531ab5ca09fdec85ffe18182136648e9484c0bb5a2e59180e
1441	92	01fe7b4cfdb1a20b6787c1ed9bd191591f15bc863696d3f403b1276893810b8d
1442	86	188378ea80248116b292c67f13fd583ef3264b138a46c1c89f97ef80d79dfab5
1443	88	c77eafab19f20d0c336216bf96132b98873c99bdfe746fc1615bbbf563c248a3
1444	128	40c09e9ec2d3a0f38b9215c5423412b6887661fd3c164f475109f482e8ab439f
1445	7	5eb51658c4ff035fecdeb4c269efb2d33a67ac9928a2a6c2d2d9a14630a0ec35
1446	43	ef3f2ffdf6a3792093ffdc8cf51a90316322147761689dda0b326ef85264a66c
1447	131	348cf3314f2189f6d4251b064ede81e38be998b588434d1d07a144e3adfd477b
1448	116	a26432689c76a4b3a930c36bcf76f0a05c4d6d9c362ca4c1705463a4699c31c3
1449	89	d6123f3e902b18cc20d27d7b168591dac24ecd2c006d978c4170229557b6289f
1450	7	5eb51658c4ff035fecdeb4c269efb2d33a67ac9928a2a6c2d2d9a14630a0ec35
1451	133	918f642d1a62388587084e439d49339e65caaf6a6e30bf87b55b233929ac9f0f
1452	61	d2a51854c75c7080c12207196857c564e227124bc50b655af832483b14f11411
1453	52	46c680611ef606ba8dd0b2dfc906d45e40ba3ba8b3abec70fccf035e627d1c9b
1454	29	64212440d6f1c7c0bf5527adddd1fe4ec8ea3779b6f8209a9f2f45d72c9a9c10
1455	398	32a7d2f34082d7521cd64ed50b5a3f40441f75983f37160e1197c4ed12f5b0d4
1456	234	e24258fe0aa0e62d3c08f993c98c04b64564ecfbf364cd07d571ec492a15daa6
1457	7	5eb51658c4ff035fecdeb4c269efb2d33a67ac9928a2a6c2d2d9a14630a0ec35
1458	114	8228a8333b85e6694977224cea3402246d0d824c6fa8cccc754696d3eb4bbc3e
1459	7	5eb51658c4ff035fecdeb4c269efb2d33a67ac9928a2a6c2d2d9a14630a0ec35
1460	44	394eb32f129cfa8a35a4e58ee6b9af5a22905c8ac152a908d531f20e65d060dd
1461	53	da0a971790e217b34e1abdaad0ec38774b90b1bddb92db4c0e7d69b1279a6a4e
1462	89	03aa3c4cfb32bdb6e531d2ee97979ddb7c3faba557074a7e4f41549b1a2f73b1
1463	548	c268c32c8d91691b8a4c6a6117fa7b31575c3a2d061471f0933532932aeda47e
1464	7	5eb51658c4ff035fecdeb4c269efb2d33a67ac9928a2a6c2d2d9a14630a0ec35
1465	11	bfd2b93f9309235e0aa5483d5953ccf3ea8154e83c79f0f69c07939f01a2b73b
1466	11	bfd2b93f9309235e0aa5483d5953ccf3ea8154e83c79f0f69c07939f01a2b73b
1467	1193	d79c1198af8b5a7d80e1983f8ae29863a0cfc47403ca0875c932af739d354e52
1468	8	c529a821ba488b08d7968807e395f22f820af99d41f82ffe77de18200d2007b0
1469	93	0638f82b4953df6440ce3150a0d233d586ea6f9a5577e2f215e89a2fc6071299
1470	84	dbd02c4abd15450e156ca8db1596f8329346a9fa154c9406c22bd8c73e8bf194
1471	43	ab71c55c1bc0bcb03dd77c49d7e9686f08d67deaf9129851c4f16c53ef6a1935
1472	89	ca149379a098d0f2ef12d2f00ca93f75e04b8e3656baed71e8eb1c9ff98cb050
1473	149789	812643f62cdc8545e190377318c1cc6470d9494e5ba89fff7b5d557630fbbb79
1474	10	2f358f0371a6e732c4340332235199dcd91ebc46239a5ddcfe6f9a63e6ebecfe
1475	45	8f92127fda70e5d1e1e7ab981c6949cf2eee5378633dd5b577d38cc9aa1424cf
1476	4	eaf22cf0732592c247141cbe61efa11012612f5a3122b9af9bbaf52f5724d194
1477	205	b6ced488723a11bf1f1ec9588c102af800e2331c2b7b97fa0c8e2f55c5849bb1
1478	72	e69a647e6aa42bb221718197b899d273c6badad2547bdc0b318dbd40bb260332
1479	205	b6ced488723a11bf1f1ec9588c102af800e2331c2b7b97fa0c8e2f55c5849bb1
1480	3	623cb4c13d67759d54f7671d44034972d0903a39d08afae73bb981eb9ab0dcf3
1481	76	b186320a4305b56afca6dc8f80ecca422bd787759be8fa7f82982a91931b21d3
1482	75	fa3a65d7f6ff35fbd0b16f6ce2e0e988a4bc9a22c1b1d02c6f445afce2d400c2
1483	71	d6e6a239bf548c528ad7c936857aea0ad27aef94155f7b5b19a151936be06637
1484	3	623cb4c13d67759d54f7671d44034972d0903a39d08afae73bb981eb9ab0dcf3
1485	20	50a0050135b790a68748d5c57ea38a6b778dd7315e0cd727f1972b1299c1fff8
1486	33	38a38b9109c3cebc121db81c1e09c6faa832a7881ff57b9740cae6077d90b04d
1487	55	40270a67ba11a055a9e480a5b8659f178520f1d0b3b713d5325f56a6835ace41
1488	57	6bcd2d9bc5fa5f8e3870dcef60e1e3697b1cb95253f13f5ec2abfda6fbe29d6a
1489	15	33ae4d06a39c56d13aa697a094af5874ea528d0c678384d611f901f26d039d63
1490	72	e4174d99faa6490d912098813b72cab150dd937bc776a3b0c88cb3d91ab40e76
1491	21	d7846ad54126619294427cbbfd7303a4bfa2ea4cbb660e204822fb9e5450db12
1492	17	2506e86af271e2bc151e5a6b2c2e8345216155261a7bf9da762b6ad0c6566a59
1493	3	623cb4c13d67759d54f7671d44034972d0903a39d08afae73bb981eb9ab0dcf3
1494	19	a1575b11315cb381e6cfde2782d4f4ea135318dda3b98bcb8cda6aa9ecaac2f4
1495	64	d61847e66c9a2e0d5d950ee5a608cb3de683ef74e6cd95d47d4c4bd49791517e
1496	78	d5274183dfde340710c486906ad1c59fdfe59c6ffadd93fb61183095da4286c7
1497	85	ff4e2c33a6ca48d7ef3b7aa04e3156e49c6360f96a947858d03e58752767510e
1498	65	88c59ded345e68881760d30e74bea8885974dacbfa280031973e32f9e4fdd5c8
1499	89	ea89aab77b30520ae218e190511df720a46ca8aa828c7634e7de301a4f11bbd7
1500	81	613a677d0a8caacb299a3a2edaf84479d17cbc5f215441a94fd6dbafff7e9ee6
1501	28	72c1c25f9702f6095a1a67bcef8bb43057c6f22c596a1c8a0a8eecdca1e78f65
1502	78	0f1cc81509236e3ba318b0cb53ceebeeceed08100fe7481f4ed00b30bc7bfaff
1503	66	a67af9c5ba58904ac2a1f21042f68e61e130c0f2ff324afd6cec651449c303e2
1504	76	69f86289738cfa44b1eaa997651a9d176b88cb548a87fa5839023989435bd533
1505	53	1f25fff9c0f14afc55960e9e8e41891979a784bbfa36bbf829e65e0e15cf1669
1506	21	391dda84321b80ea5d75014a15d6a6e242436c7746f6d5f982a4e9ef47f11f05
1507	68	a497561b369bbc066e58c3d8675b379dc5fa6775a73df338c0eaa81f1e34e513
1508	79	609780365c719549103c12b199c6635575ca3549ba8e6d4a4c7887ea149fddc2
1509	3	623cb4c13d67759d54f7671d44034972d0903a39d08afae73bb981eb9ab0dcf3
1510	76	0bd83515bf953798c53ce430978a644593728f2ba4e50770eaebf43489258639
1511	76	568a50b4db4fd09cd56860703f6dd97260dbc0d8435a18c76bdf85cdbcd3943a
1512	77	a09d6e2cb4cb5356f292d7014469183c0dfff5f827eda091ba06686c23dc9721
1513	205	b6ced488723a11bf1f1ec9588c102af800e2331c2b7b97fa0c8e2f55c5849bb1
1514	4	972a429382b2e14718e0e37b0570a8a1702991fcd8498cd84060a8bf4f05017b
1515	18	adcc215b68e84e033ec4b77410b6f75a7de37a41de2e62f227da1fed6773985b
1516	41	eb82cfe254224a004ea5b3bc94321063999d5cefc70d1a1cc14457fb90569a6f
1517	22	6d83de8188c97b5e46769fa054c7b0410fd648611c080b301f13e068aba88c7d
1518	40	6460c07341a85c47367fc1051a3e093c288a46c63c29bf9b3fd1573fe49373d3
1519	22	c3b56ae32d12f6e18428b70314540a69a98265708c1c44de8c5f77c1254dbfa3
1520	29	6974ff12d9ad20e16ef936d60b1d90ebcfc67034b3a8f5f347fc5f4c3763b570
1521	54	c49d5f2acb9faec0bebdb263aa8c1bfb939bdc28bde98c7fd0a4eb7a5441764e
1522	86	0dbfa88149ea5734c28aa737f9475a299e916dc0be20a30963a6580c387ed158
1523	20	01c6745a5e76b0313a95b25c0d5af520966f3c83967f0b33e83424f61d8b2c04
1524	14	eb7faca17455878fd6b63cf94af7ab2bdd65cfa30d808378d2d39e941f351907
1525	72	50ab37ee4efb8eee6cdacb02f7502e226ddecd1e0f1a9ebf76c89303050663fe
1526	37	bdf0ba8d20701584b3967ba72e480fe75f6441abcc2d07166a00981eb59e98a2
1527	79	0d7f0eaee1ba31bc46ee7fb3cda5e8e976354c7fc6594362d2b8b19d3b0b0c2a
1528	30	9c595504ab59ce3456ce96c9c46e303483d241db52a1218eb6a9cdec6addf445
1529	71	1e0b7ce01889a566369ece1274d795adf68c8b73ba446efa76c8ee147b476385
1530	28	4db58d5df9c65f89ede4ebf72686c8d3c72d5b7824e3bcf35d1e97d56637bbd1
1531	24	ce61a3da9f8566ccad4158eda873e29caa3c443b4ec10d27f63fee92990f03fa
1532	23	0d0dc86f11de676d07741023d06ad0dc09d5253dd18541cbf1a0ec24bdc643ce
1533	29	630593d84f24034456599a93074cf12fdfb7a8be2695949efafd965e351b9a3b
1534	26	4ef7455c876626350734880044dd3e2ddc18554f6256ea81ceb272daebd950f4
1535	25	bf1d2baa2897280fc41d1d70fd2aff55abcfc5c3824797e961b56577dddf40f2
1536	23	17ebf253356fb284dc9b73b8a5e6e7534b310a009e4e77bf90a587470c952515
1537	24	992392b1de26ece7ce3f2538897d71d95adc0c1c1b495eab1fd28bba0cf82c73
1538	27	feee9013e0823fa48593682423b72dc5111186eaa44904fb5ae12106c201689f
1539	19	a782c5e1a46727c2093f25cafd5fd1dd6a9e36aff3434c10dc2bb810af9e541b
1540	25	c9611ad5ba81b5860ba1f95c81ff6ea9e85ed208ac0dedd27afa3a55eb9fd3d7
1541	37	d0f54b2f25d761484b8f0a866c564fe91189ee6bae6d16302b023b3aa9af21d2
1542	44	f042cc4a6aec1a13518a7d57d74b9cced10aa663a7e576f03bb324eb4344b200
1543	27	7b809ab5935950624a4b49bcb57d44010e0d9884cba8633e7359833e5f8a9db9
1544	1	01ba4719c80b6fe911b091a7c05124b64eeece964e09c058ef8f9805daca546b
1545	24	60ea9f5ad3cf0ccf81f4fbc320a2f528b4441af45203ae72e05eaafce54d7962
1546	28	0b569785915db07ac2e6e826527c3fa0c33ad2771ea4412772b06be501cbe17f
1547	75	93237a39dc5478a223325fbae6bf73b6823bb656d49f9fa7eab766796cdc3b72
1548	25	5344afa8040840ca5e43a1001e7211b7522a2e28ad9452f87076b067156d5e49
1549	23	007939be5d8087e95bd36fd1f2ef0efac4f3a563aab2be582601175bbaad9c1f
1550	20	c32ba9851272bb780379b51d757f7ff58b96eaba56edea01d90c3f5c3776635c
1551	48	f6f4426e25a5005fb07c895f4e1af3ddb49ef9181f507203119d59844ee66eed
1552	69	d3898467b99079eea75cfedd16fd88fc6e76c60328792a53ce031e1f4e08c814
1553	4	27e5788d5d9d73d24a81dbc0a5a74bfa82c9c3b3af99e52af796e90b468a8a3d
1554	1	01ba4719c80b6fe911b091a7c05124b64eeece964e09c058ef8f9805daca546b
1555	42	746a693c4aec6a61fff68cb5a6991867e78a1dd6b853fcc8ed70c517c7bf8cf3
1556	18	8233ab2d984eedd5027f6625afae4e552e881214d39be7d02c63cafb51d91961
1557	45	7e97ff6afbbef95dc2d95f8a50f09c0169f8d58005b48740c8a4b50a1a67f912
1558	40	5019915df03bc0925ca288220818a29b1b57dae7cb1c707655cce8512d458888
1559	29	f23063ed8663b5fe04df14bff10895a63125c721f56aa502178fc7658c3f388d
1560	34	2220502a19aec96be0c70455c10d4855df04a024ef74ccb69fd5175f7bfaab6e
1561	69	5d949d4bb06725a1da62dbd8d2b53060dfdff0db4ce219ba8646c4ee6ba9643c
1562	43	10e2b5bc0e63dbdb102d53ec3a9bb1b8fd8538b6a275858febccd3519d228126
1563	43	992ef9ac8d798516d1f298e14bf186f3bf6f325b74f404cb6fc4b2e6a3a290f7
1564	39	1a398f8b9c04d7916a36607340300b3121c62160d9bab00ead68b979a478b22a
1565	6	4893f40e3781eb896c82d046a08067a11e35cdf2f1dfaf26fea90b8db6676413
1566	90	0940405a6f956e1e93c08c268497f620202d0e38b642ddfd90a91aa990d6466e
1567	18	65b929b55d3e9421808b7164ff55bc82f4adaee857ca5328dc9171ab9d429f7e
1568	75	fbf53df57863e5223c75bb8a8de53dc17e629e2a3b247cbfcaf32cd523feac45
1569	32	83549fcd22e7c05ffe6cbd6734bd44d0f3ca50e27056971fc3ba71597570aed3
1570	36	f6fa642f42818d9d465c4c8baa9cae2979f68227c0e4cd028eed6edca21dc242
1571	54	370d4ef9045786fd08baaf2bb3786180c3586e9ba35593c2d21d0f17c35273a4
1572	91	a588a43be72d0a60facb7306a46864e1330b7f7990ac5d8e9448c38757545745
1573	37	298d1b1c16c1a5b2d8da605b25017321da165deebfaf1b95fc4d5c6139796f84
1574	43	ecafbec4b43b86c901ebf9addb8ac4a41c2b67bc5e77833d1680665357363da4
1575	86	80e28fd3118c3c2e4f83bbf204c345e25d3e97fa3983695bf7beedc6e4e45462
1576	42	3cd0a1c3a1a599c901ca041087ae54edcd6391c91609fb53581d1b700e560152
1577	52	639ff1455c6987389bb2e36d44c75c9035609e5be50b5736872ca7e57046ece2
1578	7	ad9e12546425576d3deae8c9b9dbf128d5d6ddaf5d7fe857934927deffa3b9dd
1579	34	9130cc965e5fe1cfc1d1a0c14dccac82af785e8152e650ca1195662c928070e7
1580	41	3626fc1eddd66a61c1c4df9e69b90a5ca250c1648d62acfb983faac7ef986cbe
1581	41	43e87c218518bcfe02395e8f6fe3f56331c74c91cc6a959d1a341d7fbec66bd6
1582	76	22c1660d4794d43f94d7f9b9c9cc9b487cc653037167d6b6c986f1d123b54231
1583	41	4b5e1c609c471c92a53427e3e499cd38d354ffd626920840bd98272827256167
1584	38	cfe30d19d1baa2ab8b6d8f02d32ce6150b9ccae4688c93012359b79ed4c439f1
1585	59	84031b3a467b5ed0c4f6e390201b7db5d6ba090d7d22e8d7d08adfbd81441fa4
1586	44	50e84e5e542a497263ad72aea08e7b79cae05640f8926ab24659037c540df4ab
1587	8	9b62f60d8590a579cf46f8d67378c4c572b962ceccdb90c7a5f7b42b960782a4
1588	6	4893f40e3781eb896c82d046a08067a11e35cdf2f1dfaf26fea90b8db6676413
1589	4	27e5788d5d9d73d24a81dbc0a5a74bfa82c9c3b3af99e52af796e90b468a8a3d
1590	1	01ba4719c80b6fe911b091a7c05124b64eeece964e09c058ef8f9805daca546b
1591	19	0f56aaa8040c138ca3f5e8ceffdb825560a01fbd8b0f22c08f13a4b9b081f52b
1592	37	4f2b911d037d44ed12f45fd6f2709514d316255421eeb26a638f1b1af058755d
1593	37	7a8abbc93857d25b7653024ed5620ca81b6f9a11fb7e6ab7e8c6811a9d3c7b83
1594	37	86109c057ae4153b9674ae0dcaee2d03d94ac9c273c87be78d894b9b31314e57
1595	37	04b4300a0c83af339064b097d447128c41de40039e57598ed51cb34e18e945e6
1596	37	9665314399590ba74bcd614dc412321eb58e1115cd2c19446c426ac574818331
1597	22	8c56749543f8fb6b0a636a954d652ed0eff799eea7d178724e3e233ac56e2794
1598	4	27e5788d5d9d73d24a81dbc0a5a74bfa82c9c3b3af99e52af796e90b468a8a3d
1599	1	01ba4719c80b6fe911b091a7c05124b64eeece964e09c058ef8f9805daca546b
1600	19	d94ecd15cc4aa5cbe87c2984a4c67ec95479a95793b6fc39be4e9e008900c49d
1601	80	dbe5041235ac264e9b6e03da9bdaf2f12386c08a52599037dcb69cfc17e478b1
1602	23	08499823d8a232fb1446fefa0396a5720f3270f08430e7bed92bb6c98bc69763
1603	87	85c8615f985b4822945055709356ea14ee7ed2834e577e75d4c74c25dd50035f
1604	32	4132f846ea131de8bee59d56c58c02a2f4d5a777058e8563b94c3538e12c9060
1605	22	954adc66a0543c6ff240523c3dc9bb91b4363444356db42a5c9b70e3b9fcccc7
1606	36	c02a5f6ef1e57de7842682096de1917b1da975675affcf66ced1bc683d16e75f
1607	73	81d6a2cfe92aaaaa723263e3c1d5bbcfaadc5aca9a286ae97f9fc96441c29421
1608	52	1a8dc344769c1934e554ed4fc8b0b26a828e7c930412d39d4c563b6f59ffdb09
1609	35	74869c208241d27a6f02a8adfb72b36743366c455f50e6c956598d0bc6384381
1610	38	17dc4856b0358a2bc5704692c125a850c8d99fafae990c8ef09f207290d75853
1611	70	ed412229856ba08faf3e98456ea1a9e41f795af8e4a14042628aeb7900ae3291
1612	38	f1cbbe78822a2366d262b227036b6ee0f28f7a2da7d8339ef5bfcca4bb062dd4
1613	35	52ca475fa8be16f24db8c5acade8d3f9a2354388f5aec2533552f9d45416e146
1614	44	bc808f57f34ed27ecd6f3b9d8b533a592e3d522339033db1cecf8186dbaafc1e
1615	25	64897cc75639ae94545765b4d594264af157c653b00049d2055784185c195997
1616	38	46ad7a4cb5d7e4d2a4e67089c17f6ead8bd5db828af1261ed6bb41a3a34c90a5
1617	21	3fb94bd403a90c87caad6fda943e04a302ebd1a34c47665d6b4f88efcad8aa18
1618	8	9b62f60d8590a579cf46f8d67378c4c572b962ceccdb90c7a5f7b42b960782a4
1619	31	f8ba32eae0fb5194bf3136d58407d8ac18c7752686e3d4b7da39ac4a6ce8af82
1620	6	4893f40e3781eb896c82d046a08067a11e35cdf2f1dfaf26fea90b8db6676413
1621	25	b2ac3dd6c59d537fab48da6b1e2aff95a12c087d225564f5e790162ecc5acaa3
1622	48	f96240f88833c3f96cc3be7950d06778dade2363c21a4bb4df5477c32df63502
1623	30	da63c83ea63c218e070bf5ed47dbf321e66f81938aebe13eb53a762f81fee562
1624	35	222612a8550a34f9b49b196da81c77eef449dbe8434e5b145bd21b24cef4f805
1625	68	1d71f8563e51a7ab489ca86df136ff698ea4814389ca019c8cc8ffd1c4f9b276
1626	51	a6ce659abaee3ccde4b356db47139f42f074ea4012d506fbe44a1fd0f83396b4
1627	52	8e3de12cef3ab13e0259bb5cdbfd82d30faf89f9bd11e3cb7fa7d0873483df2b
1628	41	b1184b846d2f00581784e97c7493fa2fa06fcced0c8ee9976587ff12dc572f57
1629	23	c71a247522fd85fdd3e05059474ca363c3c07edca9a1c3b598b1a412e8612063
1630	33	b7530177f2ebb36ae71a82305b721e9e021e5ee4375d0e7c99e895189bec5b9f
1631	23	7aff87f4fe830c42b577e714ec63e7ac2f3c609516a1f26f7dc441de3efd0916
1632	4	27e5788d5d9d73d24a81dbc0a5a74bfa82c9c3b3af99e52af796e90b468a8a3d
1633	1	01ba4719c80b6fe911b091a7c05124b64eeece964e09c058ef8f9805daca546b
1634	14	a697b4afc740d2c3e91ab2cc8bb72d4805edcf79ad187d91078cd9f62b8631ba
1635	98	81b0128232d80a0e197fc1fe5fd5989897ce3dca113545ed341978d4bfeb15f1
1636	37	fd3e0da38e0dc18d16be3f642e727dfc69e0caabf8cde991e2fea0464d66064a
1637	61	5b76f789504e7bcf9db63b25b4ef16f661eb9094eb5ec524c4a3537f2e5f5a9d
1638	73	8c976330362a3e6d9f0860bfb0a8f30e8f09a3e0f305dbff977a4f22e7daccaa
1639	73	0eb87263a4d493c999b50e4a09b74b4faa41aed993f581ac132fa9285b986efa
1640	66	1c2fc2aa60ada315e6c9559034d07282c78916d1cdc9a752921b9ca9e4eee5c7
1641	55	e274f24fea63526f9062addd132d7afd8a4904a3158b7ccce589cd5620f854af
1642	25	4ee6463b6766524406dfc32210e4cd151830082348556bdde27b8e2f56408055
1643	26	5e7248960f843004a82316b593579242ba874c5af5df33458580c7611e0a9ba5
1644	6	4893f40e3781eb896c82d046a08067a11e35cdf2f1dfaf26fea90b8db6676413
1645	20	f75cf135df7b9e8552d37b95daf80920c47101e8c21427d34067c597e661e79b
1646	66	6edf406307a3eb5fccabdbc33b170fe76e9140f1bb1747b89c3818a313d0180d
1647	49	b356cdef054f0a61bd534a2dca1b3b8fafe00631641b7353db025d50cce81706
1648	51	e57753d0ae2e04c181761b0859cd19de9db2f7219a3f5d6c7dddccc23ab8da3f
1649	49	d3734531e99a844d567ad2c2ccfb3519632e501b3ad46ee7537c7e347c837560
1650	4	27e5788d5d9d73d24a81dbc0a5a74bfa82c9c3b3af99e52af796e90b468a8a3d
1651	1	01ba4719c80b6fe911b091a7c05124b64eeece964e09c058ef8f9805daca546b
1652	41	1a8eba66d3e7ba6838101130da64b502245bd5437001472f0195f49d9c3f38aa
1653	13	c755ab22f0097976c5a9f6874a7f0de1e05d9b962c194fa5bc8bd43c008adcda
1654	29	f23063ed8663b5fe04df14bff10895a63125c721f56aa502178fc7658c3f388d
1655	56	b4f688ffc200364a75303cd0e0d9239fb46c30d53c776b8bbd9d33cd230a2f2e
1656	82	1f7e03ca03d664866af1fbd9ac668905a82e41effa78b8d447f4f1c0b843f252
1657	80	6f35fcf7f4511429f849906a10db32c029fa247493334106993023a8be56cab4
1658	36	e37fd0ecbd7831a76ce3d1ff824328c4433c6fc04b96b0ea5ecc1f5df9be7d56
1659	26	1cb92f39fe29d51b4bb553daa6f501dbcbb0c5337d071935acfee32e6ca949eb
1660	38	0ebe3bbc21cd36e052f9d9c53322d1f909e1bb059408f5eccc5bfa4d37d673ce
1661	86	722c91e427cac9b6845b2c46ae7da10c81dd550d28a3e63b8d577904b09a9f38
1662	88	a545d7b34b29cde562f00c895d3ea670210b17bccbadc9b2f51d47c26559e225
1663	88	437f538afd3fbee786bc5248fed97f8796f62c9297e5c2f365d6aaf385038c9d
1664	35	7d2fa225b2acbfc597eff56d58461b30d3eee6130cdd666c0b6c8ca2170a6406
1665	83	86641e5ad6351fd272f22c3450f6b6832e1d6dd83d13b809b52cd7b732404836
1666	26	3003fb72bbdc2ecb158ffcc6d91ac782ed9064c87a43011b8c3eabbe23717c07
1667	55	22707d970ea011cd88256bcc8ed1d71c09130cd0229fd988de10f8ade19a2e18
1668	55	a6ae34bc49d2c0b115fdf7a77aca66b85f492e78c6fca22b0bd16adf0c42370f
1669	54	df56f97e41537313362139a4112f7125a0963f9d04288ee74c02409dcd210e47
1670	9	496de8a63cc5dcb41eaee44325d3c991354c7bad47dbd55673b5de3c4c7ea8fd
1671	45	9eec8385badca9f2168dc672cdea0ccbe20d0f28494e82aaf544c8b5d92f42a7
1672	81	670e730d90f166b70f9a2df03efbc67fc23292fca553d08af47d8df89973ea8a
1673	13	56b409c1a16af7d545d337fc2d2d7fafe8eef41b33205ee55d8ee8694b8f6985
1674	26	a01781a9a6fea04557611e317214e16579bb0ce55669250145ab123f4f101adb
1675	6	4893f40e3781eb896c82d046a08067a11e35cdf2f1dfaf26fea90b8db6676413
1676	40	46656d0b2eadf5207a0a327d93b0fb0519be152a3117f7aedfa87665bd06798c
1677	69	b7aeb8e5c70a95af86ea662568d8c007d483c0ad847a48c5ca1f4eebfd6d5894
1678	4	27e5788d5d9d73d24a81dbc0a5a74bfa82c9c3b3af99e52af796e90b468a8a3d
1679	1	01ba4719c80b6fe911b091a7c05124b64eeece964e09c058ef8f9805daca546b
1680	65	7f489b2fe68da514709f0fe1ddf9c0a9969ecccff3f1c7c89b3276d1ea4e00fb
1681	74	bfbaf75f0919da2c824eab4b3e1c1be0f7f165c56a152ebd1511d7dd28fd73c8
1682	11	a83df538645808df4cfe826b01e82a874fc51720d9bfefde454840d6ca861726
1683	70	d537bea8dc92e0706faf1510b2a63ac931a480678ee02bed5e39c24acae332f8
1684	68	07aec185d566e88a9ab8e90888f3ee546a2d8028f933f6abdcb3e9738b992117
1685	56	d4c85f0b376cfa5cb9e7b3f7a3fd972b6123e362a9090499aba9f134d948aec1
1686	4	27e5788d5d9d73d24a81dbc0a5a74bfa82c9c3b3af99e52af796e90b468a8a3d
1687	93	b774a48a020f0ae89c4741baf48f039ac5c7d4a5b5fbae3560a41248a08a6dce
1688	18	ca460ccd67c0ca7e4ebba3dd3374a49a1a4d291e88e615c14ee86c77d88e30a1
1689	29	f23063ed8663b5fe04df14bff10895a63125c721f56aa502178fc7658c3f388d
1690	56	74e1041bcbd135101ee7b627e11dd27ba6fa18ebe68d6d74f3a8c218f89fb354
1691	94	4af6879566780e96292e04bd400d0c35226c923d0e31f815384652ae530bec80
1692	13	7677fe1f1cd1ba2cfcc70a661eeb1ab8a9c2f4e2d12a9ef24d51986642c0179a
1693	88	3de0fe014fbecfe60810d0945c1cf8e657761327b6910bbd9861487a51e18205
1694	76	a492c3e70fe525a1ef4c05b5a2d89bb85a137280ffc35408420cee51fe2c8fad
1695	75	9f7e50a31e5f9d95107e4fb5226c560458743f41aa1b453ca4811c027d8248b8
1696	7	ad9e12546425576d3deae8c9b9dbf128d5d6ddaf5d7fe857934927deffa3b9dd
1697	4	27e5788d5d9d73d24a81dbc0a5a74bfa82c9c3b3af99e52af796e90b468a8a3d
1698	1	01ba4719c80b6fe911b091a7c05124b64eeece964e09c058ef8f9805daca546b
1699	22	b92fbc7e6cab82aa9fcc32b867c52b43a5441c39313a11d8020db79fcb7a6300
1700	64	67659c45b607d1ed6ee82bfd3cfd8fc6237a9e48481a513139ed34f7df785f69
1701	31	cee4991ba59ee05852c63e088c0c117b543387e50413f279881349da50769def
1702	64	3860fb7ac6e4611bc1adf88b5decee43ecf59e8fb1e2a19232330865f9f0a9ab
1703	65	7ecd585ee658bf4aa88e2dbbacbaae2b744f27e7f7d87b48497bc39278c0b99a
1704	92	151604b7001009f2437a59e66994b3503a8e319b95c86686096aafc334a2b1f5
1705	4	27e5788d5d9d73d24a81dbc0a5a74bfa82c9c3b3af99e52af796e90b468a8a3d
1706	1	01ba4719c80b6fe911b091a7c05124b64eeece964e09c058ef8f9805daca546b
1707	95	0587ba2168de43618da71cb9e6e56dd122de8a5172159b97779be28fa7c9db37
1708	22	55cb456e8b7fdfaf5ec67ef9ae7600fb66a47b372d8233577ea9d6e9e42b38f2
1709	19	7aac796f5f8edecca6a72b9f5aa6df8466db89071f9694047bc7920eae0e721b
1710	61	a420cebc0befdbbb7103fbae997f80359149cbe7483175d081bbd7891cc775bd
1711	62	e50e229ca55e8ad915866408439fe339b221d2c9de500546657c14c415663da6
1712	66	d5445c51593623be6b8b88338dcef9248c0f7f28cc4229401b4555e1c3965b7f
1713	58	f83e3640c4535fd6130b96cfd5e3cf8920f4087cb9106a653dac8e098c795d04
1714	58	5d19c9e6338ce2fb0f96f5ef33f1507cc081da78e28e9fc9a09626fd31f1b697
1715	58	4b6363b98dd2577ad1bfb2184befcf3e4d13d89ea214abd4a6ac747b6237660f
1716	38	fdb5d0d52910914f89f0631ba07914b53489b260a05811e9e235e71abf95079f
1717	31	5303418692cc5e0250713bcfe301bd50da78f785155233a0f28aab373019809a
1718	13	7677fe1f1cd1ba2cfcc70a661eeb1ab8a9c2f4e2d12a9ef24d51986642c0179a
1719	66	4f41c5d40daa3e6b723c94d77e0d80cc5675f720afcb34bf5260da397aa3b764
1720	35	6b74ac37ecc4c8a2c69a0f325d11792e6d5d634bf220236e1cfa7ba33b2a3651
1721	7	ad9e12546425576d3deae8c9b9dbf128d5d6ddaf5d7fe857934927deffa3b9dd
1722	4	27e5788d5d9d73d24a81dbc0a5a74bfa82c9c3b3af99e52af796e90b468a8a3d
1723	1	01ba4719c80b6fe911b091a7c05124b64eeece964e09c058ef8f9805daca546b
1724	67	dd4b8055fba440b24723fc998693a3095f666f3f1fcdc97ce5234950635e02b2
1725	45	038e6cf397af60e25999be741924ad106b3731fc5e9cb3e7e72b67aacbe2ef60
1726	29	f23063ed8663b5fe04df14bff10895a63125c721f56aa502178fc7658c3f388d
1727	56	2a77cac01c7a740e2dbf267fa7547da5b98345869ea5df4f465134c360bbd0f1
1728	83	64c1e38b85ef28fec359bf35b09ea261cbf6db04dc10843618262458bcbc4154
1729	56	e650b501637f923856b499f863525f35e0f9284e2d1897c16a5414caca9a9776
1730	4	27e5788d5d9d73d24a81dbc0a5a74bfa82c9c3b3af99e52af796e90b468a8a3d
1731	1	01ba4719c80b6fe911b091a7c05124b64eeece964e09c058ef8f9805daca546b
1732	82	006a98375fc70ed52951d47c992477ed87fa4abd4594bd4f2ad75fbed18e98a3
1733	21	33a3dda9dfa235554db2cb672f68f468b737567b5a83aeb76a8b6c553a50ec44
1734	72	c03d4c6f17308fe61e14bb375cd8aff8588fe0afba9780a485584d5e52569e7e
1735	75	cd264ecad974f26a24929687adc5cd5ed6ecaab5c14c28d50304b0a72519f127
1736	51	853f11eca811014d96dc157b4c000f9010f7fe426eaed69205d86104faafca53
1737	139	8c07669085b72083bf46f32b3255272ca31c712418996b86dd9136f6b2719176
1738	4	27e5788d5d9d73d24a81dbc0a5a74bfa82c9c3b3af99e52af796e90b468a8a3d
1739	1	01ba4719c80b6fe911b091a7c05124b64eeece964e09c058ef8f9805daca546b
1740	42	1f6cfbbc26ca9ca5ce8583ba27e67633bcbcc43d33ca9a417a88854ca5155d92
1741	17	7000b049ab1f3737ed3de2c44ce827fdfe1178372ef0de0fc388954f3d1d7e01
1742	24	1bed31a4c5bea26dec98a8a0dac0b62548c8de8675fc841155825ac7719a7fe4
1743	32	f115bf232d45ea8718d0f27002a3d861fb235eec153fc9b4f9871af171b6687d
1744	70	d4a1094eebe911a1028dc47f093f1ff613d23ef7d7c50681e069deaf0eb1bfc5
1745	51	9dae12fc56feb657725be73671d23bfb56ca7770cb90ceb349079ef57ff8cd44
1746	1	01ba4719c80b6fe911b091a7c05124b64eeece964e09c058ef8f9805daca546b
1747	35	84f9455933326b6267080eaa3146f8af976e6bdf50e537695136e3801ec5899e
1748	34	d5438f2531a0dbf16995a6d303327ee263f0098a9c2d759c31d2a28156fa6d37
1749	40	43c4b9afaa558156a6dfa3ea2301676cb2ccd3db317924e5a9a36ac066c75179
1750	1	01ba4719c80b6fe911b091a7c05124b64eeece964e09c058ef8f9805daca546b
1751	30	a411c73e9e4a8042d29d70d443fe7a307e5d8e62c955473d6eb2eeab3e81eb66
1752	19	c26be173b43a267559dec5a68ca6fd3262ab621faea7843486552397d6a47356
1753	44	8d80f1430088d497085708e71afc10990898a9f89746d1fd63da96c99f7ba2d6
1754	75	60679f71173dd079a551b71bc7362312f5d956d119ea61e015ff9275aec78939
1755	52	69836c2981ffde5a7ae3ff2ab0845e3978e79194637e3668752703cc49b6298c
1756	33	0a2d1cf8ba406e8c3f50a66235a9b25ec825ae210851ee90eb00330847ab8416
1757	65	be1f533c466edf68dba13a35a3968e787b377f7a331fda85e7ac6a8ba17eaf74
1758	30	5e94e236c398f49f2a12edb9d5d178e19719da94a1ad1fc69efb6d526d7a5c5c
1759	25	41b4cdd357455c862cddb61d36ad100589898bd72913bdc25f4880da57f468de
1760	8	9b62f60d8590a579cf46f8d67378c4c572b962ceccdb90c7a5f7b42b960782a4
1761	62	792af246c002f1ccc834dc2b270d4ddec42f725b84b24c042b22b159cb59940f
1762	73	4bfcbf4f0130dedec96cdd0f87b432980cf81b8b0e85ed4afec9150d006ce2b5
1763	25	f3e53d7e7e90e649873672a06d530afa818c3d541f66de09b8a3edf858687b29
1764	27	1847481f92d21591c777a233f8c57690fb66fbe3f19a0374b8ea1b75db3b2148
1765	44	27b4dee261c3e4c4663ec2e681048cf9b0c0a9e0580fffb4382149c662fa6acc
1766	7	ad9e12546425576d3deae8c9b9dbf128d5d6ddaf5d7fe857934927deffa3b9dd
1767	1	01ba4719c80b6fe911b091a7c05124b64eeece964e09c058ef8f9805daca546b
1768	33	62edb8947c9d65bf06576f0b836b4ded978b4b039f99a057a4674a47a3e28547
1769	64	236aff6a4fae96b24868c2f74aaf011a6ef947e92446551836b796a66e43e07f
1770	7	ad9e12546425576d3deae8c9b9dbf128d5d6ddaf5d7fe857934927deffa3b9dd
1771	1	01ba4719c80b6fe911b091a7c05124b64eeece964e09c058ef8f9805daca546b
1772	29	0e3bc64b654f5ffe4ac5dace801869fef35e5af79a2c9cfc451b03bd6d0ebe97
1773	40	e86da8b3419ed8b48fe3b6dde83e6d6f93e52a74c6ba36d87a69848d2fba3733
1774	79	5c30c4bc7945b73cbca88a9226db6419979f5d51c729130cd26e5a844b90a4a5
1775	7	ad9e12546425576d3deae8c9b9dbf128d5d6ddaf5d7fe857934927deffa3b9dd
1776	1	01ba4719c80b6fe911b091a7c05124b64eeece964e09c058ef8f9805daca546b
1777	47	81e003d797f21ed2738077996e10511a35fd26169ef05cd99865809db99f4bb3
1778	46	618587251f89131830533ed7003a6d710f6e250af95ffd782e573e744979b28a
1779	73	5616dd284294752b8eb9a2ff5f44fff00e82b508b17b5908b924ba398dbceee4
1780	67	873f66c8d1180844be64c9899e34782ce01ac13fca929050f71455305ed52bc4
1781	1	01ba4719c80b6fe911b091a7c05124b64eeece964e09c058ef8f9805daca546b
1782	69	9784a8b053ea6253cf441ba57aa1c644303b0f759f1378ed4a372c18b29cdbeb
1783	46	8198a8fd151f8d89a7d423b578547130a8b05997e5ab1ffc2123e47c7418a407
1784	70	6dc26244d3b54cd2b0b97f887e7b15e42de1326859a9f2d47618be8c1ba50e10
1785	37	796b0469091589f6d8bdeeb857f7326e0a9ade9729fc316a42f041185fefe005
1786	8	9b62f60d8590a579cf46f8d67378c4c572b962ceccdb90c7a5f7b42b960782a4
1787	1	01ba4719c80b6fe911b091a7c05124b64eeece964e09c058ef8f9805daca546b
1788	36	3246514fb2409246f75965fcdd8fa64dda2ed60025f1f5c8d12500dc46da5e0e
1789	105	9058c611408725231d5bf10ee08a5b035efedff4b65ff207492d899cc31d188e
1790	1	01ba4719c80b6fe911b091a7c05124b64eeece964e09c058ef8f9805daca546b
1791	33	bbe58d668c03469b4afee43ebd1941b66cc6d13fe283f856fcca5b95b7de7da2
1792	52	fea0a4784088e81d2215abd3bc916328213008fd1cc87fc5a75fbbedca60a9cb
1793	72	a3bb3fd26d2733f4b91df2206e1dc5e8fb666d83ca7786d5c8359bb0bb169238
1794	40	b0193be62c09f6ed129a8a642482c6e32e62b63974614c683eeab207f1e1df97
1795	75	734d8dc167f825cad2a8a48f41a322635f4d901bd4754cb77a84e95f810ac7c3
1796	41	d1d7725de5ccf0b7e42fbc0fe661778e90e694cba41e7a8907eccf6f825b394e
1797	8	9b62f60d8590a579cf46f8d67378c4c572b962ceccdb90c7a5f7b42b960782a4
1798	7	ad9e12546425576d3deae8c9b9dbf128d5d6ddaf5d7fe857934927deffa3b9dd
1799	1	01ba4719c80b6fe911b091a7c05124b64eeece964e09c058ef8f9805daca546b
1800	46	08d7ec7cc2db10d8410ad132853a5570cc9bb505aee4e3c05b397a0131fdf8ae
1801	63	1a493a438f420b474ebcbbf687ae5d9422826451c429b2978b3d35e5d7165796
1802	61	5f8a319412a5b3c03e55a8056481aa7824e2f23fbe1907b706b5c6188faaf602
1803	62	f65815a86c222c49340f58fe4adf95a2560abcef73a3bddb27a9e960436439ef
1804	36	e8ddeb419918322ed7eda7ddac360118c5cca3bbb00bedbd482ff2f824e0917e
1805	41	6a6ceba58702ebc67551a51fc8915d1d702186cd5a4036de3475f2be5e089b5d
1806	1	01ba4719c80b6fe911b091a7c05124b64eeece964e09c058ef8f9805daca546b
1807	33	bbe58d668c03469b4afee43ebd1941b66cc6d13fe283f856fcca5b95b7de7da2
1808	70	63dfb5d263bbccf414f3434a7749bacae2a54361b6aab6cd05ecafafd40a616a
1809	46	e56c294b4569a6e29374db19faa653d0aa463a59138feaa5b0803f97c8efa4f3
1810	40	01f2c62f7a9a749f51dc60e5b04a4c17c14e01c77d3c344ff28fbdbb11c70937
1811	29	badffd9cc73da095e0956ba2dc1203d0afcac9b279095e197c1f9256efb3eaff
1812	8	9b62f60d8590a579cf46f8d67378c4c572b962ceccdb90c7a5f7b42b960782a4
1813	26	8389fa3660317206f11040d811b7a8eb53f42bbd5b55c43cf8f90e39e895f78b
1814	25	73eb7155737a83a129c25536b226a2e1186a4a03d58a1abebf1565ad49066443
1815	1	01ba4719c80b6fe911b091a7c05124b64eeece964e09c058ef8f9805daca546b
1816	46	e2e441e837db83b5fc563614909150640fe2b8dacd5a6fb27c1bc437748548bf
1817	46	618587251f89131830533ed7003a6d710f6e250af95ffd782e573e744979b28a
1818	61	5f8a319412a5b3c03e55a8056481aa7824e2f23fbe1907b706b5c6188faaf602
1819	1	01ba4719c80b6fe911b091a7c05124b64eeece964e09c058ef8f9805daca546b
1820	32	4d1923b19ee0dab3e26bf6e07b1584f1668f909173f44a39c298bec03b67c0ed
1821	30	ee766845b1f82765b595de1e048275fcb94bd4f0574aa53de1fe0f754401a250
1822	103	470d585f7ec803265eb5cd40a27a182dce2de3de869c43602925c908049dbc75
1823	20	3ad2f0a3b26879b74e9e1f7650465d89bbb39a8eb4c71aca718d6eff498f106d
1824	28	16fd14f14a2b2e7b6283e7efd88fee2338b3cf30d283ce4f98f2a37adc78d46b
1825	16	02b405ba1a4dd22cbd7790c07372e427a8a39492bfe74220d81aba219d716f4c
1826	8	9b62f60d8590a579cf46f8d67378c4c572b962ceccdb90c7a5f7b42b960782a4
1827	1	01ba4719c80b6fe911b091a7c05124b64eeece964e09c058ef8f9805daca546b
1828	44	c2f3d3066a60b9e96330968b316042a3917b2adbfa5f678de5a6700913708f72
1829	38	980ba61b80e577470ef955b5ece3d59377e843117e16274091ca202cfa796074
1830	38	051f4897e7d9bb2647524b119c0db041e8a9e0f0e20078b4dd45632d9e031b52
1831	44	a6feb9b4b8c3401b0b2fdb8c390ea2fe85f9c2a3e40872f18176f8e57406b54e
1832	22	31a2269ccc63332a5dfcd6bcbbd71a534b14e82708628f9f51d7c0daeb05637e
1833	26	8389fa3660317206f11040d811b7a8eb53f42bbd5b55c43cf8f90e39e895f78b
1834	25	73eb7155737a83a129c25536b226a2e1186a4a03d58a1abebf1565ad49066443
1835	1	01ba4719c80b6fe911b091a7c05124b64eeece964e09c058ef8f9805daca546b
1836	78	e672241d523944ff727f0ba96d5ee89bdeddb825504aca59103861fd9f25b136
1837	81	7226dbe622a9890748584bd0c6673d7d9c67528a913092811e056e6444879df1
1838	86	0e1c49726f92dd7f9fdcb353008b20aa9521ccddc8300f7b23518ab7528f3f0f
1839	40	c7236de208fbe26dba0a9210358e248222a787fe01f77a7b791700b3d6a302d7
1840	94	e7973136924790392c21c9526f3d70b3aba062f570805051041e88b3d112c048
1841	26	8389fa3660317206f11040d811b7a8eb53f42bbd5b55c43cf8f90e39e895f78b
1842	25	73eb7155737a83a129c25536b226a2e1186a4a03d58a1abebf1565ad49066443
1843	65	49f564503ba92e9ab95d1dcc0cf5a579c589753d6235b43823193a6545b7b284
1844	4	27e5788d5d9d73d24a81dbc0a5a74bfa82c9c3b3af99e52af796e90b468a8a3d
1845	1	01ba4719c80b6fe911b091a7c05124b64eeece964e09c058ef8f9805daca546b
1846	67	1871e3d5fce466d3760209aac7b9c7b7c0f5dbddca9c65a27f622cd6fb6e941a
1847	17	a1bd15888f2c9271b247b270009a0280209bdf0d386c1f9e2154f333a64119e9
1848	48	00c1cdb9ffc06d3d608fd1cb3974f597ade35177edb57907b086bcdb370703c6
1849	41	6aed31cdb9bd1869257abfe14368b6df544d8e56425a2668a858dfd96b69c7e6
1850	31	d9dfcd575e735d256bd649882214103f4058935456da5dd593b057ccc9c4ca23
1851	41	ce923c364cd3808b41c5dbe0d7c6ab86268682f847bf56a4c20baa3cd4b9476f
1852	58	42c519cee0be737d643020b758ffb679422b93292d34fb88a31f56122a45d576
1853	77	cb062cd64ca2b7fa03c07e1e079fab7bcc04740bca71064dfe4d9afc3f1a92e2
1854	24	b337ed7748eebe9fc03d434003d298d7f7c022341af67f29869666cef2de6a2c
1855	48	57928a922616fa27ae2b31ef6763fd2d403ba4e0914dcc15ff400e001b9b5bb2
1856	146	fde7bff235782b5d7f220e27e06e5e81ca3ab6fc3776b87a58849565e3f40fe2
1857	6	4893f40e3781eb896c82d046a08067a11e35cdf2f1dfaf26fea90b8db6676413
1858	55	0246cb1c4430e985e9eaa2f8c43d0c5a4bb9c7167e739bfeff00f656ebbc860e
1859	44	bf957f7cb0ce37611fa036e0140253960505250ac31c239995853a6b6acf2993
1860	93	6fb3862e59fe766422a1f83ca24b531bc3c62e83313959fc6e0b5ab05ee50afd
1861	6	4893f40e3781eb896c82d046a08067a11e35cdf2f1dfaf26fea90b8db6676413
1862	36	1d59160634a9d71a43fe8b66c8b0ef343fedc7f49ec4aa1136c46c7b4e2e481f
1863	44	9e228fc778ee19e4fbf18e9279e17fe92dd6516a39be5957abde55248f413901
1864	96	f166f2590a2720893a1fa0ad8c211a8cb95a0cd0947bc12dc1dea74eceea3934
1865	6	4893f40e3781eb896c82d046a08067a11e35cdf2f1dfaf26fea90b8db6676413
1866	37	05cc42baab4d8508dedbbe29e0789db8a7782dd7ee99ec107f505bb382200996
1867	77	8e0b5537e4d40a57cfc9c60a13e4c9e133e9df0f606a54db50511a9407606eb9
1868	46	8194f5d7310bdf24a4a69706af8c37cae6eeef9e9a89d5853865e75bd68fa325
1869	139	52e73d0ddbd0668f5f26b144e9d0d97b013c25d6af05def90abd58e774108391
1870	6	4893f40e3781eb896c82d046a08067a11e35cdf2f1dfaf26fea90b8db6676413
1871	17	722670670f81044632b6f6c305fdd724088ce133f1d61810bbed2b4c1cc75b6b
1872	4	27e5788d5d9d73d24a81dbc0a5a74bfa82c9c3b3af99e52af796e90b468a8a3d
1873	1	01ba4719c80b6fe911b091a7c05124b64eeece964e09c058ef8f9805daca546b
1874	64	37db3b192809dd4f67c812461241cbe255b2c2d75eca74690db3ce4334b5b2c7
1875	148	8b201bd1339588a39b67cd8f77bb513176e9688347d7922700c76de3d25e26e1
1876	40	e6f714d8dc7283dacabd8b796eed73f367debe75604a3dd963556801278049ff
1877	52	54a6c7da16a09493c24a9510eaa0bce3d927ca1030df44531eea564374c78ee2
1878	50	61f18f265b2e1a712f015290736d98cd8fdbc908763602371e03257a1baf4efd
1879	31	24503344351d67d1756e0bd30e5482781a4fc71a54ea5193440b374912d3d7b2
1880	1	01ba4719c80b6fe911b091a7c05124b64eeece964e09c058ef8f9805daca546b
1881	63	dfeb1cf701d1fb33a6ea1fd4278482108326f8b536d8a6cf4489c77930f9c8b2
1882	6	4f2a2f996f08e680bd292135a6fa4978bda26e602d84f33cb1d594775d4304b5
1883	80	c35a21e3bf4a56dca60a2db0c1a8d9504867bd09a2037d8636227ef093639b83
1884	61	8bb006f3777c7a4516127f27de63d84c4ca76bba3e544fd984a751b83eebcfeb
1885	62	b7ae1697fe11143780bfe617eecb074ac18afb37b9c5909102946a8b6459d357
1886	74	0cc077c167a68da61aefcbe377f8b6debeda97e466cb134c029cb4ac9c9e16a8
1887	70	b2658530f89c8d02f317c50e2d5d50b9a90d870f81f590c4d4c350bbf34aae0f
1888	6	ee71127f7f5f1717b96e7e97690a7d181a507237fcad18840bbb0934022a920b
1889	31	854f7cc3ec7ff886c0b93dbb513f87604bf425e2148dfea03b9db89d112edfb6
1890	39	6c3c878d68ce72e1903ea314015e57a54e5fb93a37159e1ad164856e88b9e293
1891	60	4756376d8971569e95a8293fb9d79b4ea1d17f3cc796fb1a5769987600f67e2b
1892	27	b56111d2cef55b51c2adacf2e118122ea4d3cc86c1c25be425858b199b485dc6
1893	80	ca52cd6d98f1765b119ed49d0feaf8d8f88fc644677bdb21ebaa3280bcaa6629
1894	17	328a2a22e9bd3867b64bcf5d8c51d2e48538c38a86c014f211ce418960810855
1895	4	27e5788d5d9d73d24a81dbc0a5a74bfa82c9c3b3af99e52af796e90b468a8a3d
1896	57	e84211917199bf7ed432cdfb879b723325cabe764fe324dff15d1291670cb5c9
1897	81	c934d90d60ac9430e3ecdfdbe9d1ba658fd62db228602439809685890e83de92
1898	74	d34d4decdab29b4fa7582dca5eaba849fa5b86d29c4524704451c945432145ba
1899	75	b976cb42c40549c8051ffedebaa2d2bc857c180f54515c2e2f79456b205861e2
1900	67	c3f2f8b2b3d5b596f44e4dc5bec20b862a86a76fedc19b9a81266786e267e4d7
1901	36	6691a14519bab1f85459d2ddd878b41b7bb8ef28f7a44c60de26f8e509bd59cd
1902	48	17d749eb6ae3d911c9d9caa00e7a20eefe674d51e35de2db39d6494df1efa85c
1903	57	3ca5225b3ad92393633cef65f8b7d6eadba226837236e1fe1424a94273a473e1
1904	33	14a08b9e3441c745e285b5264a1f206ec4e1006627333b2d6173e31e5d69492b
1905	17	328a2a22e9bd3867b64bcf5d8c51d2e48538c38a86c014f211ce418960810855
1906	4	27e5788d5d9d73d24a81dbc0a5a74bfa82c9c3b3af99e52af796e90b468a8a3d
1907	1	01ba4719c80b6fe911b091a7c05124b64eeece964e09c058ef8f9805daca546b
1908	6	4f2a2f996f08e680bd292135a6fa4978bda26e602d84f33cb1d594775d4304b5
1909	71	b5a36f51fe13f7ad0f69a087f1a4ce2ef709c7b7493a4e9775a23431372d8165
1910	80	ffea4b2f1f09c3f8438072b719a349cf67e44768fa60a73dff5bd9a38a2c9626
1911	75	53aee4161b4c15a9e9f031721746db18662032b4756edbd0d7c9353c8c851b05
1912	77	c84aa1a21d896b7eb874f271d87376306b4d5342a2e2f5141cf442b582147468
1913	6	ee71127f7f5f1717b96e7e97690a7d181a507237fcad18840bbb0934022a920b
1914	22	b80078e39dad672e79b37f8b4778003f88640bf467981174bd281de80949eb6d
1915	54	282f413789cc6c52cb5ba27144c8935e6ea2f4563f0286d20dac8dea2f568639
1916	120	625fe48a6cfd2a6614098ac4611656313f05950d28e3dc21358e94369b56aa96
1917	90	f51351c966aacb8efce82ea4af2af5a0eb38f0a320cc7b3a75830ba9e3dcffd1
1918	29	534c0e823f5228772d68258c40d5f6cb3a6d9ad6e84ce61f6726adaf1260c767
1919	66	b3becc046ed5d16735cc77f850fb85ea95240048deab59497b5c51ba6e62a0d8
1920	78	c4e72dd44e09250837e851b6f29d274934c538b8f053a2b1f98b90434c2c7e1f
1921	64	a7ad17a899004d51059d8be8ac252eb1c9552741317dc976376c40c179cf528e
1922	53	9bca9b9d2396665c839bcb1a7fe3f53c571e71db6adbb87ed0a752b0336e6c0a
1923	113	ea899839d683a0505b8124d90c330870f2f722f95e87bf81a2b0d3da6d0fea64
1924	69	d12c46e93f3c35645d7352efedb2ad258603d3b0647cdd46f23df6c58b9191a2
1925	25	1bd1b4163596d6714d1d2ee8c59dbbef8d874c2436868f0273053164df309f25
1926	38	204795ff1ad93115083f5156e0b44328f678881fbf55c2bff6dc5a4ad3ad7cd0
1927	7	ad9e12546425576d3deae8c9b9dbf128d5d6ddaf5d7fe857934927deffa3b9dd
1928	27	6b7ca96758f9efe3b6ab88982c42d94b02e4d09ae419e07e4352b6e798e2afa1
1929	68	dcbba8b8bf1ba41e71f14a1baa476ef79be1a6cab809a3d6e965937451d18a61
1930	60	343b52bb0f4f15686c496a3b740693a06d7d306c4d2ffa491ec29a8da63abb76
1931	90	ca2477aa07b3f36e3eac54ae34d260f08dda729b9ed5f079bef4713ea559da5c
1932	20	aa39938d475ca3621f4d1ebf80ad2c6aeccec036d138eac2b7baa4985c034c57
1933	7	ad9e12546425576d3deae8c9b9dbf128d5d6ddaf5d7fe857934927deffa3b9dd
1934	74	d6ab110bfe64214f81521fdc4177ef076939d884db439254751e50fc6def35f1
1935	74	301f6f5fe048652d86c3037f34f4905484ade6fcec0cd82913fdad48e585f762
1936	49	f76775780aa2da7578c7284884e752212f9e504282a640b21fd3b339cc22db43
1937	68	742333339e990a0741ec82ca7a34ac28edb402e4867165dcc6ccb06fa40153ef
1938	40	3aeb96457c590bc3aaeb436fafaca50c1513709a6c5f2e4f99a84bea866e469b
1939	25	91b0764bc62775235c6fcba93e7bfd957d7daf1023fa942161905e58b33bd6d5
1940	17	328a2a22e9bd3867b64bcf5d8c51d2e48538c38a86c014f211ce418960810855
1941	4	27e5788d5d9d73d24a81dbc0a5a74bfa82c9c3b3af99e52af796e90b468a8a3d
1942	55	376a118387f480c583b4eb6d1b566f73a509b2eef9cfb4dae32dd7b79d714ce9
1943	16	4f92c253e549ce20b11441a65ec01c78c7298350f2955277d35b29ba9b69fd02
1944	27	e9a6b451f3fbd498355ad469aac0240d6e0f2f0cb008ca3cd9c2f9a3dd4f9dd1
1945	79	40bafa5c28236ca8026e4385b8a25abd09aea460b504b9e34c4387a419ba061a
1946	71	3d3a4f0c82370be1623c71c1398e98e64a91d8375fbae57c53dffb8194eb98a9
1947	30	3a36cae34c7dec362431c1773af3798604c6a763fabe9d80324b2909dedbdd55
1948	6	4893f40e3781eb896c82d046a08067a11e35cdf2f1dfaf26fea90b8db6676413
1949	27	3521945329e68aaa8ff3e3853df48d8cb8ccb4dd2fbe1859caae052a139492c5
1950	17	328a2a22e9bd3867b64bcf5d8c51d2e48538c38a86c014f211ce418960810855
1951	4	27e5788d5d9d73d24a81dbc0a5a74bfa82c9c3b3af99e52af796e90b468a8a3d
1952	1	01ba4719c80b6fe911b091a7c05124b64eeece964e09c058ef8f9805daca546b
1953	42	dec7df6fc215af6eb102ac570ed05f393ec595b6597f6d0aa7134a8e86f572c7
1954	20	4f5f2b1d0078e8b7dae07f4f6c7c6056af0016cd48fc9fea376c58ea11161599
1955	88	775131738bb58e99e38039533de0230d1dd92cc47048505b7eb669a7d2a0a0ed
1956	4	27e5788d5d9d73d24a81dbc0a5a74bfa82c9c3b3af99e52af796e90b468a8a3d
1957	1	01ba4719c80b6fe911b091a7c05124b64eeece964e09c058ef8f9805daca546b
1958	40	8615fdf1c41da941399a82e7d9c381a48f14078c2341ac7d57ce5fbfaa3a7f31
1959	69	2091aca0b9bcfe285986f95471408ecf7dfdd4e8cebc4eb1caa9bf3ee77f7f44
1960	32	7370dba5775b2277239da1b5bd2beb2373dae3bdf4007fb50475d33e75e2e275
1961	34	e672366d815a4ffd98ff20ff42a4840e289f03c796fda9ce6f050dc7113c55f2
1962	31	1cb39c486959307650ffcc1ec55c371a583ff05c407994c258113f578e36cad0
1963	32	acd9c6f6530506f1ee9fc56a327ba089a59186583fdf74f8371a6813af90a2fa
1964	23	bc6bc828b929b51855779eabed2cb77552cd3376a44c523c4bbc1137b2fd70cf
1965	35	2c8dd5169125053187e737a9e38270537187a22ff87b31f8e0a2fbc2bc55bfdf
1966	64	8eff2feb7ab3ef209bf48f8c348d9657fd1aa4a70871646c28532797f498f00f
1967	62	135e91f4735da7361e38b29267ef59663f0ab7e96b7386549c2a08bb797662d3
1968	18	f36b1f304f0b2a47b86eb0835f1a01089d6fab67dd4832f3f6a9fc1aaebf776c
1969	9	fe33dc731e7d07b1f0c05cfebd7e1922023e6077bc0ae7ba30148f50833a25a9
1970	8	22d11caf43e97ef369e6beed1a268bd05838f29b9dd254bf69ba64884147234a
1971	4	27e5788d5d9d73d24a81dbc0a5a74bfa82c9c3b3af99e52af796e90b468a8a3d
1972	1	01ba4719c80b6fe911b091a7c05124b64eeece964e09c058ef8f9805daca546b
1973	45	e721f89fd681e06db4937ec4cc28304530d1be6900e3cb100c7d2794df4a4978
1974	27	e35fddb6778384c4294ba0fbc41ee031b4c26b3930b926cbf39afee34943d4ae
1975	21	1e77bc2555dd2698a061cdab446749d66e37ba6682c6778f90db73ef69203e4f
1976	53	543ac23d5b6c4fcb6c30958b92801c7104dcc6e11955f7452679ac19243a6cb0
1977	31	720360f416679defe9609ff9af286801aa9ff70259e9fb213134549c73502ad6
1978	28	212f7b7d8a7377514d88858417cdb730a3c0b91d90001d4014ddc63a176cee99
1979	51	e1944271bda519e15ce829005bae03e74798348af6832a66abec1ad75194fd21
1980	38	e2a8ab54538725b33cd584d819274b925cf38d9877dac6a196f6ce1b83e7c6b3
1981	27	f574afce31b1951a907a8844d15f5f7c9fe32116342b8dd162511bf1d1d17e1f
1982	16	02b405ba1a4dd22cbd7790c07372e427a8a39492bfe74220d81aba219d716f4c
1983	8	9b62f60d8590a579cf46f8d67378c4c572b962ceccdb90c7a5f7b42b960782a4
1984	28	bcd66e597fa00e828c0fa3125648d70359ac67bb5bc14cabc88547ea270c7e65
1985	44	1266a4be740f223aa367a97abfe393140cbe4d31d894dcac04522c5e552eda36
1986	67	ba4d42adc5432a9c1d6ff0b201dd3448d7c5ecd5723693d9768454b0f2f70354
1987	28	300da37aa787bed32e8246263e397ef0a6a4d2d169c8cafa86d219e063fa61c2
1988	79	f317caa3c4b3704e693b5bb96792e3467d7fd1745ebc4d34088edb24d206dc83
1989	7	ad9e12546425576d3deae8c9b9dbf128d5d6ddaf5d7fe857934927deffa3b9dd
1990	12	9414d2ff017a8a22d7d98d6a2e372b798f4412e039a72bac2d9dbde486aaa01b
1991	4	27e5788d5d9d73d24a81dbc0a5a74bfa82c9c3b3af99e52af796e90b468a8a3d
1992	15	0bab2841b12bac9d15a6c7e8bedce2b90f0224613433b9ee255016417f4ce89e
1993	22	f1ed0f6aa894dea471d74bc2e19b3a24d36c97a450b4b2d3a36f0bb0a60c5d11
1994	32	8df24ce5b50dad306fab5b6df1900ec2cd892062b8c735f4ad3deca9e9c9ecf2
1995	61	98745c587ebc5472e501d6bcb15de86b5cbfacb956f198a227fb06afb6419431
1996	25	f2aa2c783b30392ae44754a7e49b74c4388801cc1d5f724dbcac1a4298ea9daf
1997	79	bc144fdf3af1dc9351b9f27c6c81c0c6f9fd807878526df99cc896dc44b91d85
1998	6	4893f40e3781eb896c82d046a08067a11e35cdf2f1dfaf26fea90b8db6676413
1999	4	27e5788d5d9d73d24a81dbc0a5a74bfa82c9c3b3af99e52af796e90b468a8a3d
2000	1	01ba4719c80b6fe911b091a7c05124b64eeece964e09c058ef8f9805daca546b
2001	44	51a6d67f7ce881198c9ea4b0cfb15da26ca8c7f422273c032bc0e50d083174a6
2002	18	b4dc58cda80e78759b109b7c939e28c8c6b0523e41a5dd72bb0ac3641aad1937
2003	20	fcf42190b832b80380127b2df055775089a9d0fb5cc255384bed3e136be59204
2004	31	d9dfcd575e735d256bd649882214103f4058935456da5dd593b057ccc9c4ca23
2005	134	8935ba4d8cea39e0a15fa6681fe09c76b61932c1ab04ad6b276114385b3e0401
2006	165	a1f5a60b51ce8199d5793e7938d364560363a392772434efc204d1c2293cdb0d
2007	103	48f34cc128cb097d9501f9dbd1dfc1ea9a9b94aff62785132b4ddee189650b36
2008	16	3562e75b16b588a5ad0605da306a0ea206dc86333e4db5726dd0b74652fff1d4
2009	4	27e5788d5d9d73d24a81dbc0a5a74bfa82c9c3b3af99e52af796e90b468a8a3d
2010	1	01ba4719c80b6fe911b091a7c05124b64eeece964e09c058ef8f9805daca546b
2011	46	1a694373c163126173e6b7df19033f90b3f4157cbf4375f4d71bf40e78382baf
2012	12	207476ea59c17bba26b2ef9f24e07193a17b8325e5e43f031b61d2afa9c26639
2013	31	7a5c2e743b5b4b6b88c12ac13fc10f461f4f64dc883f73e85476fe391dddc4b2
2014	26	8f4e84ff7c622e921c6d946cf1a17cbd31e552dd9c232a7b43ef4c11fd7d7508
2015	25	c9611ad5ba81b5860ba1f95c81ff6ea9e85ed208ac0dedd27afa3a55eb9fd3d7
2016	56	b6d6fc67d092518b9e7f2173f87a667774977f35a49608b25a9501856ec8a890
2017	4	27e5788d5d9d73d24a81dbc0a5a74bfa82c9c3b3af99e52af796e90b468a8a3d
2018	11	99382640f8678d9a375a1367b0e8223e3855a4dff7ba9f6c872f9bc98b87aa43
2019	27	feee9013e0823fa48593682423b72dc5111186eaa44904fb5ae12106c201689f
2020	52	1fc1bcbc830f95f0649fb435d872d565721bd0fd131df3f46b2776ad231d31c6
2021	19	a782c5e1a46727c2093f25cafd5fd1dd6a9e36aff3434c10dc2bb810af9e541b
2022	4	27e5788d5d9d73d24a81dbc0a5a74bfa82c9c3b3af99e52af796e90b468a8a3d
2023	1	01ba4719c80b6fe911b091a7c05124b64eeece964e09c058ef8f9805daca546b
2024	15	acebb5bb49bf5c10b343bd0aae87c43314f08e60c6e9b2e6bf6238cb0ad803b9
2025	32	d59a1c69249b8cd8385a157ebcb963d372d8d59d123cbf1cfb4b7f4914f78a3b
2026	56	b6d6fc67d092518b9e7f2173f87a667774977f35a49608b25a9501856ec8a890
2027	1	01ba4719c80b6fe911b091a7c05124b64eeece964e09c058ef8f9805daca546b
2028	108	aaad8ef06614ede78110269c15a2e62959516df8483ba16df5f67a056b559d20
2029	90	3aacab1654d3153fc6d2c91c21375f34df4b312d280cf0e63693447d41f23d9a
2030	61	8e65fbf6352799538899c9cd1a2c8d31106972c41f371b760c54346100017289
2031	27	a63b17d9b224f58e3c169832c4eb5eb725a0c41dc352f87583c6de8217278fb2
2032	1	01ba4719c80b6fe911b091a7c05124b64eeece964e09c058ef8f9805daca546b
2033	24	8671950c7d0df82509e8756b64bf1c61e82e67dbfc69a13eb201292c9c526ed1
2034	68	2233489c3fcdd869660da1b3c38b19fa9633f4ee5866774119365cc908229831
2035	75	620b26603c40012efb2ea3d5a11a278c96c1a9b44eb261eb700adafa58b2642e
2036	60	96cd6168e2afc32d3025de81d5d4dc1ea74fca3e951944d7e5f59d45e9d437a9
2037	40	aa2d6d959c95b1d637c6c85eff4d90be22ba3ddded26a21c1df17fe6e7efcc7e
2038	38	7daacfe41f36a320f21e7c6fad79d5eee322a83f7e3d40c4126cc2f342186d61
2039	66	6a68a4fd2b2db64e63463d22a01b98811ce67d2f48c8d2cab32fde660b2a06b1
2040	33	d3fc3e88fe606652d93fe6785bed3f6f01a9da7982c88999f30c7d6e1bab74ce
2041	72	a9749d1afe400ebd86e8ee21cff8d125076f668f43beb9867e244c55fab319d1
2042	85	5a5d31c09efd4b59d89b5802e12eed1e569972545fe947ba6000931a440eb86c
2043	52	3f8769a4465e6828d5585955ba96c2bd8307e4439affb5e59fca462773cbbe17
2044	61	09a47a925b45724333a69563638df58c8dd1228e39447e55d22c7dd917e4a3ff
2045	65	837eed95bffdef9b3610828c55366e27897fd2c125d4d15e3a317d86dd06ce3f
2046	6	4893f40e3781eb896c82d046a08067a11e35cdf2f1dfaf26fea90b8db6676413
2047	1	01ba4719c80b6fe911b091a7c05124b64eeece964e09c058ef8f9805daca546b
2048	23	4f7b3d916b9c66455452dd08b92b8baeed0ab3ab4fff5bf678fd25eac2c1b5bb
2049	4	27e5788d5d9d73d24a81dbc0a5a74bfa82c9c3b3af99e52af796e90b468a8a3d
2050	1	01ba4719c80b6fe911b091a7c05124b64eeece964e09c058ef8f9805daca546b
2051	17	19026f2a4e5637f6aa3a35f5e856cdfecedbf365ccf763a32730a496b25a9513
2052	65	d6109fb8cbd5cf0e13e8e6541469b75621b380a59f51bb2ce87e5d4bf60e74a5
2053	19	7aac796f5f8edecca6a72b9f5aa6df8466db89071f9694047bc7920eae0e721b
2054	1	01ba4719c80b6fe911b091a7c05124b64eeece964e09c058ef8f9805daca546b
2055	12	9fe815aa3abcafefe15e717c5f8e9f7702057fa8ff4a390f280dea5917206254
2056	51	1d4ef1e929425252692b94a0729b0446590934dae6feab648c6ae25e9e00ddfd
2057	30	8c3667909b0ac45adfb79d4b40c1df75d1a5d53a4a20bf9719e898c19f5635e5
2058	1	01ba4719c80b6fe911b091a7c05124b64eeece964e09c058ef8f9805daca546b
2059	64	09a298a83f3d84a0c2c9fc4609a74ada505dd3ea11b9d2cd6363ae4e6144bc08
2060	27	709805e750a96e9bee87f37b55853c1cc9e3004e5eda93b7ee45c2e00c382fb4
2061	26	fdf0c2d00bf14e6f131776eaa9102c43a256bb1215b419a55def6046ede0ce9d
2062	48	457aaecbd138e77149382ba529a6819e0d5d15399916423c21081447ba74a0e9
2063	60	0bf48fde7cfeac9a024d8adda9511f51cd347dc6402b160cdd47ae919d8bf8e8
2064	42	ef4e0ff348f5115bb2457aff2a5c9827720220fa82ed0941bca7a23035b70f00
2065	76	4a9eedeee91c553e3f2264f33f5b9dea7e00a3c96331884e7f79c71420702bcd
2066	79	c2e7c7b4d536e43ac58e9ad1a6ee9377413aa40edcec8ea53a9b9b7f2d79c5ff
2067	26	0d6c6a2cae3382619370655d4c5b23bf991ab32af87dd0db2cc01b5bad7fafa1
2068	94	235d58bf88c56ee093d43c5c467a652cf0db288f2be965a44f154bd628e42557
2069	56	714af04cc1e31fc0ca6de938f4c24147f1a42c50d51122ad3e6d041f7f40dc22
2070	84	566c7a935be23f411b26a1889e894f7867fa3deadfd340fdc8dfc317d5a53e63
2071	8	9b62f60d8590a579cf46f8d67378c4c572b962ceccdb90c7a5f7b42b960782a4
2072	27	a731b94b759f7ac67db2fb972a6670a4213778cb56ad187aef8fdf1bcabb1564
2073	6	4893f40e3781eb896c82d046a08067a11e35cdf2f1dfaf26fea90b8db6676413
2074	1	01ba4719c80b6fe911b091a7c05124b64eeece964e09c058ef8f9805daca546b
2075	29	2c295257ed4b467a93c67cfecba76515a51dba87fc12a4ee65e3a4be6040e71a
2076	33	ae5ae546cc8b5d70858c1e223a1ac729511176006aab967b471b18b6afe2e690
2077	50	db8411e9ab4db3113ff20c28eebbf48d5bc70de9219aa408b387c15fe8c1ffed
2078	51	3386a410287bd1c6a59d2a7907ead67f0a94d7680910f74dd54154997d1aa8a3
2079	31	ff255716a68ff1d2e15d560371df246d34fe0445b90cde42973a15907dfc344f
2080	46	d56d2fe440ca9a2e4d569b6f26e22b47c08c3bc1d8b4870b2d49708b91e02b74
2081	36	885dd46ebd319d232a3b6a42de33184af82da6c90f4e365009f615aba84699c4
2082	27	366c8340ffb495f4ba261cc2294cff8b3886ba2b50fb5681f5831301933adc5c
2083	42	bb87340645ce0cdf376e8f2a3067959770aa320c2d08a22c60146e1cbd1c54fd
2084	61	1a082d44747173c7ff429a5fc0d8e2dbe0bfd8e0e9d5bdc884bf6d8964179661
2085	83	dfa0c2a668af522d70d9e0302592483ec378d66748261460c4bcecb6480e610d
2086	29	128122f05457edbeb1d414f1fdb17c20f48669971f0fcd0b44447f0e12ae265b
2087	99	b06002a29dd9408882c6cc61450be9eac1550e65bd944626f74be931198ea6c4
2088	14	5522c42cd19c6d03d808c452720552825b7ea1c5b491b218511cac7415cf9d9b
2089	22	f9ef5049edcf01cfba93d00549353125debf4258c321fbae25b2edc58be2c178
2090	12	88005d57106a362eb000daf3da4674c82b518ff5a2e2f67ee8e757a333c2af66
2091	10	e6b04491469722e8363a94e4044538e013a2a217e36b1e568ba60acb7b4c8f2e
2092	8	9b62f60d8590a579cf46f8d67378c4c572b962ceccdb90c7a5f7b42b960782a4
2093	32	7a578d3181666abe5e7d3499f9be24ba264701b82677014129119011e03347bc
2094	51	1bd14a72c5c35cb6258d863e9d7b3d153c43670b68f1b4b6ec2e08d1df602020
2095	49	97a72c29abedfeb25b1d2ea5e1948b59c5283940e599ec7fd6962dd4222e740a
2096	95	84aa99ebc0e1a2741fcc27cdc7e58fb7735eb06b1762c8c45bf2c36adf54b9ef
2097	34	fb910c61dc43c5289911266dbbc3ce8403ff8c3e3eefa962785c8a087422711c
2098	61	b6657e0995ba7a546bab8bb8f7c4dc861e412800c5bc7b3b6738e3e8e0e66cc9
2099	47	7af849af996a309dd4a58ec6406af3983e75d0de4828d6e1ae1de3fb1e97d2bb
2100	116	1cfe8f9255d53087b7469c89cb2b669573f426ccacc76647f3364b89712410fe
2101	10	e6b04491469722e8363a94e4044538e013a2a217e36b1e568ba60acb7b4c8f2e
2102	8	9b62f60d8590a579cf46f8d67378c4c572b962ceccdb90c7a5f7b42b960782a4
2103	6	4893f40e3781eb896c82d046a08067a11e35cdf2f1dfaf26fea90b8db6676413
2104	1	01ba4719c80b6fe911b091a7c05124b64eeece964e09c058ef8f9805daca546b
2105	38	47493c8304e9678f3baa629768f74b3716de4fd0c21d96f6cb64f03264173e34
2106	31	d9dfcd575e735d256bd649882214103f4058935456da5dd593b057ccc9c4ca23
2107	52	e204baf4ea7df85374da634a07260b9ef6ea640b342a3ff3d70b5919153021c2
2108	65	8eb357205f910c5de483ac5b9603e1ecbcd3e2030b52443f1477279489bc5141
2109	41	ce923c364cd3808b41c5dbe0d7c6ab86268682f847bf56a4c20baa3cd4b9476f
2110	63	0a88630226ee48ef949d601b80acf2632fd13eea1e3ea4374d88c4cb34e85f42
2111	106	3e1e140d82643fb07263e438606b5e7163ff8a4665537dbb2fca01095bbd66c9
2112	77	cb062cd64ca2b7fa03c07e1e079fab7bcc04740bca71064dfe4d9afc3f1a92e2
2113	86	315718ea0eeb31a61783fac22dca75fb9206affd2c00322b0610a856163ac447
2114	27	101d0be86d70b770fb3ca3d79d67728842af8abd144aa94acb6d219ffae6460d
2115	44	be9bb84c55cfa36d431a56716d2ab125981a13bec8a6994d388de9b350d2d1db
2116	23	74554180b0438ef1deea45716161fa1049d0d4e16d2bf70f0deee4fb213d2856
2117	81	736c723e450d4cb2792cedb273f568de3626481cc7900e81d83ef04958342cf5
2118	46	4f285cb69142f4695fd74a4616d839a08f385a356b5788f76d86ec736e0e39b8
2119	61	a55945e56c8e98724a7c19ff3c1672d1256fdc7ae3fd64ad80206244b2da532f
2120	63	aa8b3067ea7d6cd5d5a05efbce78f48bb7a357873542e975e70c9e1fd7c7658c
2121	25	0a9923f5d6224d092e93f8c6da9d47ff435526aa5e88a9f70ccbdf1c4cfdce13
2122	66	88c364055f0c50d099cafb3daf23262c25b37cf9a5a8c7dc2c3a9bc08cefebf1
2123	20	124ab3006fa93a70a21871d7b92cd31d4188465d92938b165e5f153686fb9c6d
2124	73	78c5d42350a931654ca53f34cc00fc8dc0d8dfa23be4420760cd4119dad675f4
2125	10	e6b04491469722e8363a94e4044538e013a2a217e36b1e568ba60acb7b4c8f2e
2126	65	7ca34a22bb493aa5cf0cb87869aee7a93472a47740ef6aa096ba3fad51064b7d
2127	29	32a57bffd3d0a6d39bd267494829e820f8d55ba0b4bf059fa94fa188777b7ead
2128	67	90f8203d2a252992b2d6021bcc321e7170d064a405f25cfa38cc7ac9cddc76b7
2129	25	78321262951bb1c11e5fc4edf0ea165f552829261f7508d3cf5f4a9c4e567820
2130	30	43fdc9cf3c63e2ab34c64396f814f061f543864270b30b5677b3bb390e3eff52
2131	33	6d1e1e2de307c111fa0a19dff0baeb83367f8f2550a9950aaa014693918df4b6
2132	66	d95800283d4a364dec007ab01e5ca944136dcdc899ed0cf1ff80fac1e2a8c5a9
2133	42	0de7433d67cb9f2c7b241eace2d5ea0555b67ee2ca6dfbe3ccf016b6e209b73d
2134	27	504943389bfde23d11518f154f6768d9e10a5dee56f3c52d2797d9ba5698ddc4
2135	66	960dea17d6253c05e5546e855f1e41fd2ce9deba8f3981cb4bd3e26ed012aa9d
2136	66	8c3108e6df963f026cddf788eb5c0d149bd2c180b214c99d6eaae9a4c0e6f1d9
2137	24	b3166d5d407cacd9626088f79578eb958471c5379cd9bbc499072d68d2884aee
2138	31	0682dc945533e50f7c9f73917226d12015de0a7c8baf2814e5928daf3f0b6397
2139	10	e6b04491469722e8363a94e4044538e013a2a217e36b1e568ba60acb7b4c8f2e
2140	15	8f09b26149a724ca9dd482d8fa178a8b8fa00470320a8eecf4c4ed58699e1150
2141	66	d95b7a2d4eb4f26bc404a84620f24c2013d26c8fd0ba72947806701e34c79d15
2142	29	0038d700df62f66f51555c8004aed9fe1bb5ad3cd95d9acc59243ccbfba27c05
2143	54	f1cbd085b0f0edcaca80881cbc0299df49cefd88aafd04731fa0a12b28ed1c05
2144	29	32a57bffd3d0a6d39bd267494829e820f8d55ba0b4bf059fa94fa188777b7ead
2145	8	9b62f60d8590a579cf46f8d67378c4c572b962ceccdb90c7a5f7b42b960782a4
2146	6	4893f40e3781eb896c82d046a08067a11e35cdf2f1dfaf26fea90b8db6676413
2147	1	01ba4719c80b6fe911b091a7c05124b64eeece964e09c058ef8f9805daca546b
2148	34	0b51857962a3f99fe14c3ce2d8c16cd6e1ceef793f0b7a696d08330ab90d76e2
2149	25	db2997d1cc6355146aa662128bb88fba7e4588ac208417857b9f99820c305ed5
2150	78	65f29baae17824d3034ce22bed26fe7dd5f0bacbf6f0adbe15dfd9763e5f73a1
2151	48	13660061aed541837ceb41e7951e216b0065620f50b0d54009af400b81eff8fd
2152	89	9c57b8d636c7a6456cacb02141625a108e9697b439c65da20274ae50c84cacfe
2153	30	72380212f1ee2efd5a4fa420ace77f95cb759fc0b8871ccff5fb2190cce607e1
2154	62	6e3f90eda30909d6af47691576a6e69f74cfb723048211734ea47efb33ab9998
2155	40	4490c64908784f5edb62eddaeb2864758f3a1ea7a65fa42f68d1c2c51aae2822
2156	79	28378f8dc009f622152219652faaca57451ed285de797aa6e79e609eff360850
2157	74	b2d50f1a743d983ac16614fe69b82eef8a9bd6a29e40c409ce7e756f1c5cc940
2158	67	35106177db9095e480ad4d24d7af6b9ad0553a51fefdcedb32b6a0e119fc5d20
2159	8	9b62f60d8590a579cf46f8d67378c4c572b962ceccdb90c7a5f7b42b960782a4
2160	6	4893f40e3781eb896c82d046a08067a11e35cdf2f1dfaf26fea90b8db6676413
2161	1	01ba4719c80b6fe911b091a7c05124b64eeece964e09c058ef8f9805daca546b
2162	30	00060c7824f42898e54750982d1fd400f2a9aac4de4468bba75f4547b1574eeb
2163	23	2d82e3f1525cf5406a1fdda3da768e691b5f883cc75f00e82a3064ef55340147
2164	30	72380212f1ee2efd5a4fa420ace77f95cb759fc0b8871ccff5fb2190cce607e1
2165	40	99daf454c96994a2433a74d4cb9173cb5e936c58b6c758de44f1f92ecdb15729
2166	82	952bc349ec72ccc8b3438b02167037655744665ed642e87a3acddb43924516aa
2167	80	6ca36ab1a477df219a6ef9f92bf163f330f2ef3d17d0881eadfabf22b8264577
2168	74	b2d50f1a743d983ac16614fe69b82eef8a9bd6a29e40c409ce7e756f1c5cc940
2169	98	a02d31ca987c93ac170c24cb77f96e41e61e78114b8025bf8af57edd8146b18d
2170	57	c6dcdb6c36a7da3ad3b40adba3772c4b6c9bd6a495b3b88292a299b6da1411da
2171	32	b9c88ea2a5e0142bed3cec2be6f23c94fac53ff95e456532b0bb9a82f6511a34
2172	80	6f0b88419be7a278d49f47ac68da76352484e5e913975db6752ca4c26c38a6bc
2173	82	307204c61355e254547860bcb01ebd525cfd41fa32a6e5d82be5b00dcbd2b4c9
2174	33	4b9d059a7ba03d01942e7b1c2890f69ce52e95cea01fdd5c2a2cbdb63cb888cb
2175	31	a7f14b20817d86102d2332e5b3c74783546f605902fa355e0428d97762cc0fe0
2176	95	7984077a3f584a9a1f8c44b0bcc4c7be4d780ce1e21cf906a4263122879a37c2
2177	72	2d167c67c3c7b189d8594e4f46ed888f324ef97e354928c2ed9568e62d7e2309
2178	10	e6b04491469722e8363a94e4044538e013a2a217e36b1e568ba60acb7b4c8f2e
2179	29	32a57bffd3d0a6d39bd267494829e820f8d55ba0b4bf059fa94fa188777b7ead
2180	8	9b62f60d8590a579cf46f8d67378c4c572b962ceccdb90c7a5f7b42b960782a4
2181	6	4893f40e3781eb896c82d046a08067a11e35cdf2f1dfaf26fea90b8db6676413
2182	1	01ba4719c80b6fe911b091a7c05124b64eeece964e09c058ef8f9805daca546b
2183	64	0c4e0e5f86b55db4567705e19653f7dcbe75c4fe3bf0dfde449453b8558bca2b
2184	36	1d59160634a9d71a43fe8b66c8b0ef343fedc7f49ec4aa1136c46c7b4e2e481f
2185	44	9e228fc778ee19e4fbf18e9279e17fe92dd6516a39be5957abde55248f413901
2186	33	ae0bfd030fdad52ab367c219e1ed8d71f276e5fce8276dd3e2d820bd68d3d339
2187	54	81777961ee8bb640c2f7923fec1f20747058d078c5346dec64727248f44a203b
2188	65	dc2f39e2e8076473ea1b77db3dd5655d9917dad79a42380ae9db1b9cb5f9003f
2189	65	a0c6d065462ea82c5a87f8ba6ef6d59a1aa5ef9d737b2e32f0325ad2a462046c
2190	84	861907da6d9d66583e4d7917b85284e2b4b31d77a1e56999843e0cb4dd2e9e7a
2191	21	19552ad9f25a638154929ff4ba3d2bc417e3772ec375b61a76c1e1d76e4e997f
2192	33	1ef44b1ba09a8c680c95ecf92a60847425318ec71f33d81e50aca6d5aa13489f
2193	95	5d85c5317f7b3b7fddec7fc5fac599f10ee188300ff234ecd1b816507e9b1610
2194	32	e7b28149706870f9d642142574772643049dd04bff30043c56ee379c8eb74182
2195	78	e48f0aba8b3eea9a18f110852fc4a240bcd76e29027676e04cfded2b426a0a97
2196	8	9b62f60d8590a579cf46f8d67378c4c572b962ceccdb90c7a5f7b42b960782a4
2197	6	4893f40e3781eb896c82d046a08067a11e35cdf2f1dfaf26fea90b8db6676413
2198	1	01ba4719c80b6fe911b091a7c05124b64eeece964e09c058ef8f9805daca546b
2199	25	9066533afec31b7107f4ffd3202494ac543aa13a01dde4288969ae350e39e6b6
2200	26	a44fb71445c381b14a236c4ad974e4ff246a884e796df3b32127ac257233da4d
2201	63	7d8d05efce6d06c74b6c4e821aad3ad1d41d8d30fb02589cb7e37b169fc8824b
2202	47	6e79c8831de326f0ff1d4caaa29579f55dc02468f81ce0d80879e6075db5a54e
2203	139	91c5040ee1cf7e90982e0673a58d7b3777b31210b386c379a149744d09be39f6
2204	8	9b62f60d8590a579cf46f8d67378c4c572b962ceccdb90c7a5f7b42b960782a4
2205	39	3365377bdaadc31b24d4367018848aa8b5bd1ab2e57b9128176c748c3aef764f
2206	86	02346bd9f846346f586a5a07b6cfd87d148dc1fe1cc6dc001645fd822864cf8b
2207	58	3cfa4eb357b3b80548b1eb0ecc22973afb1cb1581cf78e28f2b2a991abe547d3
2208	50	1f1de00f0f16aca54061e1b92857a95c22e84fd139428c1bc99e480e599a56bf
2209	61	a97cd7e9dcccc52dffe0c2bd0bf3e31c191a770184e94026487044bd1eb32969
2210	105	9406ee6584f2dc50a501873b809b169bcdce496026bcd2bb263f835e69a00667
2211	51	8d0f86899c6d2de4ee76965aeab62503f6c553a060795c74a83161a54add48bf
2212	8	9b62f60d8590a579cf46f8d67378c4c572b962ceccdb90c7a5f7b42b960782a4
2213	61	392eab7d1b4677eaeed2fe15d9394c669bcc4dbb7d90191fede6dfe028af05c1
2214	6	4893f40e3781eb896c82d046a08067a11e35cdf2f1dfaf26fea90b8db6676413
2215	1	01ba4719c80b6fe911b091a7c05124b64eeece964e09c058ef8f9805daca546b
2216	22	1ca8b20e2b477ecbb198c04a1122ffd0e2a6f7da9eec473865272928ab9f671b
2217	55	63c8987a482f0e4f482effd0d0e98c67369154d29d63e1ebd9aae2dba4a4571d
2218	1	01ba4719c80b6fe911b091a7c05124b64eeece964e09c058ef8f9805daca546b
2219	51	324e892fc235a2e4c0b38b19dd5cffc41a922c0c7b0aedddd7d223a404895573
2220	59	660b5af37e9c7d3e0c72c00dba6d6ebaf245bd6ee5b015e0d7555b6b7c2e7675
2221	1	01ba4719c80b6fe911b091a7c05124b64eeece964e09c058ef8f9805daca546b
2222	21	e6e3cbd512876a4b58c2392f9eb9e25702d13f8781b96f2fd20a52c9b6c0caed
2223	58	bba82ab5a9fce0960232e272c6f7c55e6828ea6fc92351256dde0d4b42e7ae6f
2224	4	27e5788d5d9d73d24a81dbc0a5a74bfa82c9c3b3af99e52af796e90b468a8a3d
2225	1	01ba4719c80b6fe911b091a7c05124b64eeece964e09c058ef8f9805daca546b
2226	70	7ebb7d95e9021ece8dbb0e595eda4fcf7d877a4eeb48fc658956b620b75e31a6
2227	24	ff59d4937dd4b952508a8452aad2296704a6791fd76d544326a733f9d1155af0
2228	53	ba3376d615c494f0c33a5730788f7573a3291f54d090b6027c108d458d04ae1c
2229	82	305f92649ff8afb82570384fb4710b000db99d5b5172c9ddfa507d43e9b4b3fe
2230	32	9b424105065a6b66cc920a8a8f51e0795478985dfd8223944fb478afd3dfc42d
2231	92	05b696b74504212c571bea34dcdefacf38e629f30d5cc042f63031b0d0d1a5d6
2232	18	ad47451c7486d42292ba3690b0d3c44c49bdd16727ddca201db4a00929e4e593
2233	76	44a8aef964f7098e865123ec750e127b13b4c23bcca45744159601500ed3089e
2234	9	496de8a63cc5dcb41eaee44325d3c991354c7bad47dbd55673b5de3c4c7ea8fd
2235	43	99b0c64ebff4b054f3a97b95fd258e30cee3c666bc6c17b367eeaab94bb8471f
2236	7	ad9e12546425576d3deae8c9b9dbf128d5d6ddaf5d7fe857934927deffa3b9dd
2237	64	84a879d24848d9453f96fc89ea73f8b702369be2111817d996ee52e638679aa7
2238	20	329f622ae8656aae4188452e801936a513807ab939772e8a41fd7caf07a41d37
2239	63	c13f82ae1035a81056c040147a365315285a09d2d996708f6386c6292d081c81
2240	16	6e30ad2e22eab4a7991cdecdcfae5b1abc41c4cd383352733d60856279029a18
2241	23	e1e9190ee5126002486ecd7b6c35bffd56a889a7824e3b93dcb557311b840dc8
2242	48	de3d040b261ab163bd90d89659ac0b87e4ab2fed2f4367782153c7941675c60c
2243	36	17e16b2a7a479a2e54c074858678192edac911147d192dc76e20c7fc9a3b7031
2244	21	3f3c66b83be1e26c3d010201dbe83646615dcee8c8de6a3abef554841d184efe
2245	25	2bc6487975fbd2b7b8cb8b28f52bdaa232d8024da368cd2d94ec4642290629fa
2246	27	119abf026976113d5e8723b8aca530ece1f991763f63fec9aa6c47ebd76a575c
2247	45	772ad6f8346914b8d080ad23af52b32d53ef87c0913c0403a9429b54b887805c
2248	64	b1d20af390f44901a908f7a170e54946a077ce223db19d09f609228349334090
2249	35	a02be529bff71502cda382b9d516144041181ae65af6a2dbfa55f9e22786ed26
2250	6	4893f40e3781eb896c82d046a08067a11e35cdf2f1dfaf26fea90b8db6676413
2251	18	4c08f51ba78402a2af5f63f5a4f8f03c76535a47b2b181e60e608fca19a4dbd9
2252	77	4b9d88fd7c7d9fb7452ca7aa5306dc74057ac25a09c0f203a069693b78ca34a0
2253	86	ac2d518d5fa46ddd9e7dfd8db920b2e9da28a17bf17aad9d678703e91e694ea5
2254	44	4d98f36626e6b5088eabdf7332ca6505d1694335b3930d4847f87966e6a4d406
2255	46	7bb78aa6047bfb7474e41f108ef0e62c1e3bae49dd0a33965caa1220357f408f
2256	25	e1388c5969d16072b26b3d18d9ad786df9756b90c3169d0525d01c01b27b5f1a
2257	80	fa819c84ead2d49967897deaaf787dd7fcb9872e57bbc2423e3776a506a080ab
2258	24	301f71036b9ca4f950d1916203157268973017b59b854ef8d08386b709986fd1
2259	100	63ab396a6e8fa2174f1af0f9e3e0eed907287ef9bb6037c787944fa7774dfe63
2260	78	3bb8750b1321afa2a66195e058928743b77eba6124ff74e93243e688fd8ff46f
2261	91	784b731f20ca334552e6bc6b74eb0ebb791e69d83ef62d80cda8c79ed7ed7daf
2262	59	9ff69508ba71e7d70d397ad076510e1179f724d46260203d32923ed40f7aa1c7
2263	36	ef2f7d1798f8705b53af7459407c6869262aa7202de475294eb8fb10b605576c
2264	28	dfb56b737da5e4cc815ac82896b1dc2d44696aaec2a605ba20db1804a95f47fb
2265	24	b337ed7748eebe9fc03d434003d298d7f7c022341af67f29869666cef2de6a2c
2266	65	243d46252db847041fcb05d50682d47fb1eeb82e4b3438a1e1517c2cc1954469
2267	95	3150eddbbaa01cbb2dfa269a35387ee4a90073f63da78e9814010476a7b2f050
2268	53	37b34a7a3b75f587f128ccb661f24c69e3919fb039a7ba07be4917b3c8feabef
2269	6	4893f40e3781eb896c82d046a08067a11e35cdf2f1dfaf26fea90b8db6676413
2270	19	341fc2b8247984765bf8e479e1f157ad0b77f1856f5ba70b07de3f54923e8d5d
2271	4	27e5788d5d9d73d24a81dbc0a5a74bfa82c9c3b3af99e52af796e90b468a8a3d
2272	1	01ba4719c80b6fe911b091a7c05124b64eeece964e09c058ef8f9805daca546b
2273	89	96dffce61443684bf32d3e17616bf6b053afcef990607aab08fb7c8733a483e8
2274	22	9b97f692ca24a5c12ff9676d6a6c92667a33e4b71a702ca67d07c182f928fb64
2275	91	753e33c7afa8c76bdca14b10e6bff4e00d9bf316a7ffd0f9b0874fdb5ec7f675
2276	108	f8c354fbfbaaa3da02b5fe81c66a23884c1a4143c0759f61220cef9e115986e0
2277	100	3c4932adca63fa1f418d1cde693f5bdb5b718584610ae8bdce97cb1acec9614c
2278	74	15652a68d3914998e8b57384aaf3190914a5752efb88c73403f2e953228e0ec4
2279	14	1792f847bb21cb292dd09f7fa6e7cac4a8c14d97d389633b3d1520ea14b5b1dc
2280	6	4893f40e3781eb896c82d046a08067a11e35cdf2f1dfaf26fea90b8db6676413
2281	25	ddd1897c24dfafe4798bc542f504f88be1bb9966637c959a74b498735bcfcd6d
2282	62	f1ff8619dbd0999869539808944b11ad45d7ed80d862da309615c016f077ff28
2283	4	27e5788d5d9d73d24a81dbc0a5a74bfa82c9c3b3af99e52af796e90b468a8a3d
2284	1	01ba4719c80b6fe911b091a7c05124b64eeece964e09c058ef8f9805daca546b
2285	29	f9daa945ccc651f204506cc41d508ca261fa610ed6b68c1440cd68e9134ee141
2286	33	0f297fe707bc02de77869a851fa69f4861951cc4b8af5aaa6b2642287e99a63f
2287	39	4831fe46652297b1cf72621b0aeaabe45c73eed9085ecd2b7392a7f99f33ec9b
2288	46	8194f5d7310bdf24a4a69706af8c37cae6eeef9e9a89d5853865e75bd68fa325
2289	33	ae0bfd030fdad52ab367c219e1ed8d71f276e5fce8276dd3e2d820bd68d3d339
2290	54	81777961ee8bb640c2f7923fec1f20747058d078c5346dec64727248f44a203b
2291	75	fd069248c153b5c90873c500ee7ee07cd8148b337db240657c5336f60bb19e55
2292	67	a27e4b1c016cfecc16904c2207846979ec845bc16faa6b2c70b2148d87d1e4e6
2293	36	6c8ccbba6fca094467b7b1a6f3f6fd7e67b9a05bb0ad4909a50afafc4241a858
2294	37	0ce7c82d1bf3e06eeacbd70fb15b24a0598575a78ecc3503689ccf6a48d9d35c
2295	42	77e16298df2775bfaaa354de847491f3d83f14447f62a607b332fb1be2062929
2296	25	b679978cfb2f1bc6c1421e2922ed8c2d22c79deb3f132d70f06a20b515234f95
2297	66	0bbf0ca5737c6254e7537543b1e55d152caae69d82b3946316a3c4bd9d89506f
2298	31	1d6b678de759483b90b54718b24ec92c79eb3982fabf0c051626485edf019822
2299	34	51c065518966d9cf1f5378bd65ab90180ecdea2c9fdaa4c6f669e459a60c3042
2300	95	5d85c5317f7b3b7fddec7fc5fac599f10ee188300ff234ecd1b816507e9b1610
2301	32	e7b28149706870f9d642142574772643049dd04bff30043c56ee379c8eb74182
2302	88	2f6b84afeb5e0ee8f007ff8ce0aba1b5ecacee262c721e0729a46701ea32fd9b
2303	8	9b62f60d8590a579cf46f8d67378c4c572b962ceccdb90c7a5f7b42b960782a4
2304	6	4893f40e3781eb896c82d046a08067a11e35cdf2f1dfaf26fea90b8db6676413
2305	4	27e5788d5d9d73d24a81dbc0a5a74bfa82c9c3b3af99e52af796e90b468a8a3d
2306	2	412ca345ccf75bf9c0806bce695be8de808b79984251a7a54d202cf6101dd451
2307	29	27e35628e4c919739df29c2a6fcc0eb8ad76177dedb604d6aa05c1309358213a
2308	63	5e20caa2845c7552ddc22377656b833044a29973a2c035e7010a368cfadd1bb9
2309	1	01ba4719c80b6fe911b091a7c05124b64eeece964e09c058ef8f9805daca546b
2310	10	2f358f0371a6e732c4340332235199dcd91ebc46239a5ddcfe6f9a63e6ebecfe
2311	43	85b4c65437656d1cdb02a69ac670dcff92482d151dfb4a3bf21a58d20fd92ccb
2312	13	ac9daf2767693c3d2748dab96d89501cb65d667d71688bc3ef207991d1bd3d10
2313	8	06595f4ee5ff63d50950419dc34414513851dc9736fd17a4f7bfa930b261b6f2
2314	54	93d96088ebc7fdefbffc410b0c78785748474fae549dc72036f31ef798139d04
2315	72	81d6fd27eae9a8d2fac61d60a782ce975d32cf27137565dcaf94e49a5a954c8b
2316	15	4e028303304e5d65c3bea8ce2910f2f25e750c8ed604f7807a391ffd59859884
2317	55	f1fc607ed0058edc4bf117a8d88bbd6c19262802b3bdb7e689817f60dd17ccbe
2318	4	27e5788d5d9d73d24a81dbc0a5a74bfa82c9c3b3af99e52af796e90b468a8a3d
2319	6	49fac5a3039bbad287ac815d533cf3abd4b4217920cbe2c93bb34a6e30003142
2320	10	2f358f0371a6e732c4340332235199dcd91ebc46239a5ddcfe6f9a63e6ebecfe
2321	9	cf14a32120c034eafc76d4138166beb8c7a968a3633a0008e74f406dd9d2126d
2322	238892	9bd88901a147213c51201dddec7996a5843d1c7758cbc7f3b2c1e073d9a959be
2323	2344	08f4611b3eb055e07c2a2d7d9c9f6d3fb66559c0de5997a3cd13f01e59125041
2324	614	9f0b9ef164903a625f2e32ae6a482fbc2bcdca031b2237d4d3273c1733d1b8fd
2325	42	eb23f2a8ddfff3b573a21181b91b77b1cee19cd604c1abe45e08eed392a1fa72
2326	1	01ba4719c80b6fe911b091a7c05124b64eeece964e09c058ef8f9805daca546b
2327	180	99b02abc16aac82f9aeb5b8d8c19fab9aca9c34ff6563c73e3189e47287b6e07
2328	34	a3702d47473bae0c2a8b1c0d5504e1a0e35644a1a784708257bd9df0a7f411cc
2329	120	dce25938d7d4e4348e92c3cb8170d1bfdb0339e0d437f1f09459c72937ba669f
2330	2	412ca345ccf75bf9c0806bce695be8de808b79984251a7a54d202cf6101dd451
2331	35	f840dc3e8ee0a12f50b5502362b70e14babcb8bb1da5077c380f36e03b149967
2332	85	3971968a8961675961f777c386d9e68b0e5731a0974720e9cbe563e432ec9adb
2333	40	79454d669b199dcb144a6701f3ca5010ef5792027b2f32ca825de191822ea107
2334	28	612e3930dbdb6fdad942e19f952ad5e88fac2fbf773478a24aff3a485062a504
2335	61	af31b24ee9d5bd3bd71512f28a6631ed5df06d822f1110df09e5338e9471329a
2336	48	d35771ea33ad9dfefcb9a29141c7fd2b3752ca29debcc7bf2ae07d799ce3e4e4
2337	63	c69c26c574b68827bf63d676ffcf78cd832e529e44e033dc7a455d8bf9e4cdbe
2338	4	27e5788d5d9d73d24a81dbc0a5a74bfa82c9c3b3af99e52af796e90b468a8a3d
2339	18	e7233feb1c9b342bbb98949ce48d7e53ce70201fb78214df0e0e9c7e7a8a3136
2340	24	8e888fee4921d9b6183569bf5cbf28d9ac213fa086d87507fbd0029c1f162f3d
2341	87	6097e64b5c3a4cb1a9c2ecbec5d98f6e4df5c9d1682914e58eb541c2c7db5b2f
2342	33	15e582da7a9079f65368369b4019188a2887f47c41b1825c8026afc3face0c38
2343	23	9134997b63026686d807b25cbcb4dad223a58f4f4499e0009dbada844f469d76
2344	38	c4c19f693b0c27977b48f0df8743512db85d96003830a7788a0a953b4dcd4204
2345	27	74154142da852182c2036c615a5125b3f9ed02146dd472ad152a89c67e32097f
2346	29	31ed21bb6eadb0db89890974ed4d3323c6cbe38ee90fb4b5b2ff6484adff1fba
2347	26	b3ed2168b4c5eab5209dd2c46d3defab59e2ef66a5ca44d44504d8efea43ef06
2348	23	be4b7ca21ac16f62f98ef0e860b182db73c84095b3085ad53a1e7220ca32b491
2349	40	0370485c9ffd1a4f547869c91bee5767fe64c17ee23397e65b2d1cff251539c1
2350	53	3167d0feaa5920ffd6905444c5ba8538e94f826dc008bd154114c0d065bb0e44
2351	38	a4f91123b0d8dc5726865c5507d7d56aec19236349082336821854f870b717e9
2352	111	4de15ffa31583d223e3f66104a6df4156661d4360e6bbbc19cc68dd78b3e6724
2353	202	163e4edd8d1c9bef6c36de1642d3b7fe186f71b6a3bc9eb1f0ac02791e3c5ae0
2354	14	3ea26195214b610132bc85f35321aa136a7bd60cb2a2578bfd5fc8d12b9cc236
2355	4	27e5788d5d9d73d24a81dbc0a5a74bfa82c9c3b3af99e52af796e90b468a8a3d
2356	17	fbdc7d3dc3fe581c21f024859c085c847c37100121919c2d68624eae1a8dc47f
2357	2	412ca345ccf75bf9c0806bce695be8de808b79984251a7a54d202cf6101dd451
2358	56	a007911ae09ba432e1e43daefb691141ae31ec50d3b5ace458bf95d9c3d51ace
2359	21	d36d164754e7424be2b64f0701a4775fd283639df95f541d6a023d2384fcea84
2360	18	5ae4b73dee4e5ab92f0b88b3678d1d3942e1e612cfb6784f5d8c087948ed28ef
2361	27	f6b14e703c79dbee60f0425c0fc4c18de958a1328fcd743fa69a528c32ec07f3
2362	22	88d69c90b15e5a012806bf1fedff283501d5161344c5a7c25609de9a674728bf
2363	22	3e5aa9dca00cd678a9a7b9bac24f8278dcdc80e801384b91ef9e46b4e51090fc
2364	19	7f1bc7248cc3780d93593833ad5258f093f3d6acf8ec24be1cbcc660301fc007
2365	25	86ddfca2ea5ceec96083e7c2f81a49c7b77b430a187e2bb699a7c1cd3a01dac5
2366	24	b5dc9e3c89cea857d56268b26ce0cd2a270ebbf3b238bc5a189f769cf21d6ac4
2367	44	dd5df33a8ae57f35f86ad2afa619280276c87c00f6b8b1a177915fbd84134794
2368	34	28aee3b5027caab00d60f5a4d02e7cfb4d6ef6f2076e278513cf60ef491eda86
2369	1	01ba4719c80b6fe911b091a7c05124b64eeece964e09c058ef8f9805daca546b
2370	54	dc94990793675d1a171a7a3a5c47c592eed0693319903a6bf2423a6d082f687e
2371	142	641b67a38eb70c3c374f4a1a2c269ac8307350a38af961b9763ada08d19671f4
2372	96	c2bba4a66bd36c7cf64d85260a575c5cbe731b926c604607b5fcac5eeba82d79
2373	285	e7652e79c8c58254387d80a904006e6baec9a84ef73b11e1cf800da37d5229aa
2374	180	37f30ba740f903a0c6fd1b182666a31f0523792f2ad671bbcb825750a4ebdad4
2375	51	138adb3d90de331cdb793908a99b1a42e5297587e4239cd2893c41579374a651
2376	34	0498b5353d63069c0b0adefa0c5ee7c01d2671857d7143579e375f9c4149252f
2377	80	e315b86b5b99126c234712e91393da53a816a25bda61dd3ea18f3b6aee48b5cf
2378	42	5f677aae1a45552fe55f677dd9443b526b965108661c3bcb2f25713cf4b6862a
2379	104	f652b49203618726beb3a25b9dd6219c67334bcd6be097b65fe9aaf6913b9ccc
2380	27	e37c176ee38c17dfe96d2e6a1be6b6a5b2b747e32213c35c8b13fbfc2d2c3974
2381	60	737e3a1197fb1d23586a32abb2d207492731718ca177f0eecd941e6a04ef0a33
2382	4	27e5788d5d9d73d24a81dbc0a5a74bfa82c9c3b3af99e52af796e90b468a8a3d
2383	2	412ca345ccf75bf9c0806bce695be8de808b79984251a7a54d202cf6101dd451
2384	32	ce4618fae920d46ace691856a026be7e84d2fb203cd1bf3942c19709a357c85f
2385	114	67e0cfb07fb26ca78dea9a10387419d882a27ee166e6d24ff56480f9705fe8d0
2386	2	412ca345ccf75bf9c0806bce695be8de808b79984251a7a54d202cf6101dd451
2387	44	1d41c20832387fac323c9c40d2f3694665353bbffe7dacb2303269e8fee3d262
2388	59	46cd201028669b0333f9e0401efb6c2964269bc31e0e1b30214ad3e2258e6b4c
2389	55	b652fe360b3846cfe1829cbfa77ed68dc3a8e7a1d37dfd4752f4ee332083543a
2390	34	88c52aa5f4f94ae6755eda49150a7455faa760cb38836ba5c8310fc3338547ac
2391	29	ab1b26295a4eaa21e1eebdce8f909ae01adb32cc3c7c19023425869690fe6493
2392	9	0ed70545cdb9032b5b24359a1555d108242e3a41aa4190be0a6e77137cc8335b
2393	77	a74c7f43020ee16c7ee249ab7a2987aeb6f8bcaff04c52462481f2bda9b59cab
2394	82	7071a3e3418b39c3998acaaa499047b3490480bf815c73083ed8e84e1ba71666
2395	31	38f8426ca461ff674e96d55ed5db409651d081385fc86800122b730604a422f0
2396	100	046f1e743619c211d72598bf4828604da46113d5c3f543ba38616e81fca485ac
2397	23	4acf2194321ff8cfa8bc219d7ec6462f779008cad78592aa388789abf82f2c6c
2398	8	9b62f60d8590a579cf46f8d67378c4c572b962ceccdb90c7a5f7b42b960782a4
2399	38	69561a9a2d8bef59d03eaabcc83ad246877f6d4f3cb58ef758eab5982320f0b0
2400	70	bf32963c1817330b6e884274fa5829ffbdf765fd10de6d97907185b910183f84
2401	23	4acf2194321ff8cfa8bc219d7ec6462f779008cad78592aa388789abf82f2c6c
2402	8	9b62f60d8590a579cf46f8d67378c4c572b962ceccdb90c7a5f7b42b960782a4
2403	97	36448043bf6fde939e7aaeb804356123d4f4f1e6a6f23cc1513adfc2ed2a291c
2404	19	06eef97494ad7ba17d897bdbe7adc1e3b3229dc270d2c4ac84965bd1a0f9bb5f
2405	56	d8c63377e472d33e9cf85e59a4bae633fc7227ef6771977824ec0f1a8559eccc
2406	113	759a4f1bc840f4dd9326f8d6c4cf5ead76248a79e690882ca6c1b6c2fb099045
2407	45	2cca0e168d03bee2c41c2abc8721817232eb8f7ff7d9e190129af93ffdc6f9e4
2408	6	4893f40e3781eb896c82d046a08067a11e35cdf2f1dfaf26fea90b8db6676413
2409	4	27e5788d5d9d73d24a81dbc0a5a74bfa82c9c3b3af99e52af796e90b468a8a3d
2410	7	d840edb6ef4e38e2a6980efe0ae6016d225832b0fd484d8b3d8510bf00051c32
2411	45	c898d18b891f40f787734474fc554b69c1c50a02fd0cf7f6ecc4612964e9030d
2412	41	facd33a91a4aae9cacfaff15de16278b84a9f5e3ab159f1b56efb71d7b3419c1
2413	59	15e0ca8a3c1d3e957736a4061b032428f72bceedb7263083777925c366c52832
2414	45	e4eb81e5738c08c2818cfa018e2774622577c7256c11495d65a0245716393f5f
2415	68	7608b9f294760c58d771509114c67f4dbedaef68b56754bee9d57ed7b8dedbe7
2416	109	48b92600e3201078bf980e48a2991bd8633013d61efcf97048d99d6ff56926d0
2417	51	2c9ad0af157fa6ec9bf8b8da9f0c3414ae6aa377fbfb4658b986f3bc9c9f362d
2418	17	4f25af988d6031a8cd78f57f4fec0254c38891a8ab1426156f719a7b7fada418
2419	81	d74a9aa91c43a24c99a7781521138c51c84a8c0266a8b7460db28bfcfa10898b
2420	43	050a8eb74ccccf6469e2660ff788399b91555be0c178bfbfc4b648550f9a0eef
2421	4	27e5788d5d9d73d24a81dbc0a5a74bfa82c9c3b3af99e52af796e90b468a8a3d
2422	2	412ca345ccf75bf9c0806bce695be8de808b79984251a7a54d202cf6101dd451
2423	45	cb352971eec4f0bf76a82b50e70dff0da2a4dad98ae513061be37f067756fc1d
2424	105	adb65d7a48221dc6a58d6cbb31537b783474b4180c08feb2e6a37e033992aa05
2425	59	50ea7f1672746e14b7832d47022bf2da35d37f4374863b2635f985ceded21097
2426	66	4c6d657575faf9bc4e75ddcd15c2f6cd05cda4c4a7147bd213e7ebe47f481d5a
2427	109	45459eb949fbb7338bb8fb77c85a050afb617934a4254f1d078c6c332bc59a00
2428	9	0ed70545cdb9032b5b24359a1555d108242e3a41aa4190be0a6e77137cc8335b
2429	79	bcf7ae020394f97e3d7fdf724dcc95251b279c03fa4fd3a7cc3a99033dd58ef6
2430	202	14749ab71b637cc5ab032568705c04c86a14decc830f533fe614a1c6691055d3
2431	55	e36108a0ed70b0fd4473c40b0ca42257cf62f4876ecc29a0d297492eb29b0edf
2432	83	2ec3970a8b458802b63117ee104738e185a5fef261321d8d95e0f8c495c7aaa3
2433	139	60386a18fdd7de99b2703e44955c786d5708345f1f7b707328faf0411e4761b8
2434	116	35dda8a271d11f204bb18bcd88b37a375b6e8f35ced923bd4686099ebd6ae27f
2435	80	315edf53c214a901aa30cc4c0ecfa76091102497dc20661fb6be48894ffd751d
2436	224	c61d2afd3cafe0d1f7992b0c31a1b9508fd147fa5ac4ba82ffbfb63c21815e93
2437	4	27e5788d5d9d73d24a81dbc0a5a74bfa82c9c3b3af99e52af796e90b468a8a3d
2438	7	d840edb6ef4e38e2a6980efe0ae6016d225832b0fd484d8b3d8510bf00051c32
2439	133	52991a08ccd846f6dc6fa611e413967a5a295fdbd0c8321f9c819f4ccb1e3bd0
2440	68	7608b9f294760c58d771509114c67f4dbedaef68b56754bee9d57ed7b8dedbe7
2441	111	2aeb4f2e714a7bb7f738f9ed30a68a8a1fb44b2455574f3b17b669e8a1c3384b
2442	51	2c9ad0af157fa6ec9bf8b8da9f0c3414ae6aa377fbfb4658b986f3bc9c9f362d
2443	134	c374beb59f4e91e1d599b037a91ce40fb543eac25eeae91619949c42fea51329
2444	2	412ca345ccf75bf9c0806bce695be8de808b79984251a7a54d202cf6101dd451
2445	1	01ba4719c80b6fe911b091a7c05124b64eeece964e09c058ef8f9805daca546b
2446	21	554ca8ffaa0b2832678594b23020493e05c16b701acc1f0e7e8ece8d8f6008d1
2447	26	226e9e75005c2e8f79a5194be88dd1becf55b8b1f443f9993fb2b81816147eb2
2448	77	a1c23ae37305badaa69b4e40a07ef7920dcb6fee05fc81aba598e855978141bc
2449	81	32fb9a12404732569f30fae5d4c473920ac54ee7cbf9245cad6e3dc502f2d328
2450	32	289c1edd135c88d689e3aacf1c18c41a8e5dffba7959a6b8d7d61e2567ab1a76
2451	42	3dce5968cd892d82ce0b7c1f491cca8129f51d7986d8903eb25ca162ef8ebe1b
2452	38	cadfda3fad8277e5aeaab3244c62aa7cc648ccb5eb234d257a5a4511ddde5d9a
2453	40	7d9856bbf3b9209403c31a32feff4cd4bd03cf46b4a4b26aca708dd830e1dbcf
2454	48	17908af133f421660f3a33fdcb9cdf1ce363f1083d9db529b1c476027bac73b4
2455	47	c36ba4bde4ce1705649a3a1d6c40bb6a159d4d87c6e86b790ca1730609ec87cb
2456	65	27653eeb153848adb4fdd99431a0209470d08528a38e5597b78116daf9d2a7f2
2457	69	26e72df00cc1e9897398fa4aa6b5646df658c1d127ef45603aadafa36c518271
2458	54	c3b9de8d33dbab1318c15e84422ab2eefc33a493c5fdd11be965e01c4b807d8d
2459	35	65d6b1e24d305f4d57dba2d4313961a4a06caa1511a77afc70754231c7e1b457
2460	2	412ca345ccf75bf9c0806bce695be8de808b79984251a7a54d202cf6101dd451
2461	1	01ba4719c80b6fe911b091a7c05124b64eeece964e09c058ef8f9805daca546b
2462	28	8e4ee950392125a30a3d26a3f0647eeb5a28ceaab8477b267e03c635b55a7d2d
2463	88	04332abd624767fc41513d04e8526dd48b60db5a7923cb0328075f14c5939e61
2464	168	d45d51e17942b3f3d94ba6f1438d369c414ed1dfe1b5148b9d78dde899f74bc0
2465	2	412ca345ccf75bf9c0806bce695be8de808b79984251a7a54d202cf6101dd451
2466	1	01ba4719c80b6fe911b091a7c05124b64eeece964e09c058ef8f9805daca546b
2467	24	7ab8b6aa5c1a8ca0f51dfbcc4efecedf057c7deb65f11b2766a7ada86055251e
2468	53	7b7e359b4fda63777542b6fa9b3ee758db70905fba18e51cf92c34a7f7adaeb8
2469	57	ca6fd58bd99fba91c4a58b0fc3d220ca4988bbba1e6a52b09e762a6319ebf425
2470	2	412ca345ccf75bf9c0806bce695be8de808b79984251a7a54d202cf6101dd451
2471	1	01ba4719c80b6fe911b091a7c05124b64eeece964e09c058ef8f9805daca546b
2472	24	4a4cb6fe90056863490810b8df333f71321b2cf80ec07a88a9908f2a3e8bfc1d
2473	74	b409b61d202fcf65624fd62fef7d2a592ee604f95fb1f011ea6c63b626d2facb
2474	97	5ae647d14e4bb2a6b7f92da0d9e9513c3df5a59687f150cd21744dcc261fcde5
2475	83	4a01912eda7550a2cff35c8454d7c227be013fa8bb0953332bcad4f80048b8db
2476	66	f1ba07e7155ad302845da8d5bc514a7a7f846e385bf1e4a7d36d7306e53d6326
2477	182	64793244771a80cf514d3f01da9dc60c6d2b40f8133aab5db3dbbfb9a5f006e7
2478	2	412ca345ccf75bf9c0806bce695be8de808b79984251a7a54d202cf6101dd451
2479	1	01ba4719c80b6fe911b091a7c05124b64eeece964e09c058ef8f9805daca546b
2480	26	2590d27a9c2acc368ed5a3b31d5b410c264d451648ed2e0a3865862c0c939b99
2481	17	1c5f74d11d0859bc277633dea1c22c0f7e82659b969294323891074d0ba1c87c
2482	133	8f8454a535285b39de362b24a30e1c76b51c429de5cbcfffda4c2002d4047ae6
2483	2	412ca345ccf75bf9c0806bce695be8de808b79984251a7a54d202cf6101dd451
2484	1	01ba4719c80b6fe911b091a7c05124b64eeece964e09c058ef8f9805daca546b
2485	24	ccfbcd705f3e2f53a3238f2f20d9e56c471989dd1306b3d4e7d710e196ebce3c
2486	49	69873106298af5e1fa4658e5835daa3babb1fcd3a48763181cbafe36765be3da
2487	91	bff8a11eb5b3f314ff9c88bc979597cae0eed5b91567d588851d2d7d72de23aa
2488	224	5c4bfcf5a19f341496c8f2d90b693d499309d15edffa61fcf29b938fad95ada9
2489	707	f63ca8b6caf7f94ccf956d77a9889b8447cdfbee0c5b9320939ff5e4dba77a87
2490	2	412ca345ccf75bf9c0806bce695be8de808b79984251a7a54d202cf6101dd451
2491	1	01ba4719c80b6fe911b091a7c05124b64eeece964e09c058ef8f9805daca546b
2492	27	d66934b77d1ee12596813476263dff78eee025d3086d3bd6cde471d0e766731c
2493	48	e98705fe935fd94d75d92cea1ab6aa0768a51771b511d26819b4eaac53a03896
2494	64	88451d8d12fd8e5657ef8e4b4d8487d8fe7c4c3b368a6bcea7a00b4e2ff6220a
2495	596	d3608ac11f28223216592a3b7cbbc5c88903cd6e4f6682ba6c3cf45f115be0e1
2496	2	412ca345ccf75bf9c0806bce695be8de808b79984251a7a54d202cf6101dd451
2497	1	01ba4719c80b6fe911b091a7c05124b64eeece964e09c058ef8f9805daca546b
2498	67	b6501ec5d7d4fa5497b12d99b5c5b8da7077c2d1b0b9682998a0c1c25fcc1f95
2499	22	08c01b1f7d12cefdc79f3cfc39afb8f3fc63b8520c32bf1754de49412fbc69f4
2500	14	2699c34354ac684c156befb45433cd3d292953dbbe68c9b5833dea4e3f8e4891
2501	52	5b7a27f2fc0705d94894ceab1ec209f456d28a133d7e4108bfc96df47feb5356
2502	72	c0b7b6927000807146487ffee3f45f43d16a7fcb52a11606ba5267c404eeea95
2503	84	d717611af63b25ed2254223945c1ee1e2464263b29781424b2d3da055dd70e08
2504	50	0c1b1a71b8f0be4c4237e29e89b3bff78099b27b63e4a7d8c3d260810ccc90ab
2505	122	adc974f973a83bc8f67c55a96b8dfc867cbc31d7c24dbcdff2493a01475e3195
2506	154	960e9d5c826ea4b33d99ac9e8f8ab0532031a7e89620f1cad114f80a4320e550
2507	590	0bd2b9d385afb7919ff45aa89de12a0e8b89dda60e8a2ed97c3f74e66dd4d693
2508	138	fb80180ffa3f6751c0817fe95a2084576b8df7227b6929968c3049cbf617327d
2509	190	59349b14e9054be988834a2fbb418b26de11fd8a95f39ca7d81b2ca826790a29
2510	2	412ca345ccf75bf9c0806bce695be8de808b79984251a7a54d202cf6101dd451
2511	1	01ba4719c80b6fe911b091a7c05124b64eeece964e09c058ef8f9805daca546b
2512	31	a452ebedc09fa43cd333e93e768bbbbd69818ea8aa643d6c5d69307a1aacb505
2513	52	47c1c378f1f58ff19eb769b8c193cd32edb3c6bfcde63e2861985e78bb0f7d7f
2514	64	88451d8d12fd8e5657ef8e4b4d8487d8fe7c4c3b368a6bcea7a00b4e2ff6220a
2515	422	09177dadb8c0d336054de4f09e4f759487c6ae3de89d18d1bb9ea3c6ab59c4c6
2516	2	412ca345ccf75bf9c0806bce695be8de808b79984251a7a54d202cf6101dd451
2517	1	01ba4719c80b6fe911b091a7c05124b64eeece964e09c058ef8f9805daca546b
2518	28	5c838b098320ec28cecbf3df8194b309e538c0a5d14c908257e0f620cb41fb8a
2519	31	7a45393ddcb56829afcb389c62b4e94b309f5e0679e2c61250ef1268b5eac919
2520	73	9c54fce48eba48ea5ddfb8ef0c7fe132f8f01dc30ed5bde1f8630a0a53e9433b
2521	101	c00621aaf4cc64805f968f417cba5ff73a11359d3bbd5a07462811ee396e94e6
2522	2	412ca345ccf75bf9c0806bce695be8de808b79984251a7a54d202cf6101dd451
2523	75	2a6cc373bfdd31a3d488727318deb346e8503784fb55b7b0df9d242518876d52
2524	26	c2d16ab4ee34e6aaff7c26f1d34760ca9ba8070cd8299f55678742e325050f14
2525	14	2699c34354ac684c156befb45433cd3d292953dbbe68c9b5833dea4e3f8e4891
2526	52	391b70bf62eda06befb4a038cb5046fd660414b526c3f4d98ce800a6f7f1e934
2527	72	b6471c041cee39b3e9dd2f1c73c85ce7c835eceffc08af18ec1772e77970817d
2528	125	c48295d3563781bd5f4edb3ff70cb6c3a66b522a63aa44f33fd9ba12c8d1a68c
2529	142	22c29c682035605b06d44cae85d1da6c8ae1bc61a605e8166eea78f975882132
2530	2	412ca345ccf75bf9c0806bce695be8de808b79984251a7a54d202cf6101dd451
2531	25	2b89a747f3ce11643221b31aee58f004e61d516722a4c0b0021b44d663a95a7f
2532	98	5a1b0f10b6e0c11915735ace58199c9d84c1f456cd500b0e1014d0adcb6ccff7
2533	233	0e163ecafe473a24807c6f130445bc2b64865f66b206483147dc8414f7362de7
2534	54	fdfbef9a4a34592f840feef27001e2f814006fc1477de9329899f911a8ebe6bc
2535	103	e0ec1ea1598451a0c5748ea54ac16b0c1b074b947445277f2e26bfaab0277443
2536	2	412ca345ccf75bf9c0806bce695be8de808b79984251a7a54d202cf6101dd451
2537	1	01ba4719c80b6fe911b091a7c05124b64eeece964e09c058ef8f9805daca546b
2538	98	cbd50eb1919bb25058a42e462582a768465bf8d2cd3194d4ca3e97dcafe42234
2539	99	944aa9aada837d5d9d2bd1e2898e97453abee43f9613ac698ed2d00adb182d56
2540	29	3dcbf1c04bae0971e7ea79b17895695fd43e4347cec860672333643eb0de7644
2541	55	33577286aea1e744f9f6e9f01c269217ec243b3ee62143abf156041e11cdd3ff
2542	46	5d0c381dbacef6d03a31905d21f89fc0ab58e228c0643a3c3c94b2b4f9182ccc
2543	28	3b07994245317a9924609d15f606595622f044b44020119ae0f9792dc0103c54
2544	311	d384a69c29e35ab6f284b1d541b24ad56ffdceee88a1cceb0e4ff8ce236b6122
2545	2	412ca345ccf75bf9c0806bce695be8de808b79984251a7a54d202cf6101dd451
2546	86	b0b27041684aefc2d9df4e2070cbf62c2cff123119579867c5b7d68c335174db
2547	123	e0a1319a37d65bff20a79312bb52a08f1f95b3551695eb0b9a896ae008e4d191
2548	1	01ba4719c80b6fe911b091a7c05124b64eeece964e09c058ef8f9805daca546b
2549	36	198e436c5be1c755374a84b0c9ec63c3c69c1c194e74d979c6ba59d8b43fbdac
2550	19	673601ee56e88beb3e1d0be97d149468f7a12c33c42d3306e1ed95bc47b10ff1
2551	7	d840edb6ef4e38e2a6980efe0ae6016d225832b0fd484d8b3d8510bf00051c32
2552	72	972e84194cfa8d7f9041e3fccf4c08ed519152d1e76ad5d32e8ee8183a5ae14a
2553	34	490759e7ae1b94935559d1400d670e4115b1de1600ca74aa802b0ed87958fb76
2554	37	ee6d9533421a78f005e62307f3a34bd8251651ebd2c586939c6ed119ad316cd5
2555	54	21e4d2a79ca7fb38d5de2fcbca3baeb691f676537f6920a28a1a77b88dfd2dfb
2556	41	18843a75744b2805b4a63bafa02e3ff5c1ac3f6fa0268874b2bcd3e177a0ba8f
2557	37	618d92b0b93de3e498997277bf4b4b7f2e378ead636cd195aae6ac809a79ef5a
2558	38	253c36df60787e20bbc4e6f783df9b4bb29bbf8120e8ec19d1ee087917515e5e
2559	67	53e1876b8f18a893f83b3f089c67ae5db7d5f2c0a4fc94565e616ce57b8dffa7
2560	71	02155884ca3626b97ee434616d639e7ced609e1132025be0a87807b658db7b08
2561	6	4893f40e3781eb896c82d046a08067a11e35cdf2f1dfaf26fea90b8db6676413
2562	336	d8b4a2e12de3e496869164dcc15383845e113cab4d3396b79d6194095bf569ea
2563	38	b4d30eb77ce55606fc58871dc38fb0c2bc8e49a0d2fce5305f57e714e039d50b
2564	66	c9744dd7ac7b357504197aed5330a9f939c52c52c14b45e1cb01e5927af448e8
2565	6	4893f40e3781eb896c82d046a08067a11e35cdf2f1dfaf26fea90b8db6676413
2566	76	4650cb08084d8190e53fae63973e7285e5ca8619a5c49e64bc72fb9205966bc8
2567	120	91a7ab85bf388d14775150586bb9467facbdea498c53abeb684001b7a3291d17
2568	72	6787fb2a57de9fae7418042df3f47ecc727db9a2de2c1f60fc04fa42911d1da7
2569	18	d815a40c1be14571d1cfbf8efa4ca2de8778719c023bae441245d1d2e067dcb3
2570	70	ad9aeff77687e6bd1dcedf1eaaa6dc1c0404ef849b8c16dc75f9a9a918ec46fc
2571	2	412ca345ccf75bf9c0806bce695be8de808b79984251a7a54d202cf6101dd451
2572	1	01ba4719c80b6fe911b091a7c05124b64eeece964e09c058ef8f9805daca546b
2573	37	f016c3707661dc7b5e900b2a237c22e2f4b7494bb596b45719132391c01886c8
2574	19	673601ee56e88beb3e1d0be97d149468f7a12c33c42d3306e1ed95bc47b10ff1
2575	7	d840edb6ef4e38e2a6980efe0ae6016d225832b0fd484d8b3d8510bf00051c32
2576	45	55869a059a7c7c66bdf0879326cb2e64db5e97c73abfe7a1ea631e70cc0850ac
2577	95	218ded17272e8b1f86bc8418ee447b7e493bb7aa312a839e7c627aaecf612d66
2578	18	d815a40c1be14571d1cfbf8efa4ca2de8778719c023bae441245d1d2e067dcb3
2579	108	4115de0a1a69d7449be791a42d305e3337c3295203503e3cc91e933fefef412d
2580	4	27e5788d5d9d73d24a81dbc0a5a74bfa82c9c3b3af99e52af796e90b468a8a3d
2581	61	86bb2212eb7c44e95682c0d3add4985ff8afd070a2757352b1b53186ffddb78a
2582	2	412ca345ccf75bf9c0806bce695be8de808b79984251a7a54d202cf6101dd451
2583	1	01ba4719c80b6fe911b091a7c05124b64eeece964e09c058ef8f9805daca546b
2584	24	edc8ac7edb3af4b0937c9ce8cc5f762d3ba554d9428ef6e73cd923117cde97ce
2585	7	d840edb6ef4e38e2a6980efe0ae6016d225832b0fd484d8b3d8510bf00051c32
2586	78	1a92fa11149fb9a3cba05856ba6e4de97ded059f58f3898d130ab9b4f521cda1
2587	104	ab5514f0509dc4731528e5def1711129f7ab7b30013474d69c19be11daf35787
2588	79	7620c6c59f1ca54e60e532c71f9cf5c5a6c16c48920090fd42b2dd2442cea21a
2589	13	1009266f7dfa9dc7151ae10e5772bdd52b130ad1137bd22e3d9c80d44d2ae398
2590	55	b6e819034cf01d3c3c779d90537ce3712b61ae77b149bf0adfed4b3c90f1de94
2591	73	4e9ab6bc0533a785f51c9d5c54bf1ed7c5aef0f4900d5f48e032ace0a56aa81c
2592	4	27e5788d5d9d73d24a81dbc0a5a74bfa82c9c3b3af99e52af796e90b468a8a3d
2593	2	412ca345ccf75bf9c0806bce695be8de808b79984251a7a54d202cf6101dd451
2594	24	1a411e43ab57954547c402f48c7a7e961bae7131d1fe8a12a8ecae4fd0532275
2595	25	254681eed925e7923a5ba16a292c838b5cc293b2441d605ec3a6b9f6b26f9001
2596	7	d840edb6ef4e38e2a6980efe0ae6016d225832b0fd484d8b3d8510bf00051c32
2597	17	fc1958451cff17196a6d78ae140bc13af05ff57d6a98308802627f97273c8967
2598	36	9549f7aab565db81228c7fe480338e3043f2b27e347cd1fb0689bb9f4ae2806f
2599	37	5968c49c10c79def7daba3c3c1be300b3e8148c291d95ece55a517845f7f4333
2600	36	b870663bea66ed3da731d05e20bccecd6ea46d0fb252d5d0f5dca902a8bc5e9a
2601	36	5f7e6948dad35fa28d8e8a5f3aaa65ffba33763674172df1a51a89681371575f
2602	36	ed75c09707860d9135f3fe643f08775ad11ef4432271d70a8f57b1ee7f43243a
2603	35	e21eeb6c052bb62dbf57d454673de3f8e3a6edf599c49d3ef12adf5650d1dfe7
2604	7	2959280f6156c1f651b522b1b186163b66db45adbfa9bc671bed073529eec1d3
2605	28	8f3c597d01246ff0cb0e5d98bb3e8dbfffd00238c6aa9aac7cd855fd90299a53
2606	83	6b01362a5d3ad123b15d4125321cfeeeb39f4b3971b5529608836d4cad479e2e
2607	46	9a037153342f674d172c45c59f80b6370e2c8c889a4373f84e1c26ce39f399fb
2608	6	4893f40e3781eb896c82d046a08067a11e35cdf2f1dfaf26fea90b8db6676413
2609	14	2a5fdf675ed7fea0d86404106379b6bff8b14800ab4e03ea75464a75cd812a1f
2610	41	2830944d24c99f635007b0a9eb3fc012ceb477b2d72daaac396da42cb11a9f03
2611	64	fb4b7cb46689a2ce33ebd3adf8a0d6e77de3fb9ae8637be5c0c7b27a01be5390
2612	7	d840edb6ef4e38e2a6980efe0ae6016d225832b0fd484d8b3d8510bf00051c32
2613	29	4c4fb8f51fdccf5cf4b94c214393333e2331d8d8d853ad74940949485026d284
2614	114	2abebc2b77a3507ab7d0a0c60e19b49807a172ef84853c1ed51c148d5c87ac83
2615	119	02e9bba3173f7476ba5aaee8908219d5235f934f083f7c274fba9c9fd1ffe6d8
2616	18	d815a40c1be14571d1cfbf8efa4ca2de8778719c023bae441245d1d2e067dcb3
2617	110	1068c83a7ba32f5d4eeaf7a3a0d1a53c63e667777619b96b291e4fc9c83cfbf5
2618	72	887e578a4c4c57a7323389ce253afdf0ecf85ad559efddc06feecc90b24531a2
2619	2	412ca345ccf75bf9c0806bce695be8de808b79984251a7a54d202cf6101dd451
2620	1	01ba4719c80b6fe911b091a7c05124b64eeece964e09c058ef8f9805daca546b
2621	130	24c848393684f9cd6c15fad060cf0b1cb6233dce196753afda2d5cef5a4c0579
2622	61	fb8d781d9598e508be91aeb14c43fefe2cfe815bd788a33997f3ba728e973b70
2623	147	7dfe1ce77ca126fdfebcd142fb6856200bf91d61dbd465c35e0737318e8cd460
2624	368	42d0b49a26ccb7913c6c1e58eb6192a7a20eba7db0a7bb28baef390d734b5f17
2625	83	fff4435aa498dc342f9dd4aa0e09a2046073cba61842fd4d23306dc0fb43b05a
2626	162	997457eaf209b58e0793c2f9494883d5d72c5fc6fda56b0fe23163a763c1e45c
2627	1	01ba4719c80b6fe911b091a7c05124b64eeece964e09c058ef8f9805daca546b
2628	51	95c583f96b4e051da55d6826bef4a6fa91cc51b6b99542f35cd8f383e120e835
2629	52	0d6fd6a42514a0d35e6fcebf5c75f7ee975d34e8de7f7576cd43c64da901c9a2
2630	112	9b389764a0ff06d7bd404b4922a52087fe1afb1babab9b2cac7ccea9ef390c37
2631	133	c9dd2ddf971aeda979f155e92eab510d4bdc19ce4abf9249fb0ab46dc41d5b27
2632	100	502c27893fba5bcc5d764ab5ef332a0b318198ada5de76072fb20620be9b5ed0
2633	18	e675dc43c59e0c1732af1b63b95dc126913f784b24165680e8e9dfad7b9bc662
2634	2	412ca345ccf75bf9c0806bce695be8de808b79984251a7a54d202cf6101dd451
2635	22	a7f140731bbcb330972daa03766da5707301ded5d1d81e95d19da1331c0105cb
2636	24	854370f59faf42aea9e060b2d45c59e4fbe829b2c2dff9b394a481483d323b4b
2637	134	73fed00a044459c66c683f82734c48858d9813b8f514234018b3ba1c88a90aff
2638	15	af6c686908dfc3a1bbb8d7d32ce899578e0e3ee101572cd31465535b3491abeb
2639	187	229d02a0f975666d8c58a2c4463be1353fe33601391fd65f9fced26691496527
2640	52	15058d0c41a286d07fbeda2020e02b02f3b006243978b3a4bb56cd2b664e2a84
2641	2	412ca345ccf75bf9c0806bce695be8de808b79984251a7a54d202cf6101dd451
2642	29	310e353e7881004e6f56fb19d10dfa9dd1b660d132298058055fc95f95581de7
2643	85	2847867357a200b4501730e334c652b03b8fabb4a7af3d3119f588afef7fe1b2
2644	11	095fa0f1117b5ea40434140dde1a340c720ddbf326212e191838d4b156d316bc
2645	43	bdcce6e0e11c794aa9d1784f28a8786d34ee5a1ce77867f922e17eed198fa953
2646	63	b9135ec414f290c95bfa1ed6e150e21652891ca9ac37cdf03dfb1ec4364e3157
2647	59	232638ac0e4c745d0a8a530793d11ccc1f22236a90c2352026b8139210685a5c
2648	5	42a2cb25a122b44221a6234ec660a7b5fb7f9bde7b3b9e2b3c559a0d96fac739
2649	2	412ca345ccf75bf9c0806bce695be8de808b79984251a7a54d202cf6101dd451
2650	28	8217f1ebf6f6f431333d2f0d50e633f7252fd1aa4b4624c66fae50530a4b61a0
2651	78	8c90d681d736a512aacf3d2d9dc2651ac53dc414cd3f9a9663c38428011bd934
2652	2	412ca345ccf75bf9c0806bce695be8de808b79984251a7a54d202cf6101dd451
2653	27	18a7d1927f043fa5b2f4d27e18564f039272fa23d52df95354755c74398dfeee
2654	76	b2bceb567476c4e5863e27a900053d34a9112de3a4e28560006667fe3c3e62e0
2655	30	ff9d6b4b964414b5e09fdd064cc727553d79f3f189a19b1eb3e20012120f67c8
2656	185	62f9c8283744389f7d3b42878145062d727c2de9556b3ad40751e813cd6f1b40
2657	50	be865e37706e2247a02d968e340261e4bd09a5015c73b11dcba4a94e1b201712
2658	72	6f81f1f448f520c5041f6ca60af3b0ef056eb321337753b7bfb3835e156da85e
2659	72	007a0c0d671280f3b2d44a52f3f0acd3bf2ec395bac69c74e5e391b92cce50b6
2660	16	3df006a0eff07abaf80d363b374b40e526b53183af70f55dbd63ac1614ae1982
2661	2	412ca345ccf75bf9c0806bce695be8de808b79984251a7a54d202cf6101dd451
2662	28	897c14f5b3499a96aa7bb61b86b25244db91c848035328cd7a3c709a281950c0
2663	39	f553254c706b1ef25089099aa43ffd5e333c0ef7901be5a627ff15294b1464ad
2664	39	197b77060ed52e7b46b2d422f3d7d40bb0418d90f4c4535f4473a74110e1ee98
2665	1	01ba4719c80b6fe911b091a7c05124b64eeece964e09c058ef8f9805daca546b
2666	36	5026321f5b066475422b738e469469399ff58aedaefe749d7eca11b83f691b86
2667	1	01ba4719c80b6fe911b091a7c05124b64eeece964e09c058ef8f9805daca546b
2668	36	425ae12bffcf348b124f3222d28af787f55882971796ee44f9c22f11ae421e72
2669	99	02156bcec7a2d6f289c3c2dba74f5c263c0df08379148b2138c071dd05b8297a
2670	11	f69de116aa194ed14cfa7188a0bf20a8ee9b068c4ffc9d53c90eaf55e2953903
2671	28	94d99c25d18bbf942503bb57b35fb8f2afd5fdb7c5145a2c52ab26b9639bd6a1
2672	43	af9fc84b5436e6b1b8c5141937dc5bf819174e8517aa1ba9a983b50e21451cda
2673	62	467386244ac6407314900a90b8fc8bf51ce8408e7a8f839851307fdb6b3335cf
2674	93	16a795d473b378b4b057411bec6e71832242b68312c61e84058a7eb8d1c1b5ce
2675	4	27e5788d5d9d73d24a81dbc0a5a74bfa82c9c3b3af99e52af796e90b468a8a3d
2676	1	01ba4719c80b6fe911b091a7c05124b64eeece964e09c058ef8f9805daca546b
2677	23	4258531416827db2e68ee3eb5dccf759fd0bb1a1affe0fe7c30ccc0f6aaa7962
2678	39	11f74b832640fb151f81aad52400b26d8de738429a32d82dc05e25f5e508d722
2679	14	ed0a9b3cf6dddaa6c554d9caff9ce1e5fe4bb7f0be6bdd5a07f1a48fa1fc9732
2680	66	e04b0de019d87605694c3090441b2ec11eb592516f51f9f19d06d0c8be645935
2681	31	f60218c16fcc826b9264d5da9d58120acba4b2011b4fcda48456977f115e7c18
2682	23	e607a4a53a307a201dcb258c8b9e756d63180380bcb4eeff93a9ac61ecba16b8
2683	1	01ba4719c80b6fe911b091a7c05124b64eeece964e09c058ef8f9805daca546b
2684	30	5980048c81ad7b1924abfdd826cc56315c84b51ee6228cb201c389a6e9a84775
2685	19	a189ecaf271bb3065d07ba48aa15b1f3ff5ca42e66f13c149dad78f64351c00d
2686	67	63e28128e24d024b6fec3e0bec8fad360b16da7ed6393d4a3350c0ca21483346
2687	45	f3b79a426ea0a4fb652ae34cfc59f1bdc66f930c90457ca8fbcc922514a00911
2688	34	895340dbefed227e2bacbfcd53f01aa86d06e75e2c8bafef7e3ef4254a1d1d47
2689	1	01ba4719c80b6fe911b091a7c05124b64eeece964e09c058ef8f9805daca546b
2690	25	06d84c67b106206b045a58344704a44d1269813dee30df7bba639725d2965fb9
2691	38	d9a0de2565db2dcda6db28b726592b07e40cda56d59c53dd5cd61b3df9f4c9ca
2692	42	8588cd05073e1e480fc89932d8c8edffe3d8d8d272df6984d8b6b8406023aa6a
2693	37	662e819840bcb5944fea5cd0478926b0940c47b2ed522230f68825dfb1ad434d
2694	41	3ece95ef639a5951f50e2fa7ccfce636d1bd41d485a2cded203076dc3b374707
2695	42	04dc73e48021860b607b94bbfbbd737150ba4ddea479ea88f37837db27e57caf
2696	40	437d7ba45c35ead03e87ba1f377695175bb04a182f05bf3d45ab88014ecfecef
2697	7	2959280f6156c1f651b522b1b186163b66db45adbfa9bc671bed073529eec1d3
2698	1	01ba4719c80b6fe911b091a7c05124b64eeece964e09c058ef8f9805daca546b
2699	23	482d00fa984ff6c5a5dd6c6defa49b9284217c0c191c79042423d45834ded99c
2700	33	6062e16d6a3aedfce1f42729ed1efff00c635042c133f9822c4768f9357782e6
2701	79	0116620ed45a9585d3fc2de5b429dffd6be938daaf6febe4fe07f4255f76f9ae
2702	103	afc2b6b19a9310e183310099aadf427892b927ac6968af6c60a1dcf1eb6f2fbb
2703	61	222985e34a7d616febfccead32635e9d635ea927ff4a2233eba6777be96cede6
2704	27	b96395b2df26d18c838cec144e9f983c3bc14da953a82e74b209fbe2a6a226c8
2705	13	08278e79a970d8ed064cdc128b1ec40816718902d71ae7a54bd576e95ecb8eb5
2706	6	4893f40e3781eb896c82d046a08067a11e35cdf2f1dfaf26fea90b8db6676413
2707	26	3dfcfdaaae30c2eeb8536bea6137ef23e74c072fa30ab202b17e3fc7ce9078c3
2708	1	01ba4719c80b6fe911b091a7c05124b64eeece964e09c058ef8f9805daca546b
2709	32	c768f5cae763c4ee24c81e1f9481c08b8d325a6b2e5e500349b96996efdbbb71
2710	1	01ba4719c80b6fe911b091a7c05124b64eeece964e09c058ef8f9805daca546b
2711	31	ef9e84a9f98046573d800ae6df65f961e54252f1181066bedea82396f9866418
2712	35	1762706372f58c0073f26a84f26078554d9383d35921ddc131bdbd413445c517
2713	35	84d179526becbc34aa1083f64b47e8362d939a4863524b9e2723d045c4c6ce27
2714	47	fdc457808a01ada2a1b303c8689ceb34cdf68cb1618117f31682ce2bbed92b66
2715	21	3f3c66b83be1e26c3d010201dbe83646615dcee8c8de6a3abef554841d184efe
2716	26	bba261dc5f915e202f2d9720b7e4b4e097edc24697cf238d4fdbd20128f13931
2717	84	bffedb07447d2252f8615fa662246c1ca70d6306e23062aa701964a1cc3db627
2718	18	4c08f51ba78402a2af5f63f5a4f8f03c76535a47b2b181e60e608fca19a4dbd9
2719	1	01ba4719c80b6fe911b091a7c05124b64eeece964e09c058ef8f9805daca546b
2720	21	370880312abafeaadfee4c1e82f0bf75c6901bc78e8b036fd8a643df223dbf48
2721	40	3e95a4b5af71834ac20daaee81d8e99f1d5a3bcf82c16debb812ea03022d0a39
2722	22	8670bbc32649148cbafe138a111574c4c941c21949b88f421c8da69bd2222b01
2723	27	54d296d226f9ffd7c91fbd5340bc9f1bbc0a12026d6dbfeb56cfb66a7220cc58
2724	21	3f3c66b83be1e26c3d010201dbe83646615dcee8c8de6a3abef554841d184efe
2725	32	a04763e0584feef7863fee23af8e2beae85e57cd2c6d7222b592d11a5300376c
2726	36	55faf0d017ead8f71dd77342c121afc307986f15523d62e7b29a6c7bf7249d8f
2727	58	36888853037309f9c1f190b00b43833fcbcf58b42768e3a878becef7094b50b9
2728	40	8b0de7bdf1931c3bd6546e811a77a87b4a7e210e0d4dafea3663b8d224699285
2729	66	436cf663e611c30e622b15cf99ce1e0a95766b19bde2c62dbbf9c8f093e1db86
2730	36	7b693286cd064e51fbeed13729181b11a42e64a5e2557f2f31b1c973ed407491
2731	58	ea250929a4ea583258eb09898156ee22be25c3094d878e8844db4ae0518728a8
2732	32	1a145aa8ef09a4c26ccd84c3212a0e348650f36691619efc8ea9541754438bc6
2733	50	5387304eba3afd042efc0e9f5d866eb3abe98d3488943da6ed0826e8f0fd31f3
2734	16	908278ee0b0e9faebfc3e217399d5736441bf81b1f8051d0bb19501e9927f5ed
2735	1	01ba4719c80b6fe911b091a7c05124b64eeece964e09c058ef8f9805daca546b
2736	29	a89bfc6fef5943c82108c9293e8aa0f30a2a52f712bf9f1aa37c6834099e0704
2737	42	34d999db95d642df09efe6a70d6196b06229750a13f8421f57ddeb8b82af584a
2738	45	83f6d2f29173d62917ddf37876334b0f987e85d723bacdcc6d514baf5b3d1aff
2739	72	a23afa34722c95a74b73759eece4d9d58c5da10a4fa2acc4a7f5278f734b7268
2740	70	7301796b5a3e88f7eea41d034668d5f5b23a23761c907c8d82eaf2584c7e3913
2741	4	27e5788d5d9d73d24a81dbc0a5a74bfa82c9c3b3af99e52af796e90b468a8a3d
2742	17	d6b6c05f5fbd200d96aa27836fb648eefa163136f4f0d3a19a04a741445fa7fa
2743	2	412ca345ccf75bf9c0806bce695be8de808b79984251a7a54d202cf6101dd451
2744	17	94bb2083ea61144e668e5e65b9478027a7d07b0795484751480d8f219b89fec0
2745	26	97872b3f3d4e03be4c0c63e77ba10587349cf00efa23c8bbbff0d6dae92a65ca
2746	132	3c05a45b581e55368cce287a83264656d42bca6327304fdd67e0c98af1a2bee7
2747	68	f033c13e6b3b7e940304f7acbd329974204e78aafa6f444fa72de3a200192416
2748	59	aec7efb4b66d252e1eb9ca94def1fc939a23dadeb3d9fa355b9c54248916cf0a
2749	1	01ba4719c80b6fe911b091a7c05124b64eeece964e09c058ef8f9805daca546b
2750	32	aa758eefd7ae3eec7b89d4ac347e7ae0696f8a28e584946014d5b91f7ed8c3ca
2751	77	f255330378101f99a411f45207d0745064a3faa848a4bd3aae547528c35d9093
2752	49	a713d816500d6b02f814b21b59395bc9f930be1ce0fb03e487c74f883e47f38e
2753	48	b9548fe492e8ddd2739a2af455fd3a3ae24fd824df84802a4223cf243b6071bd
2754	47	b892b5140a6273222006b18533609ab7f01a6ae31d58d983d04ffd15323c65f2
2755	26	66e7c31a4527d71533c1755329317c318beb0b67c759f03cfb13b1addf8245a1
2756	25	1eea55cdfeb8929844c6e5ba7588418011685ead6f9ba9d34a68c1d64e0b8a09
2757	1	01ba4719c80b6fe911b091a7c05124b64eeece964e09c058ef8f9805daca546b
2758	35	3ff29f4bf227f763950aa50bce6088dc21d77e5627f6880cf26c1fea0a94b1f7
2759	14	ed0a9b3cf6dddaa6c554d9caff9ce1e5fe4bb7f0be6bdd5a07f1a48fa1fc9732
2760	25	d814097a005e79845d8e048783f7dd717e1ab495e7ec1f090dd94af89205df61
2761	43	9e387292d752cfdd2c4ffc3a571afab512b5721cbd71cac895c772e64e4c65c7
2762	19	21d3f0c84f742ccfff224810202353b656d2f505339cdf216c334ee78fa44c31
2763	63	810a9fed5ba01595117397cfd43be6db75a3909a581aa2d441b948a6abbe9bdc
2764	1	01ba4719c80b6fe911b091a7c05124b64eeece964e09c058ef8f9805daca546b
2765	32	4db3caaf01e52bcc06db25857a99e76df62262124caef5128871ca874ecb0029
2766	45	40d96d459417e9fe3bd61eb34dc36a2d982679ab426df9ba915ef6fe72fbea47
2767	67	6914425f568df0e0e067001613f2264081144be4fd3a503f71612af37492080d
2768	4	27e5788d5d9d73d24a81dbc0a5a74bfa82c9c3b3af99e52af796e90b468a8a3d
2769	17	d6b6c05f5fbd200d96aa27836fb648eefa163136f4f0d3a19a04a741445fa7fa
2770	1	01ba4719c80b6fe911b091a7c05124b64eeece964e09c058ef8f9805daca546b
2771	27	b763bcbf720b43c2402867a029ea71641de175ff3f0815939130bc69da88cba5
2772	48	75a31d103fe325f16124d3e8afff66ffd3fa459803387df97d76fb2889a6ebdd
2773	26	86a7166f24d6945954d1273b7efa3b95fc5e19ab950c47cb278bfe103d5dcf82
2774	57	cad065917518f7af577c987eb29a926c4da7186b3af3747bf2e11a1b70b274b5
2775	1	01ba4719c80b6fe911b091a7c05124b64eeece964e09c058ef8f9805daca546b
2776	17	4e7f2b8cfe88c08e6092d72ed087aa22fdf0a4135a884267fd25c2487dc26850
2777	24	5afe34a7f90983e02cded9de3cf37e08abb200ed04391621c7d87fda88f7fb4f
2778	54	564ae860eebb278a21dbd053b6dc26e13b3e5fc2f76b4e836a6c11670c43bf62
2779	20	8c068c59f024eed72488e539993fb36c1b9f809fe35c5d13fa14de9727f048db
2780	15	b281b5f2cfc51703c33d3b8f3c9155986255fca2ff45529896d91d78adbf2bbb
2781	21	3fb7b56d03eadcec7ba599c58c2d3e958358991071fb282874331d794b1c8030
2782	36	c1cf31601dc2926e6b9c1735e4443b7049521d82e95827f42f836248bfee33e2
2783	4	27e5788d5d9d73d24a81dbc0a5a74bfa82c9c3b3af99e52af796e90b468a8a3d
2784	1	01ba4719c80b6fe911b091a7c05124b64eeece964e09c058ef8f9805daca546b
2785	15	9f68843a54f4a3bd83ee2b8270e61f961172f023ddb291d57f17894060d3c85d
2786	1	01ba4719c80b6fe911b091a7c05124b64eeece964e09c058ef8f9805daca546b
2787	36	0e09c13f4e9b9d744950cce134d1639968e7ab1ead825fdde357d6b655c1a66a
2788	27	7b5d55a6b45e6463f78d188ec197cbf7320c7825da3ff8b7028dd9f43d6256ea
2789	17	51dbf82390e36ec8fe82b3423fea3c2930a2e65052ca260d64ef4677d6b9166d
2790	37	67ae38acdfb3ab5ab3197fb5b9551f88ffc99700e275eae33784f819aa782b66
2791	54	d4ba99eab97210215196e6eeacd76eb46473dc97861814e2c88cbe6c5ee2ce5e
2792	21	3f3c66b83be1e26c3d010201dbe83646615dcee8c8de6a3abef554841d184efe
2793	29	32f40dd876853a8177e029f881621ec5f01dddb6031df86f018494074083f670
2794	31	664df7ef606a66f65f8e74c12df6205e6720da0368e84a80bc14164ce3f53eb2
2795	23	088c926eda78cb1b290bb8229fb05ef640f76bedf4dc746d6cb840957f4bb215
2796	39	95feca7ed54afe05a13b2a9bae216135c30e8afa2d8ff65fcc1f8ae3651768e0
2797	16	908278ee0b0e9faebfc3e217399d5736441bf81b1f8051d0bb19501e9927f5ed
2798	22	7c02a0cc51126b67af3956f56c7a33758b64a46b13962ca72aa4d5ba85f0b967
2799	1	01ba4719c80b6fe911b091a7c05124b64eeece964e09c058ef8f9805daca546b
2800	60	2ce8dacc0fb6b8fafe82e05524a004a1e22d16b7c885f89480d208aeea33dce6
2801	47	9bee425f4f2aaee27654f7a23810548453bd8e1a1537dbadbd13143172a08856
2802	23	c6a6883e78b07e17685b6cc3b454b79d18afa19726b936f126491c9dfc2fdb4b
2803	23	d88ab9ef7158f2809889ce8c433c262a327b8d5324ec57e1b17c471044b98309
2804	43	1f81ea5d221452e5bf88a8065d9849db5e72b543df5a020b519c127b0d0850eb
2805	20	afee19782564c801bec6d79a1afb0ea09f9336163ea3ea33acb7f23687ef9fd4
2806	6	4893f40e3781eb896c82d046a08067a11e35cdf2f1dfaf26fea90b8db6676413
2807	4	27e5788d5d9d73d24a81dbc0a5a74bfa82c9c3b3af99e52af796e90b468a8a3d
2808	1	01ba4719c80b6fe911b091a7c05124b64eeece964e09c058ef8f9805daca546b
2809	21	0175268ab62d222eb07a8fa046e6ff8d737ee94c8bc5a05d40f28304ac8e76fe
2810	1	01ba4719c80b6fe911b091a7c05124b64eeece964e09c058ef8f9805daca546b
2811	41	28a6e8d447f48bb0595200d8d918b56b00af6aff4e55587431da51a547b68ad0
2812	40	11d6abdbbc4007164c2b0f4bbcf64dcaa7b04e3a549f00746249643cf5aa3841
2813	17	1c5f74d11d0859bc277633dea1c22c0f7e82659b969294323891074d0ba1c87c
2814	2	412ca345ccf75bf9c0806bce695be8de808b79984251a7a54d202cf6101dd451
2815	1	01ba4719c80b6fe911b091a7c05124b64eeece964e09c058ef8f9805daca546b
2816	312	6524aaa014ccb82d66dc85dc31924c3382580bd761a8057c8274087743837ea9
2817	56	b4cea9b9352602ab208f90fa32120c02e1d775de64b448fa5735763c33dad1e1
2818	1	01ba4719c80b6fe911b091a7c05124b64eeece964e09c058ef8f9805daca546b
2819	333	041d6dd95e3d0f6ad4aa0d5eae360857b4f1b3790d24ec5f20a8ed171a8508df
2820	560	bb25c33586c86c16dcc3632bce9405109579ad7d98848050c8c237e0140fa64e
2821	111	1f64a26f0f1ab22ef6fa0db09fc1708e4f197cbcaa3ec9308d4b80f498446be0
2822	143	a12ae2f8997570c78e1aa627826df1ed3c27cb27ba15aae0dfe13053835b5f79
2823	78	d308dae96cbb89c1171fec9231ec7d40ddf134724a820b465c3e65846269fe20
2824	1	01ba4719c80b6fe911b091a7c05124b64eeece964e09c058ef8f9805daca546b
2825	30	2d286feae81b3a4c0548325f4c9485caa1c0f8fae754d5a237b49c58e462bd5a
2826	86	670cc8df1028b591d0123fdb2269a6ed6bd68b9334a6d40785edd1b4136d21c7
2827	88	4c716687af35112f5fe58e7f295ffc8c5db58db4be533ca9faeae3c9262b2634
2828	42	c64eeea1b0bb0d0fa7e4c41bfb6073f1a6ed161279de85696ca6f684d8db3328
2829	141	8f6b8a85e8657c985705236b2e141e3c9fcea94fc44c0c60ecbfdde7cd384082
2830	129	1983d4ff2992d458eabe1bd8f82fdd746a08116728d640bbb31fa87e7671c866
2831	1	01ba4719c80b6fe911b091a7c05124b64eeece964e09c058ef8f9805daca546b
2832	170	0f3eb23c61d2638ce1843018df41c9399cf76989e6a37f5501b8f98713706845
2833	72	44fef2016886414eb7319f28424117fcd3208917e663b003590e23d4492ff67f
2834	72	638c4d75e3474fedaadc2b17ec68a3d7aa9879a31dade85965025763c1cfda69
2835	96	47c2ecdb5fc96159004fe9fcf4258d6e2538c6fde4a90cc5cefa85a57aad8016
2836	1	01ba4719c80b6fe911b091a7c05124b64eeece964e09c058ef8f9805daca546b
2837	40	380a93ecd4e66cbd096e8977a36fd0ace18f8c9e8697746d36f99562c0bde736
2838	26	ed21d31132d47ff92090d6c015b7b9e6628014def07148fb75946b0e4ee35130
2839	71	b905f3ac2d10ab4864299c8c46ab616ed90a9bda0fc306633cfe535bb15ea09e
2840	37	0fbe4220a63c3846fc0d1275a3719cf1809e9004f7529e7838b287405f39738a
2841	81	cd1d990ad0f6fe40ac2cf667723c5bfe099a6570b1231db45a5d22b9526e16d8
2842	5	42a2cb25a122b44221a6234ec660a7b5fb7f9bde7b3b9e2b3c559a0d96fac739
2843	78	df436d909030cb125f916c8e290ff8b8815e01596e1c8230eea7f5267293467a
2844	25	a25b2ddec29e13aa99dc2eb005bdeedc8b1da2cb34f180d7f20ff0a5149e0d51
2845	41	5c72df64e6e76ac46b42323ab6c0d3392fee23dedf6f788b7b7d0b752969332a
2846	87	f3be4d3fc1c9eaa9e69307163c125bf1ebd91cf547dad10fa2f1d4c07e0e9eb2
2847	55	4068716da025896907aa0ce93190348d95a805205e2e53ad184203983362c137
2848	5	42a2cb25a122b44221a6234ec660a7b5fb7f9bde7b3b9e2b3c559a0d96fac739
2849	1	01ba4719c80b6fe911b091a7c05124b64eeece964e09c058ef8f9805daca546b
2850	76	026b22f956e094c189bf66c64a7d2b37a3e387631e5be609e12c0bafddb5c60d
2851	65	747a00253877af36ace1f458e34daef9eebc6e09da00ef830c061cff0dc4f4ad
2852	77	b54b121adb8a4c81569495c63bdb696031431eded468b891a3b8103163d29ac1
2853	73	2c820d616999fb618577f8a6baabd8b28d767d29876b206253916ca8dfccabb1
2854	133	9e928fbe9512acb37eab55221889c8cc58c084b57a19c37f8d09ae0f08b7e77e
2855	1	01ba4719c80b6fe911b091a7c05124b64eeece964e09c058ef8f9805daca546b
2856	777	e623ab0a4b0c3ec639eaae7ce2594202f396250af3caaa2ef45dfa04f2e95df1
2857	2	412ca345ccf75bf9c0806bce695be8de808b79984251a7a54d202cf6101dd451
2858	34	d156cbcd1d34ef7df61fc66d6d984c5a670ba9933db659f446d213726cdf7fe8
2859	191	0b392d8e2d0f0978b703ff925a288dedf544e0dd5829f22835e0c86db21632ca
2860	623	f157ca0be0bc584f2c7de9e2817588041ce34f8f29e6b34f7af7e13566582ae6
2861	43	43b40533de18a7967a0ee7ec9799d3bb8a7d2d38640d4600cd7bab24b7613ee5
2862	2	412ca345ccf75bf9c0806bce695be8de808b79984251a7a54d202cf6101dd451
2863	31	687eb90d420cc917981434c22557f643a795b826b7b631e0f620b1ddf550cb76
2864	179	eab8dc0df494b1fa6d30d556295b1882db43c9cef3aa82b1da521b61fe7fad00
2865	20	16e084947295436d6bb1d0a42f01a1817f5249fb5bc8a2e25bf844cbcad136f0
2866	1149	a807bed3413b3a140b2229a96f0a9de3fe4f20e40c107144f0147509022dd7e5
2867	43	43b40533de18a7967a0ee7ec9799d3bb8a7d2d38640d4600cd7bab24b7613ee5
2868	2	412ca345ccf75bf9c0806bce695be8de808b79984251a7a54d202cf6101dd451
2869	34	fff91ccf6ef210d9f082f2441fe800766ae7862d9a02067d00d9e36b42ee98dc
2870	10	308577dd104bc055ab426b93406c2740e842c56557ce1bf3d9e12aacb83ab049
2871	95	81dff2efe4a1c1558d7d58927a8d74b6664f62a94a740b7a9be29ed0ee0a6775
2872	471	a234a7d38865e5d6d204807f39e855252f5f771a5466bdd965e73869c2348d64
2873	274	f6b855580330fe2fba608eb8df46a383209a74f24018882f4da5dd24217a3130
2874	58	983cb3cb56dc243d1aaf1595db1c755604ad1e4981347bd79f5c004564d95f23
2875	2	412ca345ccf75bf9c0806bce695be8de808b79984251a7a54d202cf6101dd451
2876	1	01ba4719c80b6fe911b091a7c05124b64eeece964e09c058ef8f9805daca546b
2877	131	eab0aaf135bbbe53ba379872f7f7baaedbd2ed133ae951e8f57a337de36ac7df
2878	326	e6b7afb0add39551bbf74bb9f82dc4cee9124484c617a1ff505a53c479a488b2
2879	251	ce581c17ad6499ebc78390f9ea73ef215209dc3156ec51a1a225d4897f6e0207
2880	114874	da1849fd4d9dea7957ea9e2c808c37638236826b52605e9162ceb952d86db29f
2881	596	5908c6cf2cad97e69d660cc09757b1aefdd0444f25210381e332d0ef52ea09b6
2882	978	7e78dea57b9acb577ba8577a48bea528f7f48120af4c457502962f660ed5e5a1
2883	1	01ba4719c80b6fe911b091a7c05124b64eeece964e09c058ef8f9805daca546b
2884	21	b42faf4e3954ba74af18f36e3e3e816a8bf76d9c8a0007fad1c374f3a96a30fb
2885	256	1eefcf9867e473b5223ee69dec91635f549f73a511b195712d11c8abdd8674bc
2886	48	932e6ec3d1c2ddc2df44173e327c612c5a35d8ecd5549263b9728b025b184a28
2887	42	79e5d4504d0d20bb1d8f28cd23a6bb5242b11f85411df85d64bebb52a8776db0
2888	76	4ecf43fd97d86839293157a04e25f0eda2838277d9d91afeda7fd2841c02abb7
2889	26	c4bec57036a7fc13525743427be423874aa56ad7b4a7c786564f3dbdcbbcc4bb
2890	55	e8dc6a76ea3150510f00a5ddab2773c8661199c15d0c04d22ac5d355baf49490
2891	106	6b581be2c3927a6e76ad364ae68f82c94dd17f8a7c2b69b91d4ce12e664a5cb6
2892	70	64ee791774f02a4b26b4c7cb699c2811abd846b64942c66189ff4b1a9aa9e0d1
2893	97	ff39c4a7d300e6b34dbfc83825220c0e7184dc85e627b17e032e994e641956eb
2894	64	d844270a361f917472ab3b2ea3ac3ebbf44c0795352593edc8d07c8eee90a791
2895	117	0a16570089a8df5f31b1ec13c8e4719ed0af128c3d4e4b975d6b2cf4faf0f0e0
2896	8	22d11caf43e97ef369e6beed1a268bd05838f29b9dd254bf69ba64884147234a
2897	6	3a3e46f94276b6f6f4ed1f02af78bef6a2ee1c439dd5584b973948313214d2b7
2898	170	a43e099d1fca65508fb08c0d2ae799de8505a10cfeff83818ae4d7d1e0989ae6
2899	50	4663bf7443de9b1600812f2d0fbf61c3142c2b7a22c17a958966d113fa11aeec
2900	131	d27e2f273733320129e6846b6fa08cd682edadfddfdc635c51a91e3038e33dee
2901	6	3a3e46f94276b6f6f4ed1f02af78bef6a2ee1c439dd5584b973948313214d2b7
2902	1176	946022371287329f02e0f946659e8a0316cca8c9a7b93e4c1e5d348b710f6202
2903	73	257b6f50ca791cf65f12622ca557b8293c72115b90634d33572b83e15f8b80bf
2904	121	170a346ce5eff0ef48f6b1db1e98604c263be83039de7caf2e90f9a742fdfd5d
2905	6	3a3e46f94276b6f6f4ed1f02af78bef6a2ee1c439dd5584b973948313214d2b7
2906	22	339ab8a3b6db694cf6ec64084b2e7668a886be14d7a072cf3d84bbfe1c399876
2907	228	46d6d41be6c986fc475d42e48774260b4cd9af380013a7bb84e6562b4fb61944
2908	212	aedc96a14c79de94d264e751eda4c32aa064c596d11776e945039f286472f602
2909	46	2b0a6cb2239df5104f9c9c4d8c95bd14cec85dec366375a2f7662aa55bdeb4e9
2910	2	412ca345ccf75bf9c0806bce695be8de808b79984251a7a54d202cf6101dd451
2911	969	df84e003c9eafcc5185d2e155d7241751981cb504aacd99417e6daabe1cad3fd
2912	1	01ba4719c80b6fe911b091a7c05124b64eeece964e09c058ef8f9805daca546b
2913	198	8f922c48503a9ced3a489fe6813b2cefc9fbab0bc0c434e928a0daeb3d7f0320
2914	1	01ba4719c80b6fe911b091a7c05124b64eeece964e09c058ef8f9805daca546b
2915	17	30b44f5f8948cd851519d265c5509f77854a84ff30c4a33c757640a4308242ab
2916	21	4623fe54ea25a51b7e688e283bc9fafd7e283d19f1b644214c1351e4edc92c27
2917	17	1c5f74d11d0859bc277633dea1c22c0f7e82659b969294323891074d0ba1c87c
2918	19	a9a1908a098f436511ab34ddcc2d57030bd1a7086889dfa24c73307c585c0451
2919	17	2d3e84941a062235c8301a1624f6764ace4dfff5e4f294e841695ee92d74c763
2920	20	bba552413bebcd754672e080a5812a2454b13f0bd3b081f398215f3ee36117aa
2921	24	fcc4b45d5543f7bb81a6cc6d4e7ef9e13c33f214c7764788539b537dab6e1d87
2922	17	656690194cfd3a5e3233f543a3f45707c1106221507cdcd66077208be8db670c
2923	27	2d9320fb706fa5e4c32f2da2308fa09ee48a8e6d63e953177045db86f5d1196f
2924	31	a5a1c88dfeda5927f9073c08b18f6009161cdacbce4f3c85a0c903537af300ca
2925	14	fcdc3798734d3fcd6625360db68e3de7cdfecfc5f66e0ddffbd0e38419522c55
2926	2	412ca345ccf75bf9c0806bce695be8de808b79984251a7a54d202cf6101dd451
2927	1	01ba4719c80b6fe911b091a7c05124b64eeece964e09c058ef8f9805daca546b
2928	421	96ffb1195051b7b0a0a4c158de5dd389b26386f34e1b2a91be3897c49d65806b
2929	131	0087ebbd24e86e79e2b4115d703e0cea460f22e7d4645e3f3f67073822c08bd7
2930	51	6f43aa57df428e3145ce2eb4e8ccb32cc710f2c677a8eaa10bddf582ca87dc85
2931	10	2f358f0371a6e732c4340332235199dcd91ebc46239a5ddcfe6f9a63e6ebecfe
2932	39	0483801e7dfe66f9fa09f0885cadadb2c34ae89e645015a12295736e3355506c
2933	13	ac9daf2767693c3d2748dab96d89501cb65d667d71688bc3ef207991d1bd3d10
2934	43	8dd44eb7cf285f469aa8bb37755fb02d686b0c4b8ae0c0bca1f2f54eee2359dc
2935	36	311ed2e3872d5eb0cb0c6feada61dc246fe8c170cc99db3f22ec03c01232e144
2936	41	88ae3bd38bddaf0e40c9bbf1fed8aaf0a8f4648b20502a1d12af71663fa0a455
2937	52	eff177274dd9f00cc0365a0054b686dc7178dd5889fa57ee4c337d5bb0a97960
2938	31	31ca28f35f53c46b3f3be6a88649033b7bb2f7920ad32acf9c870a487aa38301
2939	88	9bbf03c8a2e1b8680115edd20ec29d896f0fc3f737631a8139afa4bdfb49089c
2940	85	730078dd6531ca45513a4f4a7f7a4db826e1b856a610c2eac0837fe1a9cc78f4
2941	53	a36a39197d9b93e6c7f97a930c3605d38086acbf580e8993cbefc47d13362223
2942	41	9bfe43280cf0aa814d0dddc95bd9e22df3410594ec4a02af565b89755001b6fc
2943	46	c172713dc99814f9a830b2b1241199b4eef1116f79edaa6a670106f334bcfd5e
2944	6	4893f40e3781eb896c82d046a08067a11e35cdf2f1dfaf26fea90b8db6676413
2945	5	42a2cb25a122b44221a6234ec660a7b5fb7f9bde7b3b9e2b3c559a0d96fac739
2946	6	49fac5a3039bbad287ac815d533cf3abd4b4217920cbe2c93bb34a6e30003142
2947	10	2f358f0371a6e732c4340332235199dcd91ebc46239a5ddcfe6f9a63e6ebecfe
2948	53	12d539192cf9d576bdf111f66308ab59040c03dd79b741953a8043c4bb07aa26
2949	13	ac9daf2767693c3d2748dab96d89501cb65d667d71688bc3ef207991d1bd3d10
2950	18	a9e72073ca2e214272f506610ab3675fcb9c11b6a03be612b15707a344bb5179
2951	33	c53d2b77298859daaf0f2f7849fc6d4c1493de4f029dfef399ce992147c434bf
2952	31	e37b5a2dd192256a1cd084ec0bed7eb26b912fc6740eb342a3a92bf45ac0caee
2953	111	aec6cecea4e8dc8864b8d600bdff2da96048baa16ef7cca1f2a64440f4b9ea28
2954	50	5c3be05a09956374faccb2ff86de093e14b3d21ec9bc4244435de4f0e4784a47
2955	1	01ba4719c80b6fe911b091a7c05124b64eeece964e09c058ef8f9805daca546b
2956	57	e9f9cc6676805b1ad375777ec4ecfde3d6804e7645ac86751a4d8df36c3d4617
2957	78	fc2c8db8634bd7ecdfa169084d94bfc993ba31367773ff039fc4ce105eecda8d
2958	1	01ba4719c80b6fe911b091a7c05124b64eeece964e09c058ef8f9805daca546b
2959	26	7fbd63b589928e0829df3897113bf93ed6efa00d437fbee5532cfb1d78983e55
2960	103	69f067b25902475b28d48cc3408bab2b6ebf328fa3165c571d14b0270608ab64
2961	99	f9cce5f5129b11d1f3e154977df3332bf1dee4565851cf3e7aa77eb73a2d5055
2962	36	cd96e558b0935d86a75ad90c4d794e92e25e0ec912452234c42b6c1cae1a0b92
2963	42	0a048248eecb56a703b01e1e12c880e1790645fd2f5c78bdf2a866accb0d25e6
2964	46	c8aa812b608b4006270d86b5bf8119aa15a2db5a95250022170cd9e7ac885997
2965	18	756a203866dcee8dadf75f4458b76f8464a652570f7d3ebbdddd91d5050c7f2d
2966	47	2d912cdc5e51e45256e410ffd52eb45e21c08fc93b5ff2a581d0d4ebe846e835
2967	46	263d1043757b95b019e7f428a45f7105064ca2ae3fff6290288c15badf425d2f
2968	59	4c1b0337c87c2af97f2e9c8a51ca03fc9ddf862a8a57d2213dfaeeb15dde0830
2969	94	0027ae59554795a76664b136746031b75cdfca6be227e0328db73859c3ae8a8f
2970	50	beb45c52d766cc9ea552ef5a0a03b050f4800f47847be57191afb7f56de909b9
2971	63	45582a3471daa29ae1033715866625da741eb3959e89e20c1b1bf9b6b96878fe
2972	34	5f9c02322d2f6e0af9a9b788f1394b60dd30d1720bc37faf48e5c37f06508ec4
2973	19	d0284250d34b29854b025718b1ce3f5e0545f2f33b6c8562374872ae87d0afc4
2974	45	cd42e0c3923b1a7c6405756259e2fe7dbb394f941da17ead3b443bfaded2c48b
2975	61	e34790d26d05977a438659945b545760f96920e5b2331110b2b271e6adf48ae4
2976	16	f60cef4bc9e15c45f3d3d780172d4689f609f8db50807787aa48e4e84f37e5ab
2977	4	27e5788d5d9d73d24a81dbc0a5a74bfa82c9c3b3af99e52af796e90b468a8a3d
2978	1	01ba4719c80b6fe911b091a7c05124b64eeece964e09c058ef8f9805daca546b
2979	91	4f41dad0852ef199f6b7c8bcc414a9df2eab475cd69c1bb201edba5f2c82baf4
2980	38	2297ab1334a88f3e68e0faca8f6cb7fbceea237db1a374961f3df41332df6651
2981	185	2d0e823a80ef888c6b37ca052524ca68f1bd723b638597662caf9538113be9bd
2982	5	42a2cb25a122b44221a6234ec660a7b5fb7f9bde7b3b9e2b3c559a0d96fac739
2983	1	01ba4719c80b6fe911b091a7c05124b64eeece964e09c058ef8f9805daca546b
2984	23	8f2d2f4ed14c5f1b5aec0ec7b20d0369c1889dd6c506dd04aa2e352e61498d3d
2985	30	35decf40e173631f5b69475cb269d469fd392aed35168bb446177fe2527c6ae4
2986	23	7cae72b650729e337b13e22683b5ac4d0abae734017c2da682c9005e5ac0c396
2987	26	db8e5d4e48c4bf5a6d3440c4ac006a9530f1b89e127910abb00d0ce90a071e25
2988	95	d770cb80829c46a7624a6e50d3b186979897137cb57f2ff1686e1051a1787765
2989	6	4893f40e3781eb896c82d046a08067a11e35cdf2f1dfaf26fea90b8db6676413
2990	4	27e5788d5d9d73d24a81dbc0a5a74bfa82c9c3b3af99e52af796e90b468a8a3d
2991	1	01ba4719c80b6fe911b091a7c05124b64eeece964e09c058ef8f9805daca546b
2992	22	99c6734b22d2b804c1c99be83fdd6cc9efce124ff6fd50a21881a57bb73fe7a8
2993	30	35decf40e173631f5b69475cb269d469fd392aed35168bb446177fe2527c6ae4
2994	60	8ef64533778eb83d013ace7221ff0ae80c6a3d5c82b435b6335b5ce0eaf81de3
2995	4	27e5788d5d9d73d24a81dbc0a5a74bfa82c9c3b3af99e52af796e90b468a8a3d
2996	1	01ba4719c80b6fe911b091a7c05124b64eeece964e09c058ef8f9805daca546b
2997	28	8650f4e3e57ade6e160e30f3b46a3ef01903fcfead109c84981ceca7dec68fa1
2998	71	cdcc4dd315398b8899df18d4d80208a948f597a30535dd1a003fd49f6446c9f0
2999	39	e1775ce123f8ac32faa6e9acf4730be51e3762eadc7db2f6c1da2636a04f05ca
3000	123	8fdeb30217c684585e74de9c71e27bc7fb39d9d59cb30280a42c85bfc22a445f
3001	68	6e0c4241d668fc22db1a87a4efb3d8b02bc5a5dba3323c310fd077b4d5ff1f76
3002	53	4d645df78e1316844fd3906721ea9cc47ac6e8d2764a55363874f248ffb3a67b
3003	53	e0fbd090a0bc1ebe3648365d82e4e3905b6448cda050a1b9e2390754c7da976e
3004	16	6571ca055ff6d4482450e7919e87dc55f1b985feb9e007f6e6d2b2ff87a63f04
3005	4	27e5788d5d9d73d24a81dbc0a5a74bfa82c9c3b3af99e52af796e90b468a8a3d
3006	1	01ba4719c80b6fe911b091a7c05124b64eeece964e09c058ef8f9805daca546b
3007	27	baffcfc96e025f33a5355df90e247cab555689b963b47c1381cc695b7eac8645
3008	61	0860126e88c40bcdb9476dc66c0a7cea5403a118c726a92ebdf62568d8d7901c
3009	54	0de65b589fad87e3c9788178894b54210e5240e09f939c59973bfadb59285628
3010	37	6e1f253fe8eda41d3c5031c42a854756d213b60e1694ac6a717518787f4c0d07
3011	70	321180a37bbe9bb4acb4c7570aa0c2bbce3fd1fca41eb9ab4d3c7bd6e8fc69bc
3012	24	bdfb495cb770dc1d0ed265f563600c64ab5a986aab01ffa4c5bde720b83492f2
3013	75	e09802a08614370165b609849a8bf614e25abf114fafb087888396cf2b04e369
3014	33	3c742e6dc2f804a8ee6792c792dbd31e16b6b15a2b86db299ab2a839ce5f534a
3015	6	4893f40e3781eb896c82d046a08067a11e35cdf2f1dfaf26fea90b8db6676413
3016	94	45d5b23607071fe216e97d3ad64372562130c566cec18c320356724e2a11bc6e
3017	16	6571ca055ff6d4482450e7919e87dc55f1b985feb9e007f6e6d2b2ff87a63f04
3018	4	27e5788d5d9d73d24a81dbc0a5a74bfa82c9c3b3af99e52af796e90b468a8a3d
3019	1	01ba4719c80b6fe911b091a7c05124b64eeece964e09c058ef8f9805daca546b
3020	23	c5a6dc10bb1d69d2404eb7efa4d355a225c57bc49678a1c091d71049006cf375
3021	64	8ff19b02d28b3c1ad79cab88423dba9d6ba9a4c82957dabb66f8afa96ae94dcd
3022	148	a0ba2cb4ae3a5d83d372ebf46f21170aa9babd786ed3e8856d52fc4c738ec787
3023	146	3cc26c9ac9738fb4c0becd38c7ee441c62c611f7ac198b668025b2c7d6f29b2d
3024	126	a6a74e51a9d535daa1cf752cd7cb8fb65ca2e2e65f4ed022aa3ca3a7de39a7f5
3025	4	27e5788d5d9d73d24a81dbc0a5a74bfa82c9c3b3af99e52af796e90b468a8a3d
3026	1	01ba4719c80b6fe911b091a7c05124b64eeece964e09c058ef8f9805daca546b
3027	30	5e56180fb70c0eec806e21571faa29870cda01ec64d7bcb90a0f25ebd2edc466
3028	80	6862714222f70d73a63f3eb413713af0a50cc610e34a56c4b9b764ebdc6ed9e0
3029	4	27e5788d5d9d73d24a81dbc0a5a74bfa82c9c3b3af99e52af796e90b468a8a3d
3030	1	01ba4719c80b6fe911b091a7c05124b64eeece964e09c058ef8f9805daca546b
3031	41	ca6c2ca690f738d58dae923a39822fd9808046c6ff64b2acfc8041e5331cca24
3032	21	3f3c66b83be1e26c3d010201dbe83646615dcee8c8de6a3abef554841d184efe
3033	23	7343b2662754f70eb3ff1f83d88eaebf81ea87b613a7fe83c906015163f0387d
3034	25	ec41fad207a7e2b14a9a6816481d6f72535a0ef0724e5dfe9854861136e9cc74
3035	41	2e6be74cbace3d063d6e58366afc0aff1ca5d696b869cf8f9ecdcdc0706ff259
3036	27	1f00e663a96867737f17f6909e7e629fdf164fbb18be391d5c99f24325dd2a32
3037	45	3ab7789672ee3979a5ab0fada6f0588acf12262109f81040dd563e213a6adc11
3038	25	28be1240bfb82f20ed70bb9f9b8e7586a2f9f071bfb43a65a16901b889b64791
3039	41	59b318cb1d4be46e90cae11e09af552294623aa08c02a4567561e1058938c6e8
3040	23	f67c71b83aaf4a8a3a7e167d2bd63e66aa1aa93e1c1523e932e86324c6bbd3be
3041	37	fae6ab4cc58a1ba31b90951d0a5878abb493a988d1c882b6e97ec6bbab748fbd
3042	21	c68a27d3420dd9350d9bf66cf77f194a69a2787b3e34b3c1fb1f829ac0260b00
3043	4	27e5788d5d9d73d24a81dbc0a5a74bfa82c9c3b3af99e52af796e90b468a8a3d
3044	1	01ba4719c80b6fe911b091a7c05124b64eeece964e09c058ef8f9805daca546b
3045	32	865e746f7679ddc50f5b45c44875e25c20d730e8f302cf95500df4a10605547d
3046	38	a3f422f8fa405473130fd86d52840b6abde49e71d337a0105b1187c4d20a534f
3047	51	6d39d23c1e22de7ffca7ca2fcff3f090021e367bf3ad25db015c8dccdab41246
3048	51	b240820dd61e8d793b926ff376d9850fab46156ea10b0133d37c6da20c8da07b
3049	35	2d7d75e45ce2bb163c3d1284214bafcbb4c6968a8c5d34451fb01373cada5265
3050	29	41e9814d8c5498a324f44d4e4e3af2e7c51b4b7b8d104ec018e107c2d13540fb
3051	27	d8fd4b1d5028a259fcef45f744668094040c5b42a1df5c5e484cca2f1a51d6b2
3052	29	4f808ffb450084ad604a534a12ea12f5e6512fa0dd0b04468a6c6384c92dc94a
3053	73	8008bd55a31c4cdcc01a408bee3e09bc562a3868465f1c65fe3b3f1ba0837e6e
3054	75	39a3d704695d8a666c268652361975c3a988d32657e1516fa1823f0a3129a15e
3055	1	01ba4719c80b6fe911b091a7c05124b64eeece964e09c058ef8f9805daca546b
3056	18	a07946bdca5030ae78a657de1570347661e51bda5f345bab617eb3c21fa09bf5
3057	41	ffaf9e1d7cfec00eb5daa9925840b73598a19b3460927b1b426e787b43999f67
3058	67	4abff5bfdb372743c94cb4d889ea1b2276b8f49552ee45478594a0f112784dff
3059	35	57ba58f596d9509b21749d041da7f583f95855f2eb028a000790407943ea2a1a
3060	1	01ba4719c80b6fe911b091a7c05124b64eeece964e09c058ef8f9805daca546b
3061	28	0a460ed16f191bc9847bc5d802a7e25e69d91f681223df25f1ee019ad2dcbc77
3062	80	65a44ef526e812ed3bbbaebb4f4a061b6aee90130b87869a614438a1f9fec649
3063	41	eb760221892411ffc3be77370f6776abe650f08ac57f17caaf07e40cf4b58526
3064	1	01ba4719c80b6fe911b091a7c05124b64eeece964e09c058ef8f9805daca546b
3065	45	669391ffb57d86f6d50f51edaaa002433463a1bfffd502cc71dd4c2316f0246c
3066	64	cfbf1d104d606d34baa1bebbe6d6ac10bb0b78a532d889166b0c641446dafdd2
3067	94	0967026c3f75d490927c48e370ecb7211815c559998bea6539e51c81412bc982
3068	56	3d353842a94ed964189073f50d5377c7dae7c2a1a3c6ac717c3c87bd94be6e1b
3069	1	01ba4719c80b6fe911b091a7c05124b64eeece964e09c058ef8f9805daca546b
3070	23	b8ea4e6d3c17e1da7474c043dd6d220d6f4efefca78d50a3ad61145c7e4062c1
3071	20	e5777bac3efc10b24799c02e59f146427ce0cd07074f06cc4bc33e7b421f2bc5
3072	40	2b77bee2c385cbb78021700a64462454dc7408d5083c6dda371eced12ba0499a
3073	35	1154e647b6f606eb4cedb6a5a116f7207c8cd989e206fbbfe8cae1a66597f698
3074	42	347dd0d45d74aaf322396e7c4b81d125c383ac2e6c892526cc49cea3c40c59b3
3075	33	fc03d33cbd3aa12f5000c06b961640ada3bc0656ba71ce109053e975c2d51db2
3076	25	0bc9d86693878bdce828891a94e3a0c1626b06dde98a4ebe78e515aa3cab0140
3077	49	46447db2bad9973703877d380c2f04900670dc0567f2f88250283145fe4f455f
3078	20	b8699ba54f41e10c95fdf46e00cff67ca066adec923f7338e4cdf2c326e3bcb1
3079	23	116ff311039b8cb589293743227864942843caaadb11eabfa7034c8ac53f00f1
3080	1	01ba4719c80b6fe911b091a7c05124b64eeece964e09c058ef8f9805daca546b
3081	19	71d6eff21d5e789500fd919b10b8f4d044637440b5be7144bbd8b5aa924f93d4
3082	22	ae91450e98720b3c424f399271d3d8f93560f5be50e7b4961e18b5b1fb7ce291
3083	53	a008d61d8a3487c145e2788db0d293f3d27b093e7b6d806a84d2d7640d561348
3084	31	1b105953cd72bc2d55c33aed20894a9f53f8fdeae556283dfece7861c9b7fe36
3085	27	504943389bfde23d11518f154f6768d9e10a5dee56f3c52d2797d9ba5698ddc4
3086	53	0a73d57edfd93ae39e4233d7ba3e41e3895a1536a6403113db4742e0f4e4f7d1
3087	24	b3166d5d407cacd9626088f79578eb958471c5379cd9bbc499072d68d2884aee
3088	25	867a96203348a614d300af1efced7b8b0152efcedb1240b3a5555b99a4104393
3089	10	e6b04491469722e8363a94e4044538e013a2a217e36b1e568ba60acb7b4c8f2e
3090	93	b0a0ed8ebe9aa26905652b525b3f4dd6698e02589f00d37e1f86d533da47df09
3091	8	9b62f60d8590a579cf46f8d67378c4c572b962ceccdb90c7a5f7b42b960782a4
3092	1	01ba4719c80b6fe911b091a7c05124b64eeece964e09c058ef8f9805daca546b
3093	39	afc9241c2e2d94cd42f6ead955607b2222ab0ce539b90748aca9f68af4d3c812
3094	48	b7f7608e819f0ec83e25b55e1d14d7f940765bf9991ff28229b62ac9b4171b4c
3095	124	7e577840764d2a4762ed32e9d5a97998a7cb16a2a143ac96d89072c3fa797729
3096	124	644c054716aaca46cf64491d6de75448cb6d8aabf5d24080c992103b7969f2a1
3097	24	031337aad22fbdead7b21144dbb7a403012554032de9b754cb4c3c63df3aebd6
3098	10	717af1101c97b7c2f52540782e634cc4440f0e970341e52f9752311d78b7d7d0
3099	1	01ba4719c80b6fe911b091a7c05124b64eeece964e09c058ef8f9805daca546b
3100	30	bc38e74884e8cc64e6838e40c55b9202a0ed94d5d43fb052cffb5d743ee0e074
3101	80	65a44ef526e812ed3bbbaebb4f4a061b6aee90130b87869a614438a1f9fec649
3102	41	eb760221892411ffc3be77370f6776abe650f08ac57f17caaf07e40cf4b58526
3103	71	c16cdb30d697c8e8d85b4fa15e817e60511c1eb4c08830612c7e0fb6dd460848
3104	49	a9fca8942841dd156e8e3913e4a3c1bc3a769badc77913b2d3e142c87be220ac
3105	32	3bdefe14c98203e9fed9675bfa284a4d138525ec7b8216f1425b204c32e69975
3106	29	e767af4522ec6d009c098c3b8d7770ea71de3cb356d67328a959ea49b07ce35b
3107	34	0554c64c60a26e3c45492aca32dd08e669b373a661405e1fd0c270cb3dfd42a4
3108	42	ef3f7a42ea39895857de4853bb7d7f8aaaaa7bbba822864c1caaafbe0b76c37f
3109	33	593c2db2b89d03170cacb306e9668c62b4230653a55f45e262e635b7ba699878
3110	41	f827d920a1905dcb6ba924faa72f0659889912ec9799f4a68f67f13c4f4226ac
3111	40	18e253d3d1d3d98c08c1c43932b3e1b3dd0011e1007425de129b36cfbeb621bb
3112	38	1587bf3cda37d5bfbfc5626da4a937ff535c746a89282776dd132ecac95711a7
3113	11	c10ecc153bf17cbc33f172c1cb685453fb3f23e3d2915d89373da483c7d282c9
3114	27	60cec040de18e8bd25e77691148c40eb3db551e419508e99469ddc655c8f0fb1
3115	36	22ed0ba1299d1eff0692a6a1b2ced017f34e2bd1815f0350af6bf9df948554e9
3116	73	12bb87504f79a2cbba7bd69ecb5f4eb77ca28ab6533f15901a369d70c4752366
3117	95	1b6e10260d2f4e7a85a2b20e72099bfa3355d05647cca6d35c13c63335c6dc2f
3118	63	7ac79633c54f5321a677703ff9560ff9c1f8fe2487f321bd5c4b89e7f2a53f00
3119	29	bc6651910fe9d6fffd9db24a3382bd8d9900c30a0307e19de559427bf4e6edee
3120	17	56aaa1b8350cb108118f3b2d7abbb0f9290406523537897226af6596f1332550
3121	10	e6b04491469722e8363a94e4044538e013a2a217e36b1e568ba60acb7b4c8f2e
3122	30	f3fb82cfa57816314a01eaadd3e79ac127a688179ffc6d06359f7b4eeae5e21b
3123	36	fb99e749d6ebdd0de4470afd66b7abde700d8659d92d09c57141b23f71651b52
3124	1	01ba4719c80b6fe911b091a7c05124b64eeece964e09c058ef8f9805daca546b
3125	35	a78179ff8972ad2dcb50a1d2fbe60be097af7b80b85ab41775fd11f3d1681d8f
3126	29	a978a0105da67e11fb5aff8893362d7c95cd5f44460c9e6ee176480448bbdaa8
3127	25	0bc9d86693878bdce828891a94e3a0c1626b06dde98a4ebe78e515aa3cab0140
3128	32	6cd97014718866bc368d953c7cd33c83e1506613ae0ab5480826a786550175cc
3129	56	a644c931f94dc66e2729a5faefc5d6e81ab627beca36bac21b36b0b188fbabc3
3130	22	aec996bad5000dd9194732a5723589c2759f32c97fb34bfb0a8b37b873a6fa25
3131	1	01ba4719c80b6fe911b091a7c05124b64eeece964e09c058ef8f9805daca546b
3132	32	51a50b608df21203df1130fda42d53364473873891b549e22e2469d3dd5ebcf2
3133	91	ed96cc1d38242524da912037a0f4811540652c7a3c20eb84664eb47ef4035d4c
3134	20	b8699ba54f41e10c95fdf46e00cff67ca066adec923f7338e4cdf2c326e3bcb1
3135	1	01ba4719c80b6fe911b091a7c05124b64eeece964e09c058ef8f9805daca546b
3136	32	9b07b2fff9ff73737c14a27a24fd533852730ec7e8e42108f54a0926fe68b917
3137	27	3332ddb0393dee03823fffbbfa875cc30385ce6f7d87c46e98afdaa57447dc8b
3138	46	4a6a2a94f02666e517e3ad67b363df0734b9989562ea59b4fd5a39dd96c59790
3139	34	5ed66525f161954fb02b32074931ee2d9b42ab24ccb10a8f58091c5a1864344b
3140	79	bfc44f4065a01a32ac132ebf0beda6af60d49374a1862a6b36374cc4b135c1ea
3141	77	4ceade8fc9303e4dcf33f5938a7eccc923e4fe9c4fca7097a85895e8983e84eb
3142	145	fc71370404a45f5ddad11bd7942c5aa242b19131310a2b288e41d4379809002e
3143	8	9b62f60d8590a579cf46f8d67378c4c572b962ceccdb90c7a5f7b42b960782a4
3144	1	01ba4719c80b6fe911b091a7c05124b64eeece964e09c058ef8f9805daca546b
3145	44	8df30b59711b315ce41a5736543e773bc659c907c2e1776a3ee2cb8fd94f2bac
3146	21	a0464d08bda7a181565499b6f0233d4037447631d86695c2308cf87d9e09d619
3147	8	22d11caf43e97ef369e6beed1a268bd05838f29b9dd254bf69ba64884147234a
3148	4	27e5788d5d9d73d24a81dbc0a5a74bfa82c9c3b3af99e52af796e90b468a8a3d
3149	1	01ba4719c80b6fe911b091a7c05124b64eeece964e09c058ef8f9805daca546b
3150	43	44de7d6ff9876d016bb8f154478f3a1869e865b4a9e3eab0f1a58415482487b2
3151	26	3cf7bf20fd2591d4b58617dd11a3e8ff7e91c0ef71e6dd90d3ed3d9bc1c1b823
3152	27	83eda2902495809658acbad5ea1595271183596b00f78600cb7faafea4fccfc5
3153	37	65744ecb51f5eed00fef22136bb4ae25e05d42eccb90c0bead1ca12ca07a429d
3154	73	3c4a4d9d6466d7b6a63572ee90820fb5fcc76e5d4c892c75f118f75c5a280d4e
3155	39	35abab80fa3185d85008f42952058221b2c07a4bee6a3000adc34674f14d8b9b
3156	42	2340f7a8e49c630f09bb677d0abeb5dbd77a408d56e0a19bb54f4d47a6e61e92
3157	40	6eab9987297a3f34feb105ef2b3ea062604d303c14d5af37cfa1c7b6307ef2f5
3158	6	4893f40e3781eb896c82d046a08067a11e35cdf2f1dfaf26fea90b8db6676413
3159	17	722670670f81044632b6f6c305fdd724088ce133f1d61810bbed2b4c1cc75b6b
3160	4	27e5788d5d9d73d24a81dbc0a5a74bfa82c9c3b3af99e52af796e90b468a8a3d
3161	1	01ba4719c80b6fe911b091a7c05124b64eeece964e09c058ef8f9805daca546b
3162	33	f052abcb19d090d51975ed120d2b95c7c7fde97082d46390db2a77a1f96d79e7
3163	28	179b4e32ff215de4a5570c45b445044a0bfa6b3c845f1319326805e815fcccb9
3164	39	4109e660d7fdce2a6a6775043d0fc6f22ae11b600a31034db2306a3886d89fa9
3165	40	86753f4f3886884b18e00ad010db91ec0ca3e6acc137a55cfdab119f348876a5
3166	36	b08756e9ff1e42dde7c75966a333b0182caff051c4f605452a2305e15b3ad57f
3167	34	bef86646b82fa6c5153561af6c7dc88463cd35f0edb527721b2e12b699d48236
3168	28	de0ef9deda501c553d7214cfdcd2af989629e850644be49b8b3d35ad11de278e
3169	68	a50dc8040e6d8004309d722816ec61d8098b2c2987a6155d7647f4dc76a2a252
3170	14	2b4e78bc2cab0b892b8f3eb00b419ce02c02d17e99d55fb441419c1403ca095d
3171	30	604444c7045730239c698759e3695cbbed878c9f6598addd37302a4394984ce8
3172	48	228da7ad01bd32e753f5ba3f623ae2dee8294a6f43c7fac5ccec2033a8362b6f
3173	43	867cbffdcc7531361256c08968381e8b977bffd400a1f8d1b86bf0c44acd940a
3174	56	86607beb055d8ab2e1fad1cdfef72171cccb3e86218b5501399ed62ae3acab85
3175	125	c03ec41cd1966b5b1840162e0af6a73d6f538dfbc990bd0503278b797a1b504f
3176	139	d80d6d51e4f27ded6b6104cdb918ac76abe1c193a1eb44f65d0b3ef47c9afb81
3177	129	fd551a5cba33490af667197af51c39f92d0bb3000019ecf4556c3087703245a5
3178	6	4893f40e3781eb896c82d046a08067a11e35cdf2f1dfaf26fea90b8db6676413
3179	34	0d0f92f60931f542fdfd30d32fd0ec1c23367b91d3fea493ae7a271f64d548a4
3180	52	3cc5dc1df7871da7ee21154390ceff9c4a9c4e3efdd6d9d21e24000cad1635f8
3181	25	f480649a95ad9381c6b6ff295071bcf358060de7086720ba2d8a11896719c387
3182	4	27e5788d5d9d73d24a81dbc0a5a74bfa82c9c3b3af99e52af796e90b468a8a3d
3183	1	01ba4719c80b6fe911b091a7c05124b64eeece964e09c058ef8f9805daca546b
3184	57	777afd2b791158930874331461d25d135e54b8dbad9dbfc088990413b2bd8394
3185	1	01ba4719c80b6fe911b091a7c05124b64eeece964e09c058ef8f9805daca546b
3186	51	6f60ab78f8b891134ab10e3ccabdf3b102f02edb4075b0606ca2d568111eead4
3187	31	4141746a68de7cf51c4133fe0047ac7aa5ee500d64180e897d78ae41f736a5d8
3188	40	86753f4f3886884b18e00ad010db91ec0ca3e6acc137a55cfdab119f348876a5
3189	42	ae32ddba5802c4c0543a95c76a45bc539e4a683a2601d8ca4ecc3d25e5e78d8d
3190	25	f480649a95ad9381c6b6ff295071bcf358060de7086720ba2d8a11896719c387
3191	5	42a2cb25a122b44221a6234ec660a7b5fb7f9bde7b3b9e2b3c559a0d96fac739
3192	1	01ba4719c80b6fe911b091a7c05124b64eeece964e09c058ef8f9805daca546b
3193	46	9af3ca87bb379e00d5915735220f5cec4d61902741c49721749bbe95098590c9
3194	37	ce841ba5d05a35a818f1e59ffeb2d6ec6863753b14756a70064e17f7a22eb4bf
3195	29	c7404182826447631823c3992caccd1cecae1df576080dc3140e09eacccfff14
3196	33	c14c6fa0d6358f665349ade9d41ba3e7cf8f925a823b19bdf60e15c7b7b4e022
3197	48	ae7a4f48d43f879f16b911f147dd2ae6a834a3893e15000d75408ad4dba9f7dc
3198	6	4893f40e3781eb896c82d046a08067a11e35cdf2f1dfaf26fea90b8db6676413
3199	189	50804a208b0cd59ff5e182c61c59515ed6b472a24839d521dcb79e8b447bc616
3200	23	bfb6a8e3779912b1854e884e048a86ce56701e125db7b97b880e9b99ad5cec44
3201	102	7be10a2d5fde57d056e9efe89312f8078109e17f28fcfc018170e4c397e65106
3202	43	f7752f54c0d0001821a079e645a010d6c9ca9fff031ff2b98149b90ff9302bf6
3203	68	499bfdbd4501203a1cd07f44f8527fa54d1dce4aee26a0953b7114d75f8e643f
3204	5	42a2cb25a122b44221a6234ec660a7b5fb7f9bde7b3b9e2b3c559a0d96fac739
3205	1	01ba4719c80b6fe911b091a7c05124b64eeece964e09c058ef8f9805daca546b
3206	51	7d9621063e1e101e92c66d4330366e199509fa182177261b9d5416cbaa66a109
3207	25	f480649a95ad9381c6b6ff295071bcf358060de7086720ba2d8a11896719c387
3208	35	c913965c8127114c475d2291a3eaf9d9105e7922f6b21f9d8f2239cd03e84d62
3209	88	3dd94832170ce94e352beef38f5bdde0a32673440f3fc0840a8e46152bc38e8f
3210	5	42a2cb25a122b44221a6234ec660a7b5fb7f9bde7b3b9e2b3c559a0d96fac739
3211	1	01ba4719c80b6fe911b091a7c05124b64eeece964e09c058ef8f9805daca546b
3212	38	f1b146326da882df191fc51e838ee3fd69086f22162f7ba2fea1e087902f53f1
3213	16	91dd2b186be5f052a8c238ef43bb1d76f835be10702a66999c4059d479d6c1bd
3214	1	01ba4719c80b6fe911b091a7c05124b64eeece964e09c058ef8f9805daca546b
3215	42	cc6f6e956d71f2aa1b0d8feb8c9a4f08417c20b58b31d4d2fa4ddf32b3ec79be
3216	93	daa221cd30b14dd424ff15d19ee7e188834238989abda66367abc41c6dd17afa
3217	78	5626d460ff786c031c9669cb15988591d31035252bf8754879c56b19e04e717d
3218	1	01ba4719c80b6fe911b091a7c05124b64eeece964e09c058ef8f9805daca546b
3219	99	f9cce5f5129b11d1f3e154977df3332bf1dee4565851cf3e7aa77eb73a2d5055
3220	37	f6ff2de4f51cb972c22166b0d0c6cfb9736d387b021311073bf5e6536a2f948a
3221	61	26e8dc1c60f277f333f459fbae5d9e48174c8afa3001100ec855568c205db0c3
3222	30	c8cd0266c19b8d78eac89864651a591a6cca1a0b92c85ac432f7a432b3c8386b
3223	14	1792f847bb21cb292dd09f7fa6e7cac4a8c14d97d389633b3d1520ea14b5b1dc
3224	6	4893f40e3781eb896c82d046a08067a11e35cdf2f1dfaf26fea90b8db6676413
3225	1	01ba4719c80b6fe911b091a7c05124b64eeece964e09c058ef8f9805daca546b
3226	14	32369ddf122d642474fd8ade4b95fe5404d68da2d5ff603aa2efd449a71d66cf
3227	50	d276cdd944e4e286b98b7614e2d4bd08106a85de8d48c46c9f52954993f2500d
3228	24	a8633ee26da0fde2f9761122bbb13a935be9bcb75680802e83a35dc274239aa8
3229	22	f91f586fe8112e70ea6d6223b51105c5a56514fb0d87a6c8dd71c21d496b73e2
3230	20	e863f7f5eed2ad8e7bc1ef91eec934e662616d6c6c224d45c5b12ad9c812f14e
3231	23	167572997e588812349e1c38f944481aa85b576921ebd2061d41d5d6c0cf9326
3232	23	29670174236813f45a3c448023cea2452518472f205b51323e4edbe65f783e98
3233	22	d1730298a8e61efd3c508e1aff86163a226ba2b2be9754b5dbc266b7e9b4b7de
3234	28	ebb6584fc0c89af2cec184d1c9aa15044e8038168e48f2b813711f9cfb0a8aad
3235	10	717af1101c97b7c2f52540782e634cc4440f0e970341e52f9752311d78b7d7d0
3236	36	e60d9e97dedbb3023c028ba8525e296584740a7271272b75e67947f02311754a
3237	1	01ba4719c80b6fe911b091a7c05124b64eeece964e09c058ef8f9805daca546b
3238	1	01ba4719c80b6fe911b091a7c05124b64eeece964e09c058ef8f9805daca546b
3239	36	1e1ac6d7ee1447e78ed8955e739121987fa1cf5e027ff87dbad2d688f6b36e32
3240	18	8d206d927192a8424c7cc8530bafa5d763bddfdafea04a3399ed29958ff21427
3241	35	3822f212c32f490e05c682f73bc5933de2b6ef3cd91418f831cbe7ec897a15e0
3242	46	71e978b2216697fb90a898f2c8589f1fa01593fc9abe7b4bb1d13e3b509eb587
3243	46	06738e43e67477c1c8521f65a0eb736c3e39568fd523ee47c46347a820ddac2b
3244	46	7d28f49289f4a5eac7d594db393cee00a9fb2fa3093f4b5df21b8c14fe960deb
3245	31	bd01ca9e4d2cd66d7d46b9576a669448ee0d928357d49f445150c163bf894b54
3246	18	cb7d00cd846db21f62a4de699d60cd9b7c79b8184120114956a7e9166ece0122
3247	10	e6b04491469722e8363a94e4044538e013a2a217e36b1e568ba60acb7b4c8f2e
3248	71	dc7290548e54c68931c30815f2fbe79a5ac264b8c4db99a21a86f12a3d6b6bc2
3249	48	cf6dda00c0c43662361aee11705edbd1b4d7afac788ba32a9d08df53e8e63611
3250	14	36570b7ceef1b6dbe3e00b61cc06158fbbe9bbcdd4d7b0c42e9e7a00783c7846
3251	28	87d73b6f6b497ecc56a9bcf10dc84a93078230d1f6604315148c58df8f2f7adc
3252	52	0fb88f9b6db76ca8b7d306c0b4440a328b8df05403584ec3326bddf8ef189a4f
3253	64	407cf5a708513bd191e0c0e37b919725e88d3959e84afd241a35a80a347b3bde
3254	27	160e493532dcc30c9cf088a645ec97107ad48e847f212e2770c71e27cb3c2a40
3255	56	a77be5a1fc489ead25a1d7e0b14653c6b2ca8a24a54ba4728c19ddec46e1bf6b
3256	68	9f2118057343ea6d08efab043bee52c50603cfb001c9c6ed5d777d71b3f812e4
3257	27	160e493532dcc30c9cf088a645ec97107ad48e847f212e2770c71e27cb3c2a40
3258	53	a878b285b66570a3b484ffb3869491a08cfed26d6734cffbbd58f921260cbd6e
3259	102	36dfac3c871d4470fe53452be0f83a6ff86cb53357cacec84ec67c1b11ab9264
3260	24	cc48455df760f1d6cd441db9535012842098c4efc71e16afe1e07731262d7d1f
3261	15	93b059789621c4b2aa96597dbd5441f52106e49f5bfb7abf5e77c89a4443ec00
3262	17	c6eaf874339263fb36f10df76c388edc7c18ff808aa8210b65bb0a48ca0c9b05
3263	45	8f3de18bc5b77d26f85310e24d98a21f0a82ec75a0742ed63014c94b034c1997
3264	34	5ad4312487d10e00d6b90fb73a6c5deee58e2e501f945ed632c3c646d07f9d24
3265	81	bff18be7ccef90506991c081ea6aade2bd01ac00da97f515cba1508da59ccb94
3266	67	c9c07361e1d1523e040fb8fbdc21ff554ff66a8cc9b083e322fde391228fe6a5
3267	47	e4be32548398be5e52c1aa549390d4d908af218a818234ed4512f4bc8f00999a
3268	12	88005d57106a362eb000daf3da4674c82b518ff5a2e2f67ee8e757a333c2af66
3269	10	e6b04491469722e8363a94e4044538e013a2a217e36b1e568ba60acb7b4c8f2e
3270	9	fe33dc731e7d07b1f0c05cfebd7e1922023e6077bc0ae7ba30148f50833a25a9
3271	1	01ba4719c80b6fe911b091a7c05124b64eeece964e09c058ef8f9805daca546b
3272	19	152dd7ed1d369846baa29cfc37a6f33408cfe2cc18be35ff1e0e545670d39819
3273	27	a4acedec79c5f53b2c4ed8b433152e5dc32316f44c9d5b7badd66d36ac813d0a
3274	6	4893f40e3781eb896c82d046a08067a11e35cdf2f1dfaf26fea90b8db6676413
3275	1	01ba4719c80b6fe911b091a7c05124b64eeece964e09c058ef8f9805daca546b
3276	66	e66328872cde79e9e248d8d551c1c9ff5030c9dd1dc9f007d5cc1a50a20e0de6
3277	66	290d1867d30077e2259a90a4d1ed59192f011c204f7eba755ba23a6311c52a3d
3278	44	cd78214b2a2cd77e5ed1c3104c4942fb3be964e65e6d09f2580094ad49055973
3279	43	e931a41a403499621cae3a7f72c96b246cdb68e48a804ad67589efd9380c0952
3280	36	7a57fd3622a06c03c25a34a9775b1c727f04c915f9aa3984e966f20e6ee45eb1
3281	6	4893f40e3781eb896c82d046a08067a11e35cdf2f1dfaf26fea90b8db6676413
3282	17	95173352d5c84ebfc6ca3b97f28d8754e3ae4fde72b846a97a8f3fa9bb86a4d1
3283	35	c913965c8127114c475d2291a3eaf9d9105e7922f6b21f9d8f2239cd03e84d62
3284	49	fcbdeb252f459d1bfec08318106c9a4716953103c8d53bbfcca54e32c161e95b
3285	19	b67d608d34d6be746602299e2efd788a933053acbf1681da2653fdc0a13378df
3286	5	42a2cb25a122b44221a6234ec660a7b5fb7f9bde7b3b9e2b3c559a0d96fac739
3287	1	01ba4719c80b6fe911b091a7c05124b64eeece964e09c058ef8f9805daca546b
3288	62	91c63769a3991ec9c2236f91d7fe075f17e62ebcbb9e37988a8a4a6e95a86a5b
3289	1	01ba4719c80b6fe911b091a7c05124b64eeece964e09c058ef8f9805daca546b
3290	37	febc7dc4c09884d523429e60062420f2486639e25c65a5ca06f8fc386ffaffb9
3291	37	ce841ba5d05a35a818f1e59ffeb2d6ec6863753b14756a70064e17f7a22eb4bf
3292	24	72db17ff6b86ebc13cf8481075d5b3d981d82ff365df770bc587f12ae43066df
3293	23	318943326fc29e5360c8050fa764501cb87cf09e1a01aa333fe783e885c75f14
3294	55	a463035705833374e7db82efd7c6b90dd513b4c39746d071a560fad08cebfac0
3295	5	42a2cb25a122b44221a6234ec660a7b5fb7f9bde7b3b9e2b3c559a0d96fac739
3296	1	01ba4719c80b6fe911b091a7c05124b64eeece964e09c058ef8f9805daca546b
3297	40	01be93957f88241c37ee82f46d926b4077faf250429a738ee36625c8853a0f16
3298	37	ce841ba5d05a35a818f1e59ffeb2d6ec6863753b14756a70064e17f7a22eb4bf
3299	66	e66328872cde79e9e248d8d551c1c9ff5030c9dd1dc9f007d5cc1a50a20e0de6
3300	66	290d1867d30077e2259a90a4d1ed59192f011c204f7eba755ba23a6311c52a3d
3301	39	3177e2b4c79277da253278e4f169eef5eb485eb859534b8bd3863d0b9e024daa
3302	32	396b50beef4040a0a31863ae1e93eb2d1edd56538d4d28e31e87377999eb9355
3303	25	f480649a95ad9381c6b6ff295071bcf358060de7086720ba2d8a11896719c387
3304	52	1813efa339b446f808047a4c1656e0c46ef8afc964056e544e6fc6ed9bdee892
3305	5	42a2cb25a122b44221a6234ec660a7b5fb7f9bde7b3b9e2b3c559a0d96fac739
3306	1	01ba4719c80b6fe911b091a7c05124b64eeece964e09c058ef8f9805daca546b
3307	43	c308eaa045a65e4f5c702c0f9dbd9b6b8408a1ffa121ef081eab8d714fbe4e6e
3308	37	ce841ba5d05a35a818f1e59ffeb2d6ec6863753b14756a70064e17f7a22eb4bf
3309	23	bfb6a8e3779912b1854e884e048a86ce56701e125db7b97b880e9b99ad5cec44
3310	27	5aed9df406abbde2c81b8270d16c3de6c00938ecb4b82c8cfffd2a4e74529fe2
3311	25	f480649a95ad9381c6b6ff295071bcf358060de7086720ba2d8a11896719c387
3312	55	209a6105a173bef173bf910bc19f61a4aea5aed5fc562127fb699df094b28f32
3313	5	42a2cb25a122b44221a6234ec660a7b5fb7f9bde7b3b9e2b3c559a0d96fac739
3314	1	01ba4719c80b6fe911b091a7c05124b64eeece964e09c058ef8f9805daca546b
3315	44	c099d33125ba02f001ca4913925cd43dcd07415550e4a151e762d1269a4a20ae
3316	37	ce841ba5d05a35a818f1e59ffeb2d6ec6863753b14756a70064e17f7a22eb4bf
3317	22	736517f500ab21b363caff7fc3cfd2eb5ce8b339349f53b1c7308bfd4d3e0423
3318	55	50749089178c9825abd73e38cb4f55ce6ef8f59ca16d42b808f2768fa60c0947
3319	83	0440194baa1c69a27ff53000f214ef5252676bcda5dbb7e2bbd220245d29f5c5
3320	67	e1f46dc603bea57fa71f6887bc7f2de5304997059437a5cdcd7a4fa5f2a16b33
3321	73	b4c4608e502b94ac5321a0c2fc726ea0384987eaddebc1d7b33f6e4cffb32bf3
3322	7	ad9e12546425576d3deae8c9b9dbf128d5d6ddaf5d7fe857934927deffa3b9dd
3323	44	1a6b1400bfc6fdedb876bf48b530af60b1cef1eb90ea27f8eeedbe2166e41e4d
3324	23	bfb6a8e3779912b1854e884e048a86ce56701e125db7b97b880e9b99ad5cec44
3325	36	ec0bc80d84230ebd1d6574b55d689a90a19ddfcd4a56e0e73fc09f06e0d05dde
3326	45	0d2f6c0adcdd89e7652831dee4c057154dd07cf072949eb32f46d3844e59a77d
3327	5	42a2cb25a122b44221a6234ec660a7b5fb7f9bde7b3b9e2b3c559a0d96fac739
3328	1	01ba4719c80b6fe911b091a7c05124b64eeece964e09c058ef8f9805daca546b
3329	51	5fadf914da2c52b3697b21f6d4a9617abb3d3164b664289d35f6b11a0f720eab
3330	37	ce841ba5d05a35a818f1e59ffeb2d6ec6863753b14756a70064e17f7a22eb4bf
3331	22	01cc11f1c95551b80e80f35a8dbe3f250e50dddb2fd39d593600e70c8f8bd3e1
3332	31	13fc40f796803ccc90f23b9a0252bd43fccf4c90adc4eee82e71d070cb7b56c9
3333	88	f3de39e6dfb3b7c660fdb53ceb3bf50d665a7b9cb7d11b239a5b715e7b1f2c55
3334	25	b165575c81c404fc803eb26b481ddfb0648838e9afe2503c582d8449c5e8ccba
3335	39	16f4ee85b1c22ffe4264c717f4e8fb3e2333409ebe7d6ab47173da18694b1ffb
3336	20	262063e5b532a8df5e5d8ffb6b06470a66872db768e7e9fb98e96656f6dd1406
3337	33	bfe573bbdf933f74b17c83fda7c0f07418f19ce4719d4071932ca183e9405b7a
3338	35	fabe73367fe2523314fbb1c5b5c746a089ffc0b9b597dd98a3c01873e574fe80
3339	18	2568faf20d29ffa302ebb1f70d431bf9ace8f802fa347d3271a027fe60acd824
3340	25	0e740db50ab735859aab90510602f4ba5e35e9ae048fa35a49df1d2eac3fb160
3341	46	2b4efce3ea2ea892cce0599d75fe62baad27fef60eee230f042c378f96b0a865
3342	20	744524541b4a9fa3e8fa70de0cd9e6335c31043605252cd9b6f39dd7eee568ea
3343	19	86319b75076e65440cd5eff4dbcc3214e28932380a8dce488c2deffbc4f98717
3344	17	a797e3d4b4ebc9d02c25191eec20342b5a42cd215ca0e67ff2db12069e0f2867
3345	10	717af1101c97b7c2f52540782e634cc4440f0e970341e52f9752311d78b7d7d0
3346	6	4893f40e3781eb896c82d046a08067a11e35cdf2f1dfaf26fea90b8db6676413
3347	25	f480649a95ad9381c6b6ff295071bcf358060de7086720ba2d8a11896719c387
3348	198	ed71b8188060607f09f2b96ca89f9200ace4cbc23cafee28400fdb4f8de811d3
3349	19	b67d608d34d6be746602299e2efd788a933053acbf1681da2653fdc0a13378df
3350	5	42a2cb25a122b44221a6234ec660a7b5fb7f9bde7b3b9e2b3c559a0d96fac739
3351	1	01ba4719c80b6fe911b091a7c05124b64eeece964e09c058ef8f9805daca546b
3352	43	3517de2f493051d0147c7d4b81898b36e442e3d4bd0d8431e17f2d761b2a41ff
3353	37	ce841ba5d05a35a818f1e59ffeb2d6ec6863753b14756a70064e17f7a22eb4bf
3354	43	54625d0ba993de14e5128d64722dd2219df73e09c6a0fcd337d6b48bad469bd8
3355	129	182ee78af156957f214b97c2bbef7bda0fe3ca680e959b467b15d98109d0dbe6
3356	23	bfb6a8e3779912b1854e884e048a86ce56701e125db7b97b880e9b99ad5cec44
3357	25	387a988bc3185fc2a8f02d199d696fa69248ff02b54ff7c85332794138855006
3358	31	604c3537ff01bdd5d05829ffa61b8847f6677395bf8819053468fdef9a2b6099
3359	33	46548d6650919fee5a15228d028b851287b3a9900aa94b2c1f66e48521764c0f
3360	14	fd8401fecd1ef20102afddbcae780e3a5438f97080aa1703ebe18e8136fdf45a
3361	27	22725a9b2ce06e5a9d745608d31cb2eca8ae09bdb322a4074f58535dacc4bfda
3362	45	337394bd5182c165e889301dad8a5b56e32968a4bff93d456e0604ba59890e49
3363	19	be3a2d58549b8b7013eced357ce7be99f5c6bc80b08d6453d470a67606953865
3364	17	1cbaf302396473437a63c26c9ac048d9767f7880da2c3faa4ee22610feba2abb
3365	10	cc56080a0fc49ed43eec7db8a21e71d5f8392eb45b8d3b65aea79e774311b4aa
3366	22	133b3ce54862cea570d2d1170f8f3c01b217a4ad40c086aa03558d165ffbddc4
3367	35	59d5f8fc65b181e5d492db3b8a819175b2d20871c2de4a557bd2758d232dc05b
3368	35	6c38dc3253c8f42359d3c58c5bb892bed7b89a2c23e361adba47e6c5988d9911
3369	53	29020d14633c1e395bb973feb470013e226c5a2f0e2932c5a33ffc8bd5d91576
3370	9	b978e2503b8cf37a06f7d6f0a3a6b6fe35691fbcab50b8775cab6fabc71c592b
3371	66	75c643902dd3a2bea3498696bde8f49e6cbcd421a1830418554a6aa54f080e5e
3372	8	22d11caf43e97ef369e6beed1a268bd05838f29b9dd254bf69ba64884147234a
3373	5	42a2cb25a122b44221a6234ec660a7b5fb7f9bde7b3b9e2b3c559a0d96fac739
3374	1	01ba4719c80b6fe911b091a7c05124b64eeece964e09c058ef8f9805daca546b
3375	109	15949c33a484ec1c9723218ecb562394536d5be6dbd1e266efabb01eb3830ccd
3376	1	01ba4719c80b6fe911b091a7c05124b64eeece964e09c058ef8f9805daca546b
3377	47	9be3b4e19d864d38ad97c2a8784f21e64cd1ff9fb1aae2623f9caca4006b6b9c
3378	90	30fb07c5b6ab7d97289222721456b91af194a963beb015153d4f20834dbdc702
3379	62	ae9fbafc231651efec91a39586a27bdb7e73e5f6385a06d9aa604c7b816c85c2
3380	43	f2884c95464b56588c0ceac3af0c45b7a04f6c9e19979e44b5b638d5dfd484c4
3381	26	a4f58e250cef6e603af20143c32042b75a3d11e10ac48a52cb602eb339878222
3382	23	bfb6a8e3779912b1854e884e048a86ce56701e125db7b97b880e9b99ad5cec44
3383	65	81f6c34e93d6437b369fd375c32ed4ac0b56e23501a836cd4b3fa0a382c92ca3
3384	26	682d23a93f228aa73ab0c275d6c62de827d3515579614fa5d9ddf8c671eea223
3385	84	a3ec40e5419932dc50d86d23a1c67d271732fb06305966bcd23f7d532c3df8f8
3386	17	dfac4e43630abf68c3a4a7573fd4c43008ba798dd76c3759eeef53e6cff8d2e5
3387	5	42a2cb25a122b44221a6234ec660a7b5fb7f9bde7b3b9e2b3c559a0d96fac739
3388	1	01ba4719c80b6fe911b091a7c05124b64eeece964e09c058ef8f9805daca546b
3389	47	87b35d8fe132b4096c8dc4f9ccfb6a62088226610c92b55a1816f8893b87cd4a
3390	43	f2884c95464b56588c0ceac3af0c45b7a04f6c9e19979e44b5b638d5dfd484c4
3391	66	e66328872cde79e9e248d8d551c1c9ff5030c9dd1dc9f007d5cc1a50a20e0de6
3392	66	290d1867d30077e2259a90a4d1ed59192f011c204f7eba755ba23a6311c52a3d
3393	37	ced8e937fcb7d32defebc9d6835902485cfb4f002b0f1b34d4e8e9f74ce8d44f
3394	25	f480649a95ad9381c6b6ff295071bcf358060de7086720ba2d8a11896719c387
3395	74	578a408718ef7d5cfd4a6c7d941edf6090c2e9392dee69b3adf4cb92b934ba1b
3396	17	dfac4e43630abf68c3a4a7573fd4c43008ba798dd76c3759eeef53e6cff8d2e5
3397	5	42a2cb25a122b44221a6234ec660a7b5fb7f9bde7b3b9e2b3c559a0d96fac739
3398	1	01ba4719c80b6fe911b091a7c05124b64eeece964e09c058ef8f9805daca546b
3399	75	0f2018997665070204b757f437e9d345774b96c964c92226114cb2dd850cae22
3400	77	1f1942303879f75c35e0ab2ad9d9ec6c9425f623f7023200d4d7d3ab4539cc9e
3401	42	c5c998c15393f149181b0aec96e6a8c6b1aff570625e19bb8d74044ee7a11d16
3402	37	ce841ba5d05a35a818f1e59ffeb2d6ec6863753b14756a70064e17f7a22eb4bf
3403	84	824ba35d303430149e63a9bd90252d3a5a8c5d080828225579f5452669041f65
3404	67	620a1809740a8504762fbcffe7bb9e324020ada9a5977d289876b2b6f6d4d2b6
3405	5	42a2cb25a122b44221a6234ec660a7b5fb7f9bde7b3b9e2b3c559a0d96fac739
3406	1	01ba4719c80b6fe911b091a7c05124b64eeece964e09c058ef8f9805daca546b
3407	1	01ba4719c80b6fe911b091a7c05124b64eeece964e09c058ef8f9805daca546b
3408	27	3e5caaacc4e3fdc04ceee57b11100283f16100755498ad36c7c520db31c7da6e
3409	35	f1722069bedd5c0f7c000edd1682328335d29e72757608f776198ed9f489f57b
3410	34	94b3f94fdeba2ea43a593e3e2c9314afed314703154c2d5afedd188fd5a86780
3411	85	d900362dacb61de1af22b12a26a6bb20e7c067bfabd4362313b6e128053d979b
3412	21	fa89984605bb37e1ba261af00738924221ff6546d88e9bdceb3822068bc72cc0
3413	39	d0be002d2e6d5bce21fb6720e955162030f597d0295c5fb97f7835e6ce240e42
3414	72	4f084a20ac7a68d3429c12d81a80d3e0affdf76b6d0de0d3c602d6389ea5600f
3415	23	0765c252e3a130841bb9d103eb7846f1f013ee707d5cab7be36ff0f1523521b2
3416	20	34bb4ee200b44db57002c45547d4599fb556066863b6b858d50cf1223116f5cd
3417	8	9b62f60d8590a579cf46f8d67378c4c572b962ceccdb90c7a5f7b42b960782a4
3418	7	ad9e12546425576d3deae8c9b9dbf128d5d6ddaf5d7fe857934927deffa3b9dd
3419	4	27e5788d5d9d73d24a81dbc0a5a74bfa82c9c3b3af99e52af796e90b468a8a3d
3420	1	01ba4719c80b6fe911b091a7c05124b64eeece964e09c058ef8f9805daca546b
3421	39	e6c3c516759c2df9ef0ba9ca27299f40c36ed51e293c8eb93ce007da7d1c89c6
3422	36	43050be514d9aa082770fbc87585bae95b4d9e2d1e6fc84bbe107bd69bf66e2b
3423	49	61f5431dd533f467759c2215c1d0773162acc0a474d3b4ed3503cbcd0cca4f33
3424	26	537fb0737ab1def8477be1792f31d81f8cb3094e9954bd64d5ef93a3624ae8de
3425	45	712d26ec06a91e1699ba1445c4bbb55f620c0cbafb83042de8fdf374569fd137
3426	7	ad9e12546425576d3deae8c9b9dbf128d5d6ddaf5d7fe857934927deffa3b9dd
3427	4	27e5788d5d9d73d24a81dbc0a5a74bfa82c9c3b3af99e52af796e90b468a8a3d
3428	1	01ba4719c80b6fe911b091a7c05124b64eeece964e09c058ef8f9805daca546b
3429	53	49124ec201c48371d5257302e7472baa314df3a5b7262245092986dacba32256
3430	21	6334ff0376e06c2a0b3f54ab8f6865246cc42686468eb5b177e282fee748dc8b
3431	74	46ce7b9be3911bc85d6cff2ef7fd2629412f95274490cb392945ce71626d9925
3432	69	f50ca1b7d59c0dee46fa588fe308a21878f1be7b81b7a667426ae305b5d28052
3433	6	3a3e46f94276b6f6f4ed1f02af78bef6a2ee1c439dd5584b973948313214d2b7
3434	1	01ba4719c80b6fe911b091a7c05124b64eeece964e09c058ef8f9805daca546b
3435	41	e7c3829bcbe426c781b5c9d9bb52f729482ff9557b269df347795fc08d598b47
3436	45	cd42e0c3923b1a7c6405756259e2fe7dbb394f941da17ead3b443bfaded2c48b
3437	89	b2ed507bd0dd67e44dad166c0169677add6775298c227a01417267d6b78e5c4a
3438	6	3a3e46f94276b6f6f4ed1f02af78bef6a2ee1c439dd5584b973948313214d2b7
3439	1	01ba4719c80b6fe911b091a7c05124b64eeece964e09c058ef8f9805daca546b
3440	51	7bed597af9e2aa4b87c9b79a38563065b05f6e8c4d9df4f4ffc6ae2adc9f85d4
3441	46	9ae4e1ae5792f0bdf13d5eb95bd1852aae924da21f31a3e8d739074ca470b270
3442	78	40f1a03032eb3fdd0b5a0496ed0ec9d115e3036272484409796af8d84d33697e
3443	19	b67d608d34d6be746602299e2efd788a933053acbf1681da2653fdc0a13378df
3444	6	3a3e46f94276b6f6f4ed1f02af78bef6a2ee1c439dd5584b973948313214d2b7
3445	6	49fac5a3039bbad287ac815d533cf3abd4b4217920cbe2c93bb34a6e30003142
3446	10	2f358f0371a6e732c4340332235199dcd91ebc46239a5ddcfe6f9a63e6ebecfe
3447	52	24f42c0e8c8b079a74f1e089aca503cc01fe9e9cad2a3dd0e387fb5080779a99
3448	13	ac9daf2767693c3d2748dab96d89501cb65d667d71688bc3ef207991d1bd3d10
3449	47	1b97b792e621c1f6ede47d22079aa1d9bf1341d6fa1627cdc1a4c2ce2b11f5c9
3450	43	55cf967c73479635922886011f1b0c100fdc07cc1cb60a95a10b321d06debb14
3451	115	51272a829542a3cf4353957cbee1b40daea2953e83f2569c693a765395aada7d
3452	121	a1bd1bf8d6c887a861febd72934130f105879859c3fdcfd957d6c2e6773cde6f
3453	1	01ba4719c80b6fe911b091a7c05124b64eeece964e09c058ef8f9805daca546b
3454	23	981a0ddd7e3391b35dd65741a246b0d7f06e9f957b66709580de1853b1a11e8a
3455	55	15d0285405f578022a0593d64e420ff79483b268a6777e0ea36b9fe9c4574160
3456	50	432fbafa048cfa06edc187fe80756c9825b00a2c556239615f023dab1df297fc
3457	111	ac395e24232025eb90735af8cbbe6274e2c7432213585bd2117ca4f6be4ea73e
3458	48	1e7e3bbde7041cf5601fa6022026d89e5cf72ae8941ead9c164fcd156b9089ed
3459	69	dc450fecba8e91ea2aa6eb1b93a12f1fc3d133a4f128d214ea4236a7586a82eb
3460	27	c3dc87a5915f0921b7b6307bbcfb4ebba89530689bb4ea18f369b62817db7d40
3461	8	22d11caf43e97ef369e6beed1a268bd05838f29b9dd254bf69ba64884147234a
3462	30	fe6277b192b460c564d176ccecc5bdedeb5550c3fbe13488ca11d4269f12daab
3463	4	27e5788d5d9d73d24a81dbc0a5a74bfa82c9c3b3af99e52af796e90b468a8a3d
3464	1	01ba4719c80b6fe911b091a7c05124b64eeece964e09c058ef8f9805daca546b
3465	27	7bda96bb8595e53f5d7a5a3056cd7d7f37497a5ea2b805526eb6ed6587a22206
3466	58	da098941d5e4d6b4237108370bb322a35c3479508579436f5a5f8021df334e53
3467	51	0eb438bae92f783a1897f71badd652ff139cca60685788a97536c8bef444072f
3468	114	0e80ffadab852644432d149f221549a12a8eecb401d89201d4c60dd244ec9e30
3469	39	3702bca3a15eae1115cc851643f9cace20c15455b11337402850eb1c79366610
3470	24	049e6b79344b55b22f93e3273e25c1eca0ab04a08d2873f356e30f3cab3da9a6
3471	95	b062e8714842e66e896733ccbae92fd0d04d55f5f565bfd88bc35230877ebf47
3472	118	7cc6937cf4ebc6b1792a9e52c8663f49c09ca6c88cb22eddae170d91dc464111
3473	4	27e5788d5d9d73d24a81dbc0a5a74bfa82c9c3b3af99e52af796e90b468a8a3d
3474	1	01ba4719c80b6fe911b091a7c05124b64eeece964e09c058ef8f9805daca546b
3475	45	9e22e1fad70ce749a72636dfb87bfac18c1823c47351b846edcfe581d1a9ce59
3476	78	cdb459f5c47940ef8a47e92d4f6ffae5127a37d2b5ed3dbf9e952aa6fa9885e3
3477	135	29fd52d121dcde182a5727f410680fa63a3d34507f99790733ec1a9b564bbb67
3478	81	50f10f44ebf3dff13ddf78ecfa6fb23497900434a35957479270006591da3686
3479	92	da0ac7e1bf964c53805c1b9a6ad80201409e8baceb035715ebfa503e2af66f16
3480	121	d6b6425f9c3e95a61d4779c49b55f2c2f500d4e9705e89829a8921bdd1ec79f4
3481	12	5ae6a0e959a1384c0b1b5b429c921427fc5f12f892afe8d4b58def2bfa003127
3482	5	42a2cb25a122b44221a6234ec660a7b5fb7f9bde7b3b9e2b3c559a0d96fac739
3483	1	01ba4719c80b6fe911b091a7c05124b64eeece964e09c058ef8f9805daca546b
3484	53	55966f417e93900b86b582301b22c298442a268402d1d78967aa1349a93c23e3
3485	78	62ed87d2189df9985888e756e0d2ea1797321492af6dfc9ade54a5cb6ddffc55
3486	114	014c7fb355106d8518f2f2ddd38b5169225ce63bc34cac1489ef02b02e9cf4ef
3487	94	f0ec902b9a126475bd31d91f4d086a3aa3b4d7ec71c2f45d3f84ec0166a8db31
3488	5	42a2cb25a122b44221a6234ec660a7b5fb7f9bde7b3b9e2b3c559a0d96fac739
3489	1	01ba4719c80b6fe911b091a7c05124b64eeece964e09c058ef8f9805daca546b
3490	40	a84c35b64c93d37691678b63bd9a15cabdb4bc696d694a1cd6eb4c70665f052f
3491	51	1e25a9489c8a5783879ecb2846377665681a6e4bc72d6f0685a3e6238fa48b8b
3492	9	0ed70545cdb9032b5b24359a1555d108242e3a41aa4190be0a6e77137cc8335b
3493	143	23ae48fe842b7e3696b8b1cc4c919006de6e6f9581fdcd61c58fdcf50bc01c87
3494	99	9a3bc8e2206ede818649f11b060ad675370b31f8d9e4b68693cde72283931d4d
3495	5	42a2cb25a122b44221a6234ec660a7b5fb7f9bde7b3b9e2b3c559a0d96fac739
3496	1	01ba4719c80b6fe911b091a7c05124b64eeece964e09c058ef8f9805daca546b
3497	37	cc3a5a9736dc0f001c44df8728fbf067a10bbb5ec1ee9334d276e334bfc1f93a
3498	42	d050e78cc5c31faf34c7d938ff098d445e8cea078fcec20dc8119b57795f4b6d
3499	95	aff5a6c293411b21f1dc1b174d1eafee7dfd40a4b0affaa318c1b611b425c42e
3500	93	7b1d0a402aabcd7253c85f1f731ac54ddd092494c6c9669cbd77a6d1b23aa512
3501	31	c27436fe29a70de5735415ce3ad19ef0076d1209e8d07a532d08a61cb583b0d1
3502	5	42a2cb25a122b44221a6234ec660a7b5fb7f9bde7b3b9e2b3c559a0d96fac739
3503	1	01ba4719c80b6fe911b091a7c05124b64eeece964e09c058ef8f9805daca546b
3504	40	4a4612af9a0cc2cce7343ddbfe434a1367d0e852b191260c675c87dab90119fb
3505	53	bed862ceb918a8497978552d978b37b20a2e7bd13daf49b59675638aa1beb7ec
3506	53	6cedf1198b6a0a38f5bd076bf58b54d0e19863296c4418e7b0f42f6a4abbdfbe
3507	77	181e7f315bd13d83a74d5a61af5a8be2f0d9b24de72746f7c560050b190bf658
3508	79	7d12b071515c6c801fe500be5f6cb0db7f81106be1a67527444c3241911789e7
3509	12	5ae6a0e959a1384c0b1b5b429c921427fc5f12f892afe8d4b58def2bfa003127
3510	5	42a2cb25a122b44221a6234ec660a7b5fb7f9bde7b3b9e2b3c559a0d96fac739
3511	1	01ba4719c80b6fe911b091a7c05124b64eeece964e09c058ef8f9805daca546b
3512	28	7d14bf22140193aa3e668a25b3aadb50a85a21c9be3dd49e7f78205a245645bb
3513	46	7a249ee7add812587a3366de9af5fe3165983ffb169d70142d11f0bc11f70282
3514	80	eaad1e917977e51b37c4fa4a4c58f7142bc3fc2667bc9408b3b683c44cbbc67e
3515	26	f663a11afc642c94cff321b9a2f1430aa0b297ab9aa1ce72d556388c19157e11
3516	60	288fd5f7172a391256b50bfbd2d255720fc5436061d0f0b689ae26e41de88ece
3517	102	21e2a1b5d082844a7eb350bf1453a3087e8fe150a5f380664c6d6f3e9807aa24
3518	159	5c46ef97c1510e212ed66fd873a2e37af05c5b25a3b17c70305ee34e45fa681a
3519	10	0409468b6ed6a2d6a8faafdc981363a7c8f9e6815aaf8f0a943fb293e48fb62e
3520	54	1e4c1993ea8c31fa874ced2b4dc27166295a0097a078e9b403c49c8f8e7b212f
3521	94	e96a50793cf59ddc5ac465e56d5a1c2519f7e76329c74d26a245f460a302e553
3522	6	4893f40e3781eb896c82d046a08067a11e35cdf2f1dfaf26fea90b8db6676413
3523	44	5166a1fd32b98a678b2e73cc2faf1e87d8fce22fb282a8c34a2fce1ff3230784
3524	105	280bc005d2e24fec3b0d20f14057281d8c1edc0a626cf28c5015e74792406c0b
3525	79	b42448961426e48ea8b0155cf85ac52961c15ada131f1e68d13872fa5b18ba6d
3526	36	1c3ab66af6b2a2b42839361fd41c46097390e1a177063dfb968ec6ab48cdc966
3527	4	27e5788d5d9d73d24a81dbc0a5a74bfa82c9c3b3af99e52af796e90b468a8a3d
3528	1	01ba4719c80b6fe911b091a7c05124b64eeece964e09c058ef8f9805daca546b
3529	27	95885a37908a799ac34376e6cfccd24c79f039c94318bef2237edbe6befa5d18
3530	44	05456492f52f875f7cb4dfcc06382e4fed2e2a7094f7b69d5a79ed6480cd3098
3531	105	280bc005d2e24fec3b0d20f14057281d8c1edc0a626cf28c5015e74792406c0b
3532	79	b42448961426e48ea8b0155cf85ac52961c15ada131f1e68d13872fa5b18ba6d
3533	100	08dc48aaf9f4ad2d791abd1846e3f1f246573e3215826a4c812fffe360ba1032
3534	4	27e5788d5d9d73d24a81dbc0a5a74bfa82c9c3b3af99e52af796e90b468a8a3d
3535	1	01ba4719c80b6fe911b091a7c05124b64eeece964e09c058ef8f9805daca546b
3536	30	55b083ae8edf17a990023664cde08448e4b21525306b005f5ee709f8ce83278f
3537	85	04f0a0a4d49b7b6e9ff8242197f4208c4d7a5731f8b76498b42d1466254371d4
3538	61	3b8b48c465551481788a94c20b96660c642bd7094a9257c03ba45b6cae0cf67b
3539	74	b434ec42c32b75f122f472902311938bfc172f034bb6faee89c8fa6c34d2c540
3540	80	5223adc43bdba82fc116a53e588b56d4b1244b34030442c1b6cfb9b46e66ea5c
3541	67	b0aad5523490aabff541a4b3746ee7462bc870784efb8a8707a33c2e244c8833
3542	52	0edf742c3ccbf6cd485ed4faf18caf323c3671bf7f3db7133e974d18a75b76f2
3543	121	216685263aa4a350cbd8098e66a242715fbcbaa56aa258abe1435d023e566ba4
3544	79	b42448961426e48ea8b0155cf85ac52961c15ada131f1e68d13872fa5b18ba6d
3545	101	413054a834c51fbe841eb3a6f788d6d40765a51d324a8ac6370e4a48489dd86e
3546	4	27e5788d5d9d73d24a81dbc0a5a74bfa82c9c3b3af99e52af796e90b468a8a3d
3547	1	01ba4719c80b6fe911b091a7c05124b64eeece964e09c058ef8f9805daca546b
3548	51	119ddc0544f8ae1f1267cfdc2bc03f71652b234054e92399e2620d1e91d68805
3549	1	01ba4719c80b6fe911b091a7c05124b64eeece964e09c058ef8f9805daca546b
3550	19	cd6aa31e12703e9f9af77e9ce141bf0e75040da437c1aaf9e4e7bc64501b62f3
3551	9	0ed70545cdb9032b5b24359a1555d108242e3a41aa4190be0a6e77137cc8335b
3552	147	3fb09e82dd082455d559e1e53f2897d5608b303f48117db288e0cab876013b4d
3553	144	230fcea2154fcd071220dc541e57a352d89ea84a5384666c6e9a1ec3edab07c9
3554	16	cb12098be417cbdf83cb7f4f0c4b5484ee8cc2ee03ac602f0603e1d38f5dd22b
3555	4	27e5788d5d9d73d24a81dbc0a5a74bfa82c9c3b3af99e52af796e90b468a8a3d
3556	22	2e412403a1a49bba57fdb8b21a22267b9bf493ebf84316c44aa9dd4e5febe16b
3557	144	c093dccb9124228ff848ccbfa45c2e1748672304f277a67a7183bfc89b0540c5
3558	4	27e5788d5d9d73d24a81dbc0a5a74bfa82c9c3b3af99e52af796e90b468a8a3d
3559	1	01ba4719c80b6fe911b091a7c05124b64eeece964e09c058ef8f9805daca546b
3560	19	03b9be3160d3f8fe18f904c0285ab53f664b0ab1388ca1a9f8048001b8c77660
3561	27	ec26e9a8d7c8630d58bc67e8eeec256cfa1ba05d85084fc2b55bff691c4648f7
3562	145	e51ab258b5a2519b0464aced7df4019107ee3bd55ca87e22aaae45f7145f544a
3563	17	b04f319de2a22c33d5243961ea431819d23d4c9acc26f450b8db23486bf757d9
3564	327	80dab6b4260b2f2f25bbc74b75fddb1cad001eeb740bd700e821be934ee17807
3565	133	0a34179e93c3a96ff874a28bf22b9101afd32417b3b636e0bf7b75dbe694da5a
3566	45	66639dac7c690fdee507b1f15dbc96927441b16a9b16ca3b87e4b3b7a9605dcc
3567	68	043ac58bd21c63d32b91ec6a7d6539992beafcc3d1743b85dd574172b3a8d6a9
3568	90	3d733181f48771a3ff843694d848d53a8737a3988ecb646d74e4e101d75f28fc
3569	35	77c299da1b0c43e3542a5e3bb15e43f5a50faea6f480638c388e265fade25781
3570	53	cf189b1f53717eaffc65d0a0459f0eadf795508fe29218743a37a04190b42c2a
3571	51	4713dc6b67fc95d1d55f23a58bfa97b533d918bebb96ad9d508b780d67b753ac
3572	48	3256dafec9c26b678e3d4baae3dbe217487b32d1e513c5cab674e0823f471cbc
3573	51	6926ec35b01a34e6b1fa580e74b802b1856ed6c95a3356b0e1ed79d86259ea7b
3574	8	22d11caf43e97ef369e6beed1a268bd05838f29b9dd254bf69ba64884147234a
3575	55	4c31745f76865cddb24c23f72988a429a127bb83a853bd4aaf6624c5ebf1e17b
3576	99	4f082ba8fb42cc2711f6e4685701f974969e360740245386d7777a19ffafbd18
3577	133	9981325dfdb5cb2aebc0685135c848f6cd84fcc1bb264412187f9d2c517e2407
3578	25	c11726a76801ddd746dfc81a71b28e9e7646cc683606917430bf59edee9a4afd
3579	8	22d11caf43e97ef369e6beed1a268bd05838f29b9dd254bf69ba64884147234a
3580	50	5e74f54bbf5207cc956759634512f715b627c5a3714e6b5aad0fd2874fe9906a
3581	39	ee8d7c309fb8db0e4de72807e0580d5fd1a43e55d50987cc5f0cfa5b270210a0
3582	23	48196048a48e63021fb72eeed5d3748ea944404bb45a4b1b049b5768a881c428
3583	4	27e5788d5d9d73d24a81dbc0a5a74bfa82c9c3b3af99e52af796e90b468a8a3d
3584	113	11bd7c6be419a51c47498631dd373438e3f2eb69483b00ed3d85f678b20bc7ef
3585	6	49fac5a3039bbad287ac815d533cf3abd4b4217920cbe2c93bb34a6e30003142
3586	10	2f358f0371a6e732c4340332235199dcd91ebc46239a5ddcfe6f9a63e6ebecfe
3587	42	72dbde753d053fb2f5b753fda7d88022ac6ab9da603b2f184a6d2e0528ef424f
3588	13	ac9daf2767693c3d2748dab96d89501cb65d667d71688bc3ef207991d1bd3d10
3589	42	dde0e3cc2225e75c8fb977a0601d6f188e746f65253c5d5e916d83433bd3fb89
3590	54	1b4dd291edda9ae755ce9386badb640089c1ac02c50e15bbca2dcc947d6aa413
3591	63	a93dfbd592a7fe263024521b0a915f85c8535383ab7c28d684f3421ac666b9d2
3592	63	104423782f4782972756ab850586136e3fba5b27f578aa6afcff03f4032bc211
3593	56	995fefa3ca6a536c2278af9cb2aeeaca8765f75b2f11c9c5740768da12c8ed17
3594	6	3a3e46f94276b6f6f4ed1f02af78bef6a2ee1c439dd5584b973948313214d2b7
3595	1	01ba4719c80b6fe911b091a7c05124b64eeece964e09c058ef8f9805daca546b
3596	29	9abc0d36453f3229d2cf81b8f2edabbd1b914d7aa724d795f23a755ee333b950
3597	32	12ec0a7d39b40ba6fbbe197cf2c76f274dc5051c5735603e2361094fc23694ad
3598	37	30fe53a22fb69db7b699c8cc2938932ec41e81300823c882296a849c1256b165
3599	32	296fc6c39c969b7ada357fda9de85f05704c84017288de00bd7032884290fdea
3600	1	01ba4719c80b6fe911b091a7c05124b64eeece964e09c058ef8f9805daca546b
3601	48	09afabb7aaacf387c678dbb6ca30aa9faf4cb5c75f60378c1bd26d5a856147dc
3602	72	5d3a0818d713dc194394a78f0e0963e93a1b8d1a2cbe62f2a6ca59ce3bdef178
3603	63	8fb3e7ced7496a8964b289b99ffacddf5885d05f9f51123c07f5afe0e86ef14b
3604	11	366d793ff01bd8fa0202c1632c80c9cbef4b2881585a2d7c96eafd25606c1c2e
3605	1	01ba4719c80b6fe911b091a7c05124b64eeece964e09c058ef8f9805daca546b
3606	22	cd5772c7810e970936a4a109cab0a1f3da9fd4b0b1e0c45e65a326f129a16fff
3607	75	21c98bb4fca1cc5ea59b96b28f2da79587fe3f5c408e5b2589d4904dbe43cd2b
3608	4	27e5788d5d9d73d24a81dbc0a5a74bfa82c9c3b3af99e52af796e90b468a8a3d
3609	1	01ba4719c80b6fe911b091a7c05124b64eeece964e09c058ef8f9805daca546b
3610	28	dccfbc20e1f0de8560add90a45b74515438db051665fca2f20f473e72213b912
3611	69	c2591133688103bffe5f96c42b068ce4ea06a3da04d6b42388c98b5bb7eb1b4d
3612	81	13613f608bf765131a45358104d630c190c5e2583170b77731a260cd896be9cf
3613	4	27e5788d5d9d73d24a81dbc0a5a74bfa82c9c3b3af99e52af796e90b468a8a3d
3614	1	01ba4719c80b6fe911b091a7c05124b64eeece964e09c058ef8f9805daca546b
3615	29	3bf6d7e9f62431a77d0ead15ad5176a4efa3bfcfe3143097276c21789ffea2c9
3616	52	fb975ad467b82897444d91c39f4e9782ee56381c15f3bdd85916a50d3a66627b
3617	30	e68df5662d5c1d6652a04071add5d4851e3d3641e47cd9f2e446eeb1b4a9b2d0
3618	33	df4065658ee5b4352153c69c0b67e464d26aa07b613d211e1dc6b9b223f68b96
3619	27	21adcf184445169d4ecc72530e6ef76a4acba1ebfab6cae0b2f850ad873eb17e
3620	28	5cb377ff8bfbe7dc73d0dbcd6e6ff8d504e1a838e9494418edc0a9a88a70f41d
3621	4	27e5788d5d9d73d24a81dbc0a5a74bfa82c9c3b3af99e52af796e90b468a8a3d
3622	1	01ba4719c80b6fe911b091a7c05124b64eeece964e09c058ef8f9805daca546b
3623	30	6dcc6aceea83a69bd690b55f0e4e55cd02f5d06de609540c24c3bf33bf583007
3624	44	8d2fd3e72040d7bb716c4f32ceaf1600c664d9f9e237e00b88dedde163f96efe
3625	26	3024d9fb8cef657790c75b573092d3382a35c91c24a8e1ded7531e32474432f2
3626	57	a59c39603a331bc9d2faaec0011a4954477cc8804b89ce646bd5dd8680c9fc3c
3627	18	a55be233a238111cfa63150a00798b9aab6e8abaeb1ce08e3cc684e66bad4964
3628	39	3d24c0dbe9826d8eae2b60377c584d07062fdfe2dcda57885ee27d440b07e43f
3629	62	e85d42f9935f14b00f5481d4eb08ea8b5383f94b564d55aae10a0045375d59d5
3630	26	e068938c06bb609e752ca3479a793e2261d5442306682a0becd97464ede60e32
3631	6	4893f40e3781eb896c82d046a08067a11e35cdf2f1dfaf26fea90b8db6676413
3632	52	62407f32525aa5fcc77aa162f8b814d26b868076181d4809305b129f9b5c35ac
3633	31	e5f27f26ed40b67b71f6338ce0d6b8a81fcdba06fb78f1494c048e945d2c55f4
3634	46	ceb87ef7183a6af5dd2cfbbc0af8ba7df2efa81defc26bd32584402a01b142ea
3635	43	7393fc08ea1b2fb01fa4450ef1362316f8a7969314e9e368c5c4e88590f88511
3636	43	7d19d5685c3bee7972fd5339d85589b376fa0cf3609207fff9b4d5cb21ec420b
3637	29	2bd7440a04b3741455eea724434968b60f24f44a4bbe47ebc1b097f0b2c5044c
3638	52	a106dba86e59fe5edb4ecb27c240d512eeadccbb458d7ff827b924cb74e73efd
3639	49	2e75143a79cf39106ccb975548f33ae5ccbd6c8115c8cae09da97eb041693e12
3640	49	f628f6ca45956ccc5175ab18d9d4f2651d745303f30c3800aa71e4f471d9aa2f
3641	7	84e4208cd6ffb8c4a3547b2f54ada19978c3f365e78f9502ef5145cdd2aa8543
3642	4	27e5788d5d9d73d24a81dbc0a5a74bfa82c9c3b3af99e52af796e90b468a8a3d
3643	1	01ba4719c80b6fe911b091a7c05124b64eeece964e09c058ef8f9805daca546b
3644	37	cca1ec40a535241bf3bf9e8070915e301887a53a6279487a188f4808eb11620b
3645	41	efe1dd723d9fed062ae6fe9295de60887f21a625c410a858de9d2bfb7a868b44
3646	66	165af8ca9f5e803650ec6a04e158130a3676d8163d611612a20bcf1fa868c73b
3647	25	63dbe668dab7f22000be234c9064ee88fff9c94d9d090684c18a236587469204
3648	80	24462bdb2e6a8c72ec47ea5ce63f4f2f3608f6a220c928ad35f2589f09025a4d
3649	84	1de7dab89041198c0512fbf55c4514f0e118a5df2ffdd8755f76e6192fb6f807
3650	65	f73ccb8229081f1a9d9833d43ddf0c8d2a39629d7c734b4534d502cb8d83d60f
3651	96	2ddc912e057b4a3d65e89af9938fe6c8cd2a3c8bd035ae2e24f1cf6453fd01ef
3652	4	27e5788d5d9d73d24a81dbc0a5a74bfa82c9c3b3af99e52af796e90b468a8a3d
3653	1	01ba4719c80b6fe911b091a7c05124b64eeece964e09c058ef8f9805daca546b
3654	36	731e818707c15dbdaef1da363aac80f0194a28f031a72c22a69a8f2daa4316ff
3655	41	efe1dd723d9fed062ae6fe9295de60887f21a625c410a858de9d2bfb7a868b44
3656	74	d4380a61535e119674466eef40f3f55dfcd53842e150449c801277c8e23df357
3657	67	38161cac7f89ad4649aef79a5ff14b26dc01ccc1241564b596f65686135b1501
3658	57	71e9cf17da7e5d08a5d6c8bdcd2a459c04dd39e8c6731fd59e13c31c4c9dec07
3659	27	913035531d21b5649ec6d7148091d39efe858c1b0400a4969af1bdab8f0af4ce
3660	81	5d23818f22e9d1e62e23c8d8ff0822625db9a353bc82ecab8082a66f935a94df
3661	80	4d38b1816bdd99ee2ad33bf47a3a88caf57a40a953b0c7795feac669628e9613
3662	30	ca4186f9c54bcb154a1646cbc030f0fe01d1cbdfd5b157515c899e37c50880c0
3663	58	04f23ac98eb642157f67d66265f5fd671d121829f153ef5a38da798d05ef8f35
3664	43	9b8769d23a51edf4f54a6dd06e72b154309bd0d1925c785272c507b7aefd1525
3665	16	589aac46606fd3c9547d5ff1ad9b3f150ff3ccc6709faf61cb6d87112919c02c
3666	20	8ea156542807cdd84329b4b2a8b5397c3ca0c46f7c7d4699c3435ce132b7c2d4
3667	31	cfa9ce458b11e2aafa358c8080a71458cbef315990865a2388566afe8d980a94
3668	10	717af1101c97b7c2f52540782e634cc4440f0e970341e52f9752311d78b7d7d0
3669	63	3f22bd4bfdc341c7946484674a35c2ce01bef0bf6c19cda89110981b22a71201
3670	6	4893f40e3781eb896c82d046a08067a11e35cdf2f1dfaf26fea90b8db6676413
3671	27	9bf984c824b9c12a1bd4c29d7dab39cfe19551c040588e8536ae9b76d3a26f02
3672	106	32ad440db58df56e733e92f7fc697aaed130b74f33a5ebadcf276cd918b20190
3673	6	4893f40e3781eb896c82d046a08067a11e35cdf2f1dfaf26fea90b8db6676413
3674	27	9f94ee4fd371676668cd7e35e50fa025084109468d7de73c218f6623930ec6f8
3675	99	1e48ed9014152999d2a2e58ce7e8710f43a671b18540b8c758e344339b73acc9
3676	6	4893f40e3781eb896c82d046a08067a11e35cdf2f1dfaf26fea90b8db6676413
3677	15	c8f754ae7a7adefd7a8ebcb0afddc15c83a30e7d401a7aced15d5064511129e7
3678	4	27e5788d5d9d73d24a81dbc0a5a74bfa82c9c3b3af99e52af796e90b468a8a3d
3679	1	01ba4719c80b6fe911b091a7c05124b64eeece964e09c058ef8f9805daca546b
3680	25	b277c9680a66f5380b57ad193ecf8c1fc6b3eb8be3b8c0589dad4da4fa70bffa
3681	99	576d538b3aacb8570e1e880bdefed3a8008b1f8fd3b177489ab09648ac89013f
3682	79	0523f67420fa84853518afd2d5d567a112a176455b27a70acd4da786527051e4
3683	44	4fbfc8c89c53bd009c183d241a95b9ff53ee99f8ee0d917496d07a8882ca5a8b
3684	19	4b086766ac63a10464a010ae8cbdc677ba25bc2e203089d31f0c2e92692bfb64
3685	26	c2962c328a08c3e357477f76c61f1f0c317aee609689819d83b699a28fc137a4
3686	36	d99f4b840cd29eb9ed14bc0cac76d108f96b55e57371812d1fc2209fecbe5db8
3687	31	367b964d8ca89a943f44677dd67e0dc770bc86269538d7c1fdb87d6fbe3857cb
3688	37	706e03adf9659d2d18c947726d7fae168134adb87af5cb78d03da76d10876ffc
3689	18	fff90a46076459d8089ab8dbdf254a8f4f3cd28426018075fd6e4d90555a17f7
3690	19	4b542184435e3ed101e06377b3a83066bf3718119c58a4dcad750a9a56a8767e
3691	17	dfac4e43630abf68c3a4a7573fd4c43008ba798dd76c3759eeef53e6cff8d2e5
3692	4	27e5788d5d9d73d24a81dbc0a5a74bfa82c9c3b3af99e52af796e90b468a8a3d
3693	1	01ba4719c80b6fe911b091a7c05124b64eeece964e09c058ef8f9805daca546b
3694	44	ce7f5bb63e813a58138f2aac1bb7d4a34a4ca0e86e3691e775b34b861537c804
3695	19	031b80e81d7732df5bcd80c4aa9f05b1dd57522f39f5ee644a06911ec7b487e1
3696	60	56f7ae3435a308f995c658d9a89a15bde3fc0f3e33ff28d6a0625292a35b6fe1
3697	128	03e70aeb7ebe70266ff4fd7ba27ec0d5f46a10f3f7f6dbbcdbdacc9f12572df4
3698	77	d45cd62579b2eb6d1b111f21aea192f7e4999e88ae198799e3e7818fa9561ce1
3699	129	04799551af816d442979a88e760d06946f028d87174dcb41fbb6db33c1ec58aa
3700	78	6770658bb547f6e223048e50c9aca6ec973df7842a00d0b9fbf81ef5a8c96346
3701	76	6bc23fa0c9aff4f4fa9f4107e58a397a7b1ea57cf678540779f066d95c6bd7f1
3702	7	ad9e12546425576d3deae8c9b9dbf128d5d6ddaf5d7fe857934927deffa3b9dd
3703	109	a9cdc6de78f77d991f4136bae0f6403c53f85865db950a8a6aa5cc32b41ab07c
3704	32	cdad76caf548fb7ccad688c805608283aaf31d519676f543a4c10ade3e9b3646
3705	4	27e5788d5d9d73d24a81dbc0a5a74bfa82c9c3b3af99e52af796e90b468a8a3d
3706	1	01ba4719c80b6fe911b091a7c05124b64eeece964e09c058ef8f9805daca546b
3707	32	eaf6bda5b22549a580d3a1ab96fe53319252e2d4dc5a8db3e46c61ed2db4f5cf
3708	55	2ba6453e781bd98739b52c4f149502e67bb5c6934c91211f3f5db6a2f0aa9108
3709	50	683543a6fbf7f781847d188b4764205ff61d82999659797e1f854bab7823dffe
3710	6	4893f40e3781eb896c82d046a08067a11e35cdf2f1dfaf26fea90b8db6676413
3711	43	d3ce70ebd771e121df6221d433cc89a772453a683b09d1babe64f6ab8b9567cf
3712	11	783e98e51f7ac6e3f49f4d48f7ad44c9f9f2164e0eb32f099dc6b58e40330641
3713	55	e241efda6c416b84a46727389cb68183907cf5b22fbee94a77027d8b17529120
3714	25	00f2e5c8d6e3fad8ec41bbfb71adf49864682d3a39de72a33aa7d4df1959dc02
3715	42	9d9a6b522b0557dce5bdf704c78ef7ea6a6601784d46fca1a6c11df666b209a4
3716	37	b66368db5ae46d79bfe149489583d114cae5769302a7f6a099225b7be4643f16
3717	32	b152fbc93ac59ad71472ae7f0b2613bd6eabb1b69a747652a9c7f0dc663cb143
3718	41	f4860ccea3ef054cf3f73c45f08605e202fef1b9097104725d916b6b1f083e9e
3719	23	bbfee218e7ef016870c883bc2890c2802d4a9bdb106ed1d2d3a9bd196532f372
3720	47	0a299a6bea182e65c1518bf93e0a4d2c3f1b98cbceb9807713f46da3e3e8c593
3721	23	6e377798351c9363465edfa3867272be6d27153df54ebfc4d7406d1fc3344d39
3722	55	82d66c3bff1c90b04a8bb13d3d4ea57de2f4ef318991df26fc2ee7fe3874f8b4
3723	38	9062c079d8027f1b97a633587b0d8320607a20e315d3c50be560398264a75375
3724	8	22d11caf43e97ef369e6beed1a268bd05838f29b9dd254bf69ba64884147234a
3725	4	27e5788d5d9d73d24a81dbc0a5a74bfa82c9c3b3af99e52af796e90b468a8a3d
3726	1	01ba4719c80b6fe911b091a7c05124b64eeece964e09c058ef8f9805daca546b
3727	40	317e1f57557700844dd909219f2a2f7ae9f26256e835fbecbdd800e4fe1a7044
3728	43	1ee59b029228ff7014471ea062a13a639470585a8492cf1f75ca7c3d671801b9
3729	31	2988d8b1d10156b28472ed15d80c2d9c13bbf4474027d9651e6991c9f6ce5588
3730	43	40257012316c0681007ef1f18c453a9b34dc24c9b109ac43d00a564d677e7330
3731	38	1e03bb54e4fe1d27f2e807b7b74dcaabbe059411482eecf0419a0fb814977657
3732	43	91e28cb18203ff0366f9bcba7699e2d91107d98e9f9b57023b138d3955d72ff2
3733	47	9defdee1c0e07de6c90a6127b2a5edc5ef8ef88d03fc0fe226130efcf2c7871a
3734	65	ff69968fccaeb49452a47963a7a4c8ad1cf17cf52419a379ae0b6c23acb07634
3735	171	543d12c0a55d0c9d4186cea2e8a29440c270c976139462050a742d2b8d983ed5
3736	310	2edd0241667c030cf603e927a4b32f19291c65bee69aa8c6df5f3c36fec8883c
3737	114	01a5034b08033ce47467c5d8cb5d9e85e41417dba4abfa3103489cd11c4e61e8
3738	171	d5518f13132bafc57b8971521e9a76e91175a8e4c4f66130c77db85a9f29a832
3739	228	af86178d7221119de410d444d22fd8f9980fd9009ce6c25abb17e89381addcff
3740	13	82f3cfd11da6150197aceed08406ac64b050340de7bc04124a4cb7efa671340b
3741	207	38e765864ae1c61cf706cc11b1e6020293b1daa3b73f18539355cc7102e9502a
3742	129	91fce898b15cb10dbac41953f6066b61c7c25c8adf2b75b8f5c8d5cafaca2e8b
3743	73	68bcb7811c65c9ad0b1c507dfbacbc600fbb41e31087bf4e6c07f285a629b4ee
3744	248	40bc15849ab1894f736bcfceccdf49ed2d1fc0c040fb034d8c9aca67d168fd8a
3745	209	ed084d9ef1c48f50f7f0958e67a526f61fc1f46a7abfd48f0c4a306624e9f915
3746	212	573d7f4c66d27813a93fa9e22d1018754e7673a35b05fd028d14c9a1f5e27e3a
3747	13	82f3cfd11da6150197aceed08406ac64b050340de7bc04124a4cb7efa671340b
3748	113	5995aead3ff4fbc4e6c46232f2472ec91f33182443dcbfbe1700dc8e79d58c25
3749	17	9784cc439e7fead73e629883fc4dabe297e2fbbbf37a60dcdaba0078cc805e1a
3750	40	7d6c685ef84ec4f5b67ca7424b682054baf2160d028c454386e51b5fbe8c7c51
3751	96	e2543865461db080628ba568b999c96100ad6cabd680c2febf1526253ebfd662
3752	83	ba7bea0f129d5181dc154517295102636b7fc411551cfd1d727a7e419553a112
3753	61	aa212d40eceb4923c3cc5ca14a88d5cb48dbd11e8f25e17b8d9003794000e7e8
3754	63	d1a80551a9fd23cd8ded3db409fd521e58e29190e08f947cf589e9f0d1188a45
3755	116	7a0065f7415d090c5fe0e62de4068168295a6e774758c2a30805ff97aab52762
3756	20	004887863b571dab8266a6f06994e5def2a865c5ca15cf50f28fa5aec05b3862
3757	4	27e5788d5d9d73d24a81dbc0a5a74bfa82c9c3b3af99e52af796e90b468a8a3d
3758	1	01ba4719c80b6fe911b091a7c05124b64eeece964e09c058ef8f9805daca546b
3759	37	6316536e0d04b33860852444d4c56c21dfd6193743376b89ff0bfe4e5742152b
3760	37	07dff6464043afea376eb054f7d2a510be406ab1c446f2606d40a6f18f1f4ae9
3761	67	8b078b940c7c2f6565b1e52a2f70b85650d55f890f4f8e09d4e02a788662e669
3762	58	4a0cffffbf5aa8fa14988f0a347e00d363984b4b5ec8873207ec29a59343a1a9
3763	47	b96e5f24ecfb9cf922872cbb3fb41792cb1fd9469199ae359a3a3c9dc0010560
3764	34	15933176f291fce84655ceb44f4117f091acbe50bee2b03bfc895e6275cc85ef
3765	44	0e3dd5a83cfed153868fa81c8eed8187ab0f45cadc8a7bdc609122d9292ce2a5
3766	120	343bebdf871b1984de5cb259570d0bab1c51f087de63c3f8f43efa2c680c4510
3767	107	f9a992eeda18fc2a3654cbf96357f98609b7614340ea2124a24711f68ac0a213
3768	47	887d2651ec24575c60824efd8395c4a9d0e4c5df4d2f1a6933f661a160f0e5b9
3769	53	aa3256c6f3c9f5d298644eb68831b28ab76e8b85fd8800872ef81312413b5fdc
3770	44	d881ec1342204db0a2000612e09a8ff7f98f7430d8faa9691f56ba16739ced10
3771	51	82f11c18511ca8971c7e6dff48a3487cb1f4304617afa14b57aa59c9289ac534
3772	187	94e3a394d3addcbd7a184fbe4a57726ef4fda1145a6e43ccc9dff8ad30a4fa4d
3773	256	75c9542e61319d08001be6885a6c7e3a64a3fa936481825ecc2c12bb76ca6679
3774	19	f72a8c027ae537f3f32191f267328ea7d2db450ebbf3c55b21ad236422512666
3775	73	4830847fa8f4fd72fc08e4464e22fbc45ca49c7c1a65dcc75213fbcd9ab6267f
3776	28	24847c28e121bb4cad9c5416264ea878f53d77f0fcf0b96124deb4f228ee6afe
3777	71	574cc644b2bc916d8b289701c9eff4406523394b33208f91082f6196eb5b45c7
3778	75	5bb29ab87095453bce95b17e3ad28164544f237707192c87a5b39305a9d03531
3779	103	50f23f4c04b7fd64f1af3d71c0186c86a8394bf7585f160cf1ee4f4d459b5648
3780	103	4852ec2e803a2213f23d3db5651bca1ed6cb6b3463bfcf7921d187b4055677ed
3781	7	2959280f6156c1f651b522b1b186163b66db45adbfa9bc671bed073529eec1d3
3782	381	3bb5f91b495b740b58b95c70494cccc53dcb8c34cdd341b8d8629867d127b4c3
3783	52	e2833e2e096408e52a8f1e1099d3f7e26590a5501b6e6d5e48a701fd245b170c
3784	45	ff20df12bf3e42a8464a538affffe38db0303edb5daecc2a4bb4523c8e62a8a4
3785	51	cf5f628d89560a26a31f141115ad3ad6c57805babd35fe5eaa7789b17fea5896
3786	133	478e5139c87b7a49c81a6fc99e2090acd4063fca76b285d5e79beb99955aac7a
3787	89	ab5e0e392d35d22748e03190829045f1c46aa66b7019c7abcfce028fe367426d
3788	62	cfd90965ff52dcebe978003e454ea029ad9533ce8d85a3ed5c483580b3faf44a
3789	53	8a5ce7a6fbe6077ab8ea487ae7f2695451fa46e4194e9f988172efa22eb1b4ff
3790	164	67bfffe217ffe0c2371aa3aec9f85670a5f5059500a60277a6b25059d3444a95
3791	217	4aa472f7b5407d1f3088d854650a40803fd12ab1a31fd3a16cb5aa11631bb35c
3792	51	80ea0b81ef2b5b570dbc6b601bdb18c0162ca0c42c8c88b761a35065e68fa1a0
3793	34	ee6b2aa5eb7170f0a7094cacc1415de322721d00d9ff5f92f4b0c708e1645c74
3794	24	1f2800239c064910195dc56805a195d1715c38aec56426052485ac8e7e2e9a5c
3795	37	71edddf541c7d4ae5f3004d07a9f1326fed6f7f5e38b144ecebc618b678679fe
3796	83	3a81eeaafdc92f195b3683ed1bc01e9ebd6d39b9d2fe545cd48dd4f5cd5eff21
3797	57	abd40bbe556ad21cf5aaa0922c0779ba1e0fda8cf2fb6f774010a92d6a095e58
3798	50	387010db9fedf3dff58edc466b0fd57d9e7d2022b53126c55f87aa2710d690d2
3799	58	e145172d5031fa54d291ee657bf6c263bcc37fc55abe97158b54555579bd1615
3800	121	0a9297f487b88cf9312d72cd960ff706585c40daf4578a99dbb90881db6d573b
3801	36	8a77ef7534932922b8b4b40bc81cd2686d88547bb484812b6853afd3db776419
3802	11	783e98e51f7ac6e3f49f4d48f7ad44c9f9f2164e0eb32f099dc6b58e40330641
3803	40	86320eeaff32f612e2110af754739febc9cfb880aeaa28da75bd73edcbd7dce8
3804	47	cb49c65e6afbbca392c506f83e32416234bb73f16029674db80f321e251ef61a
3805	69	1bde9ab055065879b0b77e9416bd8f3d436aa5ad60901e5ef7a2cda19427e7cc
3806	65	c66fba15a6b9dd6d70247c65b875e5a946c646415c5fbb30831c1e3316f3a832
3807	21	6ad83172950d3ed711477a56dc5ee5de84a999f0333a92ce9882be26a5702abb
3808	30	10810529b279e3b1eed5d3929caca97d1746491f85d118dc3c84a9048730ce00
3809	90	92c609f78fd7a9fcfd8d2a060f9670ba808343c8d2d01feeea1c167a372e3e9e
3810	8	9b62f60d8590a579cf46f8d67378c4c572b962ceccdb90c7a5f7b42b960782a4
3811	7	ad9e12546425576d3deae8c9b9dbf128d5d6ddaf5d7fe857934927deffa3b9dd
3812	57	e68330cb26d4ac0fd0f9892792c8dd61385fac675837ca1f6dd2d134487e6ef0
3813	17	dfac4e43630abf68c3a4a7573fd4c43008ba798dd76c3759eeef53e6cff8d2e5
3814	4	27e5788d5d9d73d24a81dbc0a5a74bfa82c9c3b3af99e52af796e90b468a8a3d
3815	1	01ba4719c80b6fe911b091a7c05124b64eeece964e09c058ef8f9805daca546b
3816	33	bb9f1ca79d8c6dde2c2af2d98b3ec2156df67210d147c2044b435e8de498928a
3817	37	35913b8d92e0b256a23fc4be9c48e3c7d20d7825abb42452e6eeadb35299408e
3818	46	1d730ae1508a09fd0766b4c8618a58ff59e934281ec81f32240d6bef29ca42ac
3819	45	8539348cb9e911a91129a220806cb5e32390223f1c26e8b53d22cf47486a711e
3820	83	679d6f336830348bdd57edbc86ab5d9033ec6be8fdc97fa3b9b88ef066d677fb
3821	189	1a4b7d1fc491a922ec84235c5b11188b7f2fce66f80469b772f2f0d7703075c9
3822	4	27e5788d5d9d73d24a81dbc0a5a74bfa82c9c3b3af99e52af796e90b468a8a3d
3823	1	01ba4719c80b6fe911b091a7c05124b64eeece964e09c058ef8f9805daca546b
3824	34	aaf06fb5cce6251245084a751d178b4042dfee80f1e3f8b1f94e45e974d8cf58
3825	50	0580398b6e0e092e88af21ca9afbe4aebdf8e645eccf782d85a5bbf6ccb7a67c
3826	22	4356c9d2931c87dac7b90ffea35f9cbc6dc035ae16560e05debb703ba6bb4eb3
3827	56	b9f4ea769ea924e5b58234422c738227d844aed773164032c0160e357aa75a43
3828	36	f3314812c84a5f9647437aed8f4f0d6e861e566a80544f747889156924179b10
3829	70	c4d1f54851b3fd3abb318abe784649e148fde1a2249bfad798052a32e64d3b7b
3830	21	d4d26737ee47c27016a6093371d6d1851861c905fd3f5692e4e3fef9c0d654c5
3831	55	6bbfe23b047a1285c637b7f8835b21734287057643a850d4ff876a567d5cece9
3832	76	92d3562baf555cad87e39f2cfd78bfaa33f44295c7ce4509feb2e27930ac07f5
3833	36	d21a41f8e8f866d44390462085585717cf69328ed36e160998dca267424410ad
3834	8	22d11caf43e97ef369e6beed1a268bd05838f29b9dd254bf69ba64884147234a
3835	36	cfce391689eff4b22c0e4511737681a4467e2e41b51c26df82bedbbafd68646e
3836	4	27e5788d5d9d73d24a81dbc0a5a74bfa82c9c3b3af99e52af796e90b468a8a3d
3837	1	01ba4719c80b6fe911b091a7c05124b64eeece964e09c058ef8f9805daca546b
3838	35	6af0baf8c7efa09a25e493a0f2a756b5f71b948caaae783aa2c266f1716c340f
3839	99	d2a40ba781b6e1c60a4482c2410a7a3ec98ce6ca49af7e63c2992a7c8c30a289
3840	58	3f30be153c3fe0298139ca43c9ecfe3be471bffcc4e639e6e1ff4e14fbbde446
3841	4	27e5788d5d9d73d24a81dbc0a5a74bfa82c9c3b3af99e52af796e90b468a8a3d
3842	1	01ba4719c80b6fe911b091a7c05124b64eeece964e09c058ef8f9805daca546b
3843	35	cd02799a3215bc985581fde039c8d853b12ff4dd1a926f07a0098140cca7de6c
3844	27	2f9e5b7e99791320aa92e8171e83b282387649833488eb786fd970f48729beb6
3845	42	3256cfa5f08a71b0dbe4acb145e26b2fab638becd98279040c924f9689679ca4
3846	51	b6cb8ae4f755122271555022685c68d21481c94e2c768211043c9057b710525b
3847	4	27e5788d5d9d73d24a81dbc0a5a74bfa82c9c3b3af99e52af796e90b468a8a3d
3848	1	01ba4719c80b6fe911b091a7c05124b64eeece964e09c058ef8f9805daca546b
3849	27	945e1eda895a6e5849c3dc95072ecfdd635bda13a9add362b77d77b13ba4e6ff
3850	53	8de241f003ad246b9ff09f5f255fe8c9ebf753709cbab8059631f3fd705c7830
3851	49	59e9e36531243775a09b6a789d31eaf956164baa4b2dcc5be42586d1b2125e26
3852	52	a96a07df28c434b7a1eaef25b61f035bd52760592653dfdcb57ea5a70c9cea39
3853	62	b21b0ca8c3c531f60e192b20c42c02ef5591016aa77987cf7b2226919f52c08a
3854	109	a3c28d62a4154254fe0fc24ef05961e31a253e0dcae9055483562ce630c2b45a
3855	4	27e5788d5d9d73d24a81dbc0a5a74bfa82c9c3b3af99e52af796e90b468a8a3d
3856	1	01ba4719c80b6fe911b091a7c05124b64eeece964e09c058ef8f9805daca546b
3857	29	ca8637b75e5cf48729418e1573cd0cd035ccc91135a13efb50f3f77836f2c8d0
3858	48	86a0af0c7ee1c5bc7daad6d2a055fac5f93181b7012af2ce7214747848a3bda4
3859	32	21be4f0e583073a40a9759d43f24bacd2ce1c98aa2b8c73bc5566d8673a53901
3860	49	1368908bf1e57a2c0211622fa0cc2a54c1bb28213d79bd3001460b71110c5af2
3861	52	a96a07df28c434b7a1eaef25b61f035bd52760592653dfdcb57ea5a70c9cea39
3862	55	5e6df3fe52ae41340fed41778740c0e90d232f3f69c0ad98b4360408609a5a63
3863	121	49a8956064933bef2e6342bb5d13c7c9aeeae93ae4a90432c0012d40073d9b83
3864	4	27e5788d5d9d73d24a81dbc0a5a74bfa82c9c3b3af99e52af796e90b468a8a3d
3865	1	01ba4719c80b6fe911b091a7c05124b64eeece964e09c058ef8f9805daca546b
3866	51	a396d730059e9973d13afac8215e9e4275812f37b41b1c3a467551c6c3495c13
3867	48	85dd4a44fa8ed5ce26ab5b4ca299d5d5c02bd55a998670964769e1f19ecb73b1
3868	54	7fe664fb749ecb267118d42899655e3bff61257fe6e94612254e17f6977da248
3869	52	9f605ea2cb83b9d993e5541e74bc06515838de186a8eb8897041dd7b87da8c9c
3870	83	11192d6f3ecf7c0471a5086ec2b46ca51563240ac36cca2e12ba073fe702f046
3871	69	2b5ad04b790e0753c4203863eae74b194296b00b02b564a9656e2a8122d0bf2b
3872	4	27e5788d5d9d73d24a81dbc0a5a74bfa82c9c3b3af99e52af796e90b468a8a3d
3873	1	01ba4719c80b6fe911b091a7c05124b64eeece964e09c058ef8f9805daca546b
3874	30	f8a11923bb417ee034b268bdb69b05c9ae8556cd6f8a01fb93fc448f87bdc810
3875	136	e25c1dca61b72d52f724c492809ef3ab22038c1e62d6acd4cc123f395d296708
3876	121	a367174a962d373861cff363c8e23ee44d8de9f201c57b0198348b888f20d48d
3877	4	27e5788d5d9d73d24a81dbc0a5a74bfa82c9c3b3af99e52af796e90b468a8a3d
3878	1	01ba4719c80b6fe911b091a7c05124b64eeece964e09c058ef8f9805daca546b
3879	61	c88edd9a9dd9917e73675a46b30114e3a50d6fc0755a1c36379b95224fd15ed1
3880	19	06f26a94474c574e211271141e5e6d4b364b5832948c27eda994790793c7407a
3881	64	fbda1be45784e6d4eaba1b30b2bbbbf6cebc97afd12bb4a3874bf4fd3b240809
3882	46	a8d7e562db7c97c65c649d1d2ff045e3d4c6af7f068c8dda69e8e314215fe710
3883	47	fe89c3ae6fb4fdfac9fe285baa4433fad4a44f8938a431e873169cebf832dce4
3884	41	f66aacf72ba81677ccc18d7bd278b697159a82ddd3fdbd39cc5885bffe605cef
3885	47	22e1cf47a8862badb40e935975fa53da31fd11b0e51f0939597b7c37a73c1660
3886	18	373448d7b7bb12ac182c99e8259d8b59234a8b07f8137274c099bba2e726047b
3887	108	1bc9fdaccde72cc3bd29fb483b31bfc78981aedf1ec6f8b8003774e65b29e78c
3888	81	f1b33242004ff4b7d60a8bd25c64b06c64af3528fdb2a6c6b1c11dd4790e9516
3889	6	4893f40e3781eb896c82d046a08067a11e35cdf2f1dfaf26fea90b8db6676413
3890	15	42d290612eb181a055ebcab82e8dd88aca92c409aa5332e1e767ccf1602eaad4
3891	76	7cdb56752c4137af6c3f689b38f499b3c956576a67aaf01a12a740a3e6c087ec
3892	131	ee25f3957505c770b0ac85ddd3a5035fb7d6d5a530713022bc725360b74014fa
3893	29	ce050910db2dfbcc1a93335ccb7bff540e2de2ea0fa87b14ad0ea53e2c05ff7b
3894	6	4893f40e3781eb896c82d046a08067a11e35cdf2f1dfaf26fea90b8db6676413
3895	18	9039d98aedefb3dd10293bb9cd953bb95ee6513287874553e20862b7ce683031
3896	156	38e45e8b1e5a721a48684f500ac997cd7b063d1e9ea6f9957355ef07c3254de1
3897	81	6c4a472b559d071640a6a4e844976bb31f2b6fdbd6d76f871bba6e48def6da68
3898	6	4893f40e3781eb896c82d046a08067a11e35cdf2f1dfaf26fea90b8db6676413
3899	16	c8d936bd54fb68db2231a10324e46a1f776dce3694b37e39cb6324f556985ba5
3900	81	df6d940678d97506b94c2c6f0452878cc3eddc207238fd70fa0a127ed7d74d3d
3901	35	9ad79b8c1fcaf1166e405a01951a9bfbffa0061d5dff1c35c53089894820f79c
3902	156	63796827e373acad5611404fbd7ed6b9d97815b961ab82a7028d49001867c9f3
3903	67	471d56656eae801e3afb05adb82b9f1530d505871f8c1c94262e678edc818357
3904	13	10fbec23f1bd30b63400be0b293db15b3d64e4d1df3e8ac16cbe9d33d7cef9f6
3905	84	acf4566a263e93e2d575114ee9cca2693fd6cbc7383b71ac89055379ac43aab9
3906	29	a358796c910acbf1df3d1d109af0dcdd74cb5e5ad0c1e6c88b32701eb77754ff
3907	8	9b62f60d8590a579cf46f8d67378c4c572b962ceccdb90c7a5f7b42b960782a4
3908	6	4893f40e3781eb896c82d046a08067a11e35cdf2f1dfaf26fea90b8db6676413
3909	4	27e5788d5d9d73d24a81dbc0a5a74bfa82c9c3b3af99e52af796e90b468a8a3d
3910	1	01ba4719c80b6fe911b091a7c05124b64eeece964e09c058ef8f9805daca546b
3911	85	c5364c9cc92f6ae45e7cb53f0819a619d604243f34d506ed388bcbaaca2efe1c
3912	19	06f26a94474c574e211271141e5e6d4b364b5832948c27eda994790793c7407a
3913	51	91ead90f87e7c447f2e98f6f70038ce53090f64815a159d6ba10fe50649209a7
3914	45	c517c0e9ea2906664ff60360d3f399f1e94d865b11a5adbc6c87d50da0a0333a
3915	40	2a3fddd350ebd349283979718ad3e21a087c51c6d2f7c94ced370a24b47b0776
3916	62	38df075195b4177ed619926c7c9d08900f353406d0dc4cc4f4ec897c4c613a10
3917	117	7bfb818ad2e9a6efd11ad2a5c416c47b22c4f1b03f0077cb65e6424579b95c79
3918	38	8a42d9b678727c7d0a69057f376e0b40fe940e7334053912e7041108a6f08b6d
3919	135	4d4ac71dcdc0830c231f91e83492dc4a15394a7406b45b8cd8dfda2640bf0818
3920	107	0b36c2a8abc0c10c9581e48cc9d571244ed9bca0790bb3bfbcc7fe08a6fcb63b
3921	91	de4c0869f6a78461131747370b9dc5c102716876430f1090162a06e0744a9b8a
3922	57	fb78c2cb405040c2f5b7a59ea324314d3a96adf15908f232233224c41fd873fd
3923	73	c276b43a2c9f8127ab4df536e2dc94295b674de5dc53717ff4d4a11510236913
3924	45	609f67c3bcf30912e502b32389e3358a1373041e32000d102ded7f84a7b63575
3925	17	cb341a2aea3d1db4fa6f43b5fe2b0cfb59d8822f1f08e0b0b498134e0016d712
3926	232	786904ff998079a94418b3005acd9018a03d4f93608049b57ba6697104c07e30
3927	6	4893f40e3781eb896c82d046a08067a11e35cdf2f1dfaf26fea90b8db6676413
3928	47	62f68a7fe6b89a48907f2f95f75834780ea5d3f7e5b492bd31a5858fade209c2
3929	18	b38891a5e9b1e2a883b8505c5eeab255a8479549ecfa917529aee5bfa2503a72
3930	75	1b512f16997ea6d72887d853b1d90318f67aa2be706b58f85504cece26d675fd
3931	101	2d1ba6e616f8fe1b60814e433300028e384b0292cb0b7748a7c26dbb6e97aa0b
3932	58	d7fb626206846156cdac9ae1ba9d22c8dc5594a2b9cc7ac4ac6278c9af7d4cce
3933	59	8cfb2fb580e3e775ddd54ed11bce988cb498b445bcf039485ee18048fd07da63
3934	6	4893f40e3781eb896c82d046a08067a11e35cdf2f1dfaf26fea90b8db6676413
3935	39	4168a2a583210215b168abe64ce84c65c940891d6402f03ddbe87bdc7de837c8
3936	99	7a12743af25d3401b3ffd902013557ad543e300cdb015af4bec2ff90be903e64
3937	39	83f734ccfafa7f536a78d0d63dee803924c3ab9b6811617c2acb801df8adb53c
3938	4	27e5788d5d9d73d24a81dbc0a5a74bfa82c9c3b3af99e52af796e90b468a8a3d
3939	1	01ba4719c80b6fe911b091a7c05124b64eeece964e09c058ef8f9805daca546b
3940	47	89812fabf211152eded9ebfcf4f5b2b1e9a58116a278e9c5f21103578faf8e7d
3941	44	b91ff3a9f2c7d51297d5b48a53028413bffd1627a82a57685f1f779d85f9dacb
3942	9	0ed70545cdb9032b5b24359a1555d108242e3a41aa4190be0a6e77137cc8335b
3943	91	1d3ab095701fcb9fb30e3a0737886f427de53a11ffba605359a4ba10f5a8789c
3944	50	6d994a4f01e15eb7d755673ccffc43b8f3f3665fba046311946472bdc22f2558
3945	85	1f9f36d876ebb9600c0a0f5988c87199f4b4ace7b89c551b78245aa6708139d4
3946	89	320968c6d346a2459e8e7318911e39ebd5ee3c97a42d3d7e511602188e0eb268
3947	98	dc50aa4b7a3084c82b6d35c4055115e0860a31a0909ef5e3e12482d8b7adc0fa
3948	32	b99b20781087acded90f78df231dc5ab69dfcf8d52602077dc240ab091d9aff0
3949	77	eccce3e541bb6ac3d11de600ee075c1920782ab268c7e89b59605696a17b52a3
3950	23	68305d061be73de2e8f9e7e501ac34a9c216f39eed7323609ed87f6e2a2e9e3e
3951	23	fe364d9b1d553d5c1e8509d82248120acc8128b339f5c8ba48adc9673331b8ce
3952	25	e25a5fdcc696117cd74a8e635a2640b463f4d8f93894bff143002c02362cbc9a
3953	28	02ee61d1e68349c87756eff3f82fcd9370e8fa24a385fcb649084856a18c76a4
3954	27	d19f226d84d2b2a6e99becf09727597e5d9e3b9bc6344bfa079bb4e2f7bc2e2a
3955	30	b636e7fd39e4a839b1572fdbfd79c1f6bb32dbde018b67b8cf5d7a2b8230d27d
3956	41	aee05c3b0e0825d97b46c7e6e125e38165da52b935ff1d80a24f8cd92e4f3b14
3957	10	717af1101c97b7c2f52540782e634cc4440f0e970341e52f9752311d78b7d7d0
3958	50	f887cb2e6bf8795b02e5777739f50c08e161be8c0ab1a55ff6c53442e59e3877
3959	118	97fca6fe66bffaa4fb33b7ca3c034b5fa8fe39318d315d048c0cdf55a2e83310
3960	41	1497d5ee3b866eba938a97186eab931624a399cf58a440a1c78c1fbc2cc6dd0a
3961	36	ecc9e1957b7edfbaa5f12f42682a84a764b7363520a649245285965f007c008b
3962	42	e98ed1877959fc3649bae096d448e5b0dbd0123212248e141850df42d69f9039
3963	19	06eef97494ad7ba17d897bdbe7adc1e3b3229dc270d2c4ac84965bd1a0f9bb5f
3964	63	ebb449b55b16f3845064cca73f9f797eb491097c0bccd2f992424f7b7abc64ef
3965	6	4893f40e3781eb896c82d046a08067a11e35cdf2f1dfaf26fea90b8db6676413
3966	4	27e5788d5d9d73d24a81dbc0a5a74bfa82c9c3b3af99e52af796e90b468a8a3d
3967	1	01ba4719c80b6fe911b091a7c05124b64eeece964e09c058ef8f9805daca546b
3968	41	1a56c14ce7a75754f4c2f2fd82e51d3e2d0aebf74311c5f2f4d577858ba5423b
3969	26	8c58904a616384aa7b617472b95bfbde8cd517c2a2e8e1d9ccebe2c63d2e9b82
3970	27	4f9bc3160523167e5bc09ecfc686c0d3709bdb645a3991039592f0e44d119a2b
3971	31	2a4b8f11d74bce0dc7f354b99f8250ed4edcd12f18044c44e42e9d9fcb644bef
3972	19	06f26a94474c574e211271141e5e6d4b364b5832948c27eda994790793c7407a
3973	1	01ba4719c80b6fe911b091a7c05124b64eeece964e09c058ef8f9805daca546b
3974	91	de4c0869f6a78461131747370b9dc5c102716876430f1090162a06e0744a9b8a
3975	86	722e35fe7668d66d2a99684d7619959d6e2ca2592f600b08f130df8c54582741
3976	59	e8fbee94c0590410f64028d6bab14af5cd246793ba1cf60be32f71410ce8d9bf
3977	87	d68bcdff72996a1d62349cd2cf6c8c101900cdd0f2521cb2807615a22f0ff771
3978	95	2f8d588b6da8075c26f9d108beb046d107e78079a6a89355e17fe035cd7e4372
3979	37	43d3791bf07ec2ece1a2c478e438473b958fbe2adb952ae46f2e78f7c3e29e28
3980	19	95aed1bf5004a16c07db04406bdbbd14bff9027cfdf51613b34d42c7b2a6207e
3981	97	5945947630927f0200373b98700228d5e6965518658b9d40c727061fa4e71990
3982	49	5d47c6bfec65e4d56c21f2cdb7648f0d6de22c2b02d50da4d054535fac468d41
3983	144	1eac9ff8d96fdbd2fdc2c18cac7e4f2cd37f88691e988187f39d69b60b4e4a62
3984	54	fc14c3c5184737979d1f1296d2cc1dd267cc20b40c029a5f6f35d2a413589b20
3985	7	84e4208cd6ffb8c4a3547b2f54ada19978c3f365e78f9502ef5145cdd2aa8543
3986	35	153821c737995634a3263eb8ad9965f84c21b30524881859fb7a2499338eb9ba
3987	84	2a60f7bfc8fc36fe747b11ac3ce83f6d410357741c197cc56a66136af8d6a715
3988	7	84e4208cd6ffb8c4a3547b2f54ada19978c3f365e78f9502ef5145cdd2aa8543
3989	37	97b12c0fdffc1e729c7026b593abb82c89606c0b15fa1204443c5a6074b218e0
3990	87	8037754e48fac66b94190e64674a112d0f2143ece06e3ecf569bd79b257d528e
3991	7	84e4208cd6ffb8c4a3547b2f54ada19978c3f365e78f9502ef5145cdd2aa8543
3992	1	01ba4719c80b6fe911b091a7c05124b64eeece964e09c058ef8f9805daca546b
3993	47	85da3e03152153758ec91cb7a265396dc18d3b95436a087b477a4bebe203715f
3994	53	46d3ed66bda860402bbd21cc00dbafdeac3701be69fccfe16f6d7b99d5dee0b5
3995	76	0d8541ed6cf680dd66af0637b4bd2499394823e701231e71d5fb618f7e847ebb
3996	6	4893f40e3781eb896c82d046a08067a11e35cdf2f1dfaf26fea90b8db6676413
3997	93	eb7bf20d5513a7b85e5926e08d2edf9f152bcfd461f79d5150218e53200bc0cd
3998	24	3293628dd671148f65d72f1125da88cda5fb1d02c9c459a0e6e66fda952cf1e7
3999	5	42a2cb25a122b44221a6234ec660a7b5fb7f9bde7b3b9e2b3c559a0d96fac739
4000	1	01ba4719c80b6fe911b091a7c05124b64eeece964e09c058ef8f9805daca546b
4001	44	1ba42fa9fc06c5e392b32a8deafab9bf5cc2ee0146240b78eb85e6166dbfac61
4002	46	64fa2b7eb7cfd46a0ebe2ec1caee22ad6da26952ebf883a126b94b06bfe183be
4003	52	2e4536ffa4abce64d59d177f809c50cc56acabc8a31b8f055bde9863f534b2af
4004	12	4ac8b45cc546b705709e8238c61e926761022a554b871057e1028cbbd7267d14
4005	121	b05e03bd52109c686e8e37dcc86481114b092418b6c7b292d485d49298a59142
4006	14	1792f847bb21cb292dd09f7fa6e7cac4a8c14d97d389633b3d1520ea14b5b1dc
4007	6	4893f40e3781eb896c82d046a08067a11e35cdf2f1dfaf26fea90b8db6676413
4008	52	3cc5dc1df7871da7ee21154390ceff9c4a9c4e3efdd6d9d21e24000cad1635f8
4009	59	8a968135c3d07c164b577bcf58a991c01bf96c7425afb993d7cfd300df045bc4
4010	25	021146498003d895169702a9c122590eb7822e05d609753431154171b6b8adcb
4011	5	42a2cb25a122b44221a6234ec660a7b5fb7f9bde7b3b9e2b3c559a0d96fac739
4012	1	01ba4719c80b6fe911b091a7c05124b64eeece964e09c058ef8f9805daca546b
4013	42	e0767dee8947f6fe64a4084c255446bcc50b8be7e90479695d822e0c5fb559df
4014	31	2a4b8f11d74bce0dc7f354b99f8250ed4edcd12f18044c44e42e9d9fcb644bef
4015	64	fab6b5d5e8470d3bbd56866705a978b6a56cd49723541672a7d084362a48bf31
4016	54	150fc6a6cea85b4762217354783bddf9c01adfe518950756db851e4910ea0ffd
4017	23	b3d3a4296bc9f4527c247c5e775d5a42fddf31edb347feab402ea6174f16d0c9
4018	61	9cd20541e4960617d37c98953d4844efddd747d12eb1b6d5381b8c985a3bbf3b
4019	44	53538e54d353e342f43caba05f70c02e47740db5c15713b088a4cd5626bfe0e1
4020	8	9b62f60d8590a579cf46f8d67378c4c572b962ceccdb90c7a5f7b42b960782a4
4021	13	d0eefcc3c3b02034bf651760f7c175fca34ded656c28ae4a6d265477d80e46dd
4022	5	42a2cb25a122b44221a6234ec660a7b5fb7f9bde7b3b9e2b3c559a0d96fac739
4023	1	01ba4719c80b6fe911b091a7c05124b64eeece964e09c058ef8f9805daca546b
4024	44	3c76cff274b7466c6029c04304b2656e60cec751dfd073b2bf367369c8ba9ce0
4025	31	2a4b8f11d74bce0dc7f354b99f8250ed4edcd12f18044c44e42e9d9fcb644bef
4026	64	fab6b5d5e8470d3bbd56866705a978b6a56cd49723541672a7d084362a48bf31
4027	40	3097b5d8ddba2e80f4b2062807d33d08fa7c329ef20d3dd355699b4b5edf39df
4028	49	8703b4c639b69ae883fbee92b9216b8d8d1629f192037eeeb46a55de7515ed93
4029	92	d43eda92d70eff1843f9047408c2c96fdc0be36577564552754276906f3e6657
4030	5	42a2cb25a122b44221a6234ec660a7b5fb7f9bde7b3b9e2b3c559a0d96fac739
4031	1	01ba4719c80b6fe911b091a7c05124b64eeece964e09c058ef8f9805daca546b
4032	46	06b9686241756c9910b4a32e6830de41a4fba4047ba239464177833500a11d7d
4033	31	2a4b8f11d74bce0dc7f354b99f8250ed4edcd12f18044c44e42e9d9fcb644bef
4034	77	1858b2b0bfcf1725331ba73d432295a3e94c4df4bdefa525836ed06395aa491a
4035	48	609dacbafc7ef7d5e2d818c74ee0f26d0d01e16e24cbcfa8fd6daa48a6ae4695
4036	14	1792f847bb21cb292dd09f7fa6e7cac4a8c14d97d389633b3d1520ea14b5b1dc
4037	6	4893f40e3781eb896c82d046a08067a11e35cdf2f1dfaf26fea90b8db6676413
4038	24	1d83c6a57ae1cdf83750669eeaa424ce055e5268b47303fc9f1afa03c12ab435
4039	27	c11756fd8f5e55c82bcd8e8fd1bf5c9d68183298367a818dc0e3a133db846220
4040	14	1792f847bb21cb292dd09f7fa6e7cac4a8c14d97d389633b3d1520ea14b5b1dc
4041	6	4893f40e3781eb896c82d046a08067a11e35cdf2f1dfaf26fea90b8db6676413
4042	32	ba8dc1b9a763c8aaa79e2158a946cad6d65ddaa962d790278a9614b0bd4f3869
4043	88	084a6cbf69255012b3509c2c11ca0ed565989b87cf8e1f00bb440b3d22fafeb2
4044	95	9504955bf4e330a8b5585030bcc668ae539022bbf9b2b57663546101edce3df8
4045	6	4893f40e3781eb896c82d046a08067a11e35cdf2f1dfaf26fea90b8db6676413
4046	32	bc64e3534eaa398349bbce7507ea99af137c43d82c317a0d513dbc8d5cd2e179
4047	5	42a2cb25a122b44221a6234ec660a7b5fb7f9bde7b3b9e2b3c559a0d96fac739
4048	1	01ba4719c80b6fe911b091a7c05124b64eeece964e09c058ef8f9805daca546b
4049	45	e8c83807ac9f52870892316c81fc71333df8f40a4f4afcf106a8e7f7cd033e13
4050	42	01a4ae75ed9711f6c3d2b90a662832e1ce990f8cb26feb5880bdb963577ade7c
4051	5	42a2cb25a122b44221a6234ec660a7b5fb7f9bde7b3b9e2b3c559a0d96fac739
4052	1	01ba4719c80b6fe911b091a7c05124b64eeece964e09c058ef8f9805daca546b
4053	48	4483a113fff1fb5ec34185698ea5ce0e3dbab01db6c9d3fb50d370691cce31f1
4054	44	254d87b26989dda3ee226eb9bb325c9295a0265520b29fc95005240509a3f6ea
4055	5	42a2cb25a122b44221a6234ec660a7b5fb7f9bde7b3b9e2b3c559a0d96fac739
4056	1	01ba4719c80b6fe911b091a7c05124b64eeece964e09c058ef8f9805daca546b
4057	50	43c156903b7145b9836d6531d4df2ec35effe5439561eb1cb82d823719d41f85
4058	31	2a4b8f11d74bce0dc7f354b99f8250ed4edcd12f18044c44e42e9d9fcb644bef
4059	64	fab6b5d5e8470d3bbd56866705a978b6a56cd49723541672a7d084362a48bf31
4060	79	e25c0adf363f44bea935a070f0b90fc4db5a985bf7cae71e2f95b3f77d7aad84
4061	25	cb35153eb1bd7e0c97c9c5a369435c66f259c7356a929e80cfc54bcd3d462136
4062	93	cd5d3f07be0ffea1b7c078eb34a966b67c0c23386c0d360012fc691b5c5dcc0d
4063	47	fb3660b94b353d7ab4d6c54cbb97ac49a71c4df849c352010d16dbb0342fcf3d
4064	156	1bc5afed6605d8402d08d2d19d2a3e1442d371cd92811f01d763429850245169
4065	41	1af49fa999116f40f0702ef445efd4afed87dff8dcc612521bc26cef73010eb2
4066	19	c0554b2062bcebc210bbd40eb71903d80852fb4388cf6721af6a4bbeff83f233
4067	73	9541cc7e4223f7ab7464e61287220906014a23321cd196a56dcf99d36fd32827
4068	84	6b00f9a6e201473c2fee9019e7214567bc268ec0cbe5b3dde66af8a31a08fab2
4069	150	740ecfda6e2f8f80e6eff8c128a584e876c53a8a1ca7407761310f1cddc2c18f
4070	75	47fdda83062414449acee0d0f29cd3315efab056aaf39f2a71f36a33c1db93f6
4071	18	f98c890f9fce584e586aef4f0d37d76e0990c8d4a4ea54e21565598b644ce583
4072	9	0ed70545cdb9032b5b24359a1555d108242e3a41aa4190be0a6e77137cc8335b
4073	49	f88ffd1b8bf9b6509b39123614664e8972803355793d198e9a8eb3485a97bd12
4074	70	4f9402acbf06a7176be14adaf631127ddcbde8ee80d678f806b73e19e4963fcb
4075	19	06eef97494ad7ba17d897bdbe7adc1e3b3229dc270d2c4ac84965bd1a0f9bb5f
4076	53	6949c067f017f222b6cc62018fdce14ea90ee93187ee39cccf0e6cc0df815eb1
4077	23	d2eb12c512efc008af3a3411fc5bcaa739f135e68006033e082d516ffaafddeb
4078	39	f1ffb8cc8f619753447374b4764c118f1c283f23811b118f663ce3552a96b55a
4079	21	30a0145315707ae01b070632b7604e97cd85ba88ae91c6581e14c29cece35757
4080	36	7eb4fdd45d7112835f163778b8582b3a5be36c6d00cd733639900c5b7a1912b1
4081	21	8242e6d8216ac84bf1d144f18600b2060454aa9ed56e25f1f5f90dcb5b45e236
4082	70	4f9402acbf06a7176be14adaf631127ddcbde8ee80d678f806b73e19e4963fcb
4083	6	4893f40e3781eb896c82d046a08067a11e35cdf2f1dfaf26fea90b8db6676413
4084	5	42a2cb25a122b44221a6234ec660a7b5fb7f9bde7b3b9e2b3c559a0d96fac739
4085	1	01ba4719c80b6fe911b091a7c05124b64eeece964e09c058ef8f9805daca546b
4086	24	e26720221f3cb4247767781c1261bf6fc76a25b3eef2822a0b5f90529fce1fee
4087	28	48b248b16a04ca7c40696269d2f06c08503737d94bde3a30408bd949195bb426
4088	28	525c8e96fcee57b1cade1c32f8077c15e5eba11919524f6b3f0872ddeeeaa71d
4089	84	c676d5fa84081f247381971c0f8ed3316951d1e233ce514f9b83aa0abf20cee7
4090	79	4ce202d130676b782c5db81b70c4bb2a212fdbd0188c44503b58ad1e282f4fe6
4091	74	7c9dda6dc8b07d71cf5222d6c1160dcadcdba7fb6548199a01437b6e07acae38
4092	116	0c88ca6572929098a213f2bf243576fc48fbd4c6047620b6388511eac88324f8
4093	43	c2de3863b74d43f03b4479523b79cf36f44dea5000c43b3f9296f59628635335
4094	47	00bbe4c63e85f70a11753cbfbb42bd3b2098847d6cc608580740878ae41792d4
4095	83	037cec8475d0a9ee6b3a7abfc7cebb5b76c1f0d6b53503bbf8439f15ddfa8fe1
4096	57	ade4cc3976576d77bcc87d460afb93b9c79f69d22e1bae11cee25b81bb781847
4097	56	cec7db6a6139347d64415cede57fceee28683c1504618a77b4c4eb3b63931bea
4098	7	84e4208cd6ffb8c4a3547b2f54ada19978c3f365e78f9502ef5145cdd2aa8543
4099	76	9364461cab53d35e9527fc8ae25e7c586c4da0fe2ff6f6fa086fc00316c790a8
4100	98	e8d273982b33b17e1f23e23b646cee6dc4c122bafd3e1cfd7347f1680c9128b0
4101	77	c124be69a2f640d8f29e7b5d6bc6f6aa960f5d9f7314a082daa4b65e048021d1
4102	1	01ba4719c80b6fe911b091a7c05124b64eeece964e09c058ef8f9805daca546b
4103	13	7677fe1f1cd1ba2cfcc70a661eeb1ab8a9c2f4e2d12a9ef24d51986642c0179a
4104	25	065b9d975daccb379a564a28792b02e30f13527db81450bdfceed9a080dce258
4105	28	75ec3bc8d52c644acf3444f58ecd3a26232b9b9bc1ab01a2b62a802d9c8d5b8c
4106	32	055d6c58dadf46293330bb27ce09396af4fbd35ba10b7b3918bbb0e459ca04ce
4107	16	eb275b470cde77d029f1f2d3f24b667f6181dd1ebe13a4d7d7c0a552043a0240
4108	13	f429ccc1b61fbfeba45164c3e043b2a7ed337b82dbd864d1bbb9921a1e79cb2d
4109	96	c3af661e8a5a5e03c1ef1ff3e253e02d2aa1167e9c962fa9fd4107a5bc4f8090
4110	167	b3c19bc444fc014a8a10935fdadf89ef034783dba7ab91bd04dd54e01f816d36
4111	179	6728f2bc7bec5becc8ce9cdca191788836def8ca07e6c0819abbfaf4c335cf39
4112	204	ae05f5e865803bc828f58720f9db15dcaf07ec904e41b3f1ea18700e99bb3c40
4113	202	7d3abe34343a3f1f9461e6567afacf0d69fb1d916fa9250443109bd1928b7cef
4114	172	c9bdb217cb30ff18102bd333b153d88e099ab2d2da6893611f85610ccf17ec3e
4115	176	76116a75f29a832cec9629b3f52c4a0ad184afda09daed5304962defb63ec535
4116	142	60a7df5bdc85fc04b25865d1bff5d16d76d6da6c6b218d415de49e8f09db5774
4117	8	b42239b1bd82b85ed50c18abe6b8e9978755dac6fd8040924c8a880c52f065d2
4118	7	ad9e12546425576d3deae8c9b9dbf128d5d6ddaf5d7fe857934927deffa3b9dd
4119	4	27e5788d5d9d73d24a81dbc0a5a74bfa82c9c3b3af99e52af796e90b468a8a3d
4120	1	01ba4719c80b6fe911b091a7c05124b64eeece964e09c058ef8f9805daca546b
4121	40	ec33e9f60c10d9c134c2fba9e875f3ae681908830af5f1b74d83b32c4d929eca
4122	32	2bacb04a1ce3f8cc95734024f4a538b507e1f7f6c391f6f3725db623ed304edb
4123	83	b1cde8288c18614dad58e2e009279891dea81e96d76973af1f599bf0ef7864d9
4124	44	d9d8ba9f6593dfd2aeb9d31bc0c7c61cda529de3fa491e08f16411ac2f16e3f9
4125	67	fd6a91ee6417ca40dedae3ffa73ea32dd73d422bf713f6f4d573ecdc72f9c3c4
4126	71	ab3af1489abd88f0b6af2c0fb3e005f8271acd9b71c5b59bd9e82be0e9bf5925
4127	73	4d74b46b77cf52775643a22863e8bb97b4ff30651cdbe27f07bcd8a0223ead3b
4128	1	01ba4719c80b6fe911b091a7c05124b64eeece964e09c058ef8f9805daca546b
4129	36	0d04dc067fdbb7aad6faa54fe14c164bab88ac023bb0834567a8ff3acbb380ec
4130	14	deed0e63b9916407e8fabd341fec7403d73d7004e34f3ee1c53773a5f2260f98
4131	52	0dbc4f2981cfa6b4ccb2cd1c30c81969b898e012d8a87dfdb17316344667c355
4132	107	5a04a47e2b5188b86756314751af93a4fff27ec03abc28994e559619499745e6
4133	68	8ff936b71f4731903726374f81de686ac3f2a448d14474f84e1f2c1ad11d139d
4134	132	eb18a89205a8a81759f0d52f21a5effc44e415bb0f00f3f96b8c0ccbbbe38231
4135	19	6858506497926e3f00ea15b8f1dca4885ca6abe73cdad54d0862e30855323bcf
4136	6	4893f40e3781eb896c82d046a08067a11e35cdf2f1dfaf26fea90b8db6676413
4137	1	01ba4719c80b6fe911b091a7c05124b64eeece964e09c058ef8f9805daca546b
4138	75	4994de025ff1d5a3b175b3c6c1a0d9d146c69954407ab9c023fdb3dc7ce03e6e
4139	32	90f012f972251f2831b557a924e7f70a445dde93b15616ee6f6d12954fb06591
4140	26	cfb2bbc3998c9af6cc514a736c438fba426d8dc004761378c72cb1e89aa15429
4141	213	66c52ae3774dae05a771fe5a83b688913bea297cacd0bbbf065b4b24f4b5b36d
4142	102	b0d467232f11a814628bdc3c4bd80ec7a44ef5f702ae31492d4824c6bbd38937
4143	7	84e4208cd6ffb8c4a3547b2f54ada19978c3f365e78f9502ef5145cdd2aa8543
4144	19	debdb365bc0b579a77268a6a67b60e40c00af103780ec1e75623a14edf37ffaa
4145	5	42a2cb25a122b44221a6234ec660a7b5fb7f9bde7b3b9e2b3c559a0d96fac739
4146	1	01ba4719c80b6fe911b091a7c05124b64eeece964e09c058ef8f9805daca546b
4147	49	622850124afa44a7f3ecf45c1d918352c59ad58794882f796a3327416083c7a6
4148	32	2bacb04a1ce3f8cc95734024f4a538b507e1f7f6c391f6f3725db623ed304edb
4149	31	2a4b8f11d74bce0dc7f354b99f8250ed4edcd12f18044c44e42e9d9fcb644bef
4150	27	31ba54716c43f10aa8079b06893ef4e4cb09d439f1bfb11af582667ca9b5c80e
4151	41	d79d721b92defd433fde6e77c01aec5caf9856ec9e2d010fe0712bae1f9e72d7
4152	14	0c27cdf22b2fa2860303dc84bd16c08ba99ceb64296d88b8a561e993ccf85b1e
4153	90	a425e210652db946d6cb911ce3b2a818cdf715f42a511fe638720f728aaa7d69
4154	52	7a8835133439c2263664b72721cd6515bc3fd1371ffa923952c0db5992f0ee04
4155	71	c6fceb927b5d2b8679c513dc75858c067b7d4428e55e5f13cda03db6d200980d
4156	71	68678c2a00f65993b89de56e2d2fc69a050b38abb18d1fce42870f598114f4ac
4157	71	acac4f672a1d59511d88799fb96e2da6e6138aba4e8c4e1372eeab1c183e82c1
4158	22	c59127f139b664edb75d62108e1177a70e2e2314e8bf01d7701c20fc13f63f48
4159	88	fa2a881c6989d5ed52eb8117928ac04d149713d3bef5afe8a91650c8845a3b92
4160	14	0c27cdf22b2fa2860303dc84bd16c08ba99ceb64296d88b8a561e993ccf85b1e
4161	60	80922c93c5addb7d8a9b460936df957006f36cf9fc95f0fdd82807bf09badeea
4162	65	6a0f05d25fe8ad1dc67643a03fb71832e17e85b67733c51e787e084faab02932
4163	95	bf07bda89fdc4c8b88feecbdc68cdf0a74913a1889ba16b11387734521fef128
4164	106	afdfc75e012995d258b7de554a688aa12a34c5a5a2d4cf16b304337e6bc10399
4165	100	89781ccfc4e72047a781383d7a07508e42397767a98bbe2af97fcd5d1a99d5ea
4166	15	fff367a53acaa241d044e7720a48f0a7b35593fe6dca992faa5ef56c84bcb0de
4167	248	72bf237bbac23a28c6e825064b6024e6bba08a9483b3fcc607a969b8ac723d50
4168	20	a11ee7a3a23c0d3be1597eb8bc6847a6acde91a367e33a674941ec3adbb10447
4169	46	454d7cdf81b60b261978e6722700476dcb9936412fd9a13a94e371e0bae0c822
4170	69	dfb10651ee4553b6b5ce3d241ce645009b3245472393d7fff6fb875e9860a959
4171	5	42a2cb25a122b44221a6234ec660a7b5fb7f9bde7b3b9e2b3c559a0d96fac739
4172	1	01ba4719c80b6fe911b091a7c05124b64eeece964e09c058ef8f9805daca546b
4173	34	006adbf2f3e97583b96276f0483285c8025f77429f0671bb69fd16fcfe720d35
4174	70	25a5cac2c33226fded7f2da88fc0519b4d7cfcf99c09c6fc34023e09b7c53637
4175	52	10fb684d13e763b43e5663061ac25c785b1d784e3560995f83976f01ba6426cc
4176	56	728148de9f9d1dc06ac3e81300f7d74e44ab38cc68b1f713ad81a54ec7975e87
4177	53	78ea4cd3b2d7c16352e90b496e23adde70096aff65b13d2ae837d9a6504e753d
4178	85	08a3ad3a98a24ae5eb1667f0478d0239927649963ab830887d1d697ac7c38c71
4179	25	b2ca2aca8a67f2a3554dd7573939174d07415df81a331b48414f659ece3bd2e4
4180	43	682fa63072316e387b45f687ccefba8a776a20dd9dc42dddb4647ebd59ae5a67
4181	91	da75fdb3fc5db831ff16c67a6640db43bac8a93c41e5049c64e3535305d2b195
4182	41	ba69ef901050f81ef2183984f661608615ffd04f7802b532fd7b5ae3c27f003c
4183	8	22d11caf43e97ef369e6beed1a268bd05838f29b9dd254bf69ba64884147234a
4184	30	268368338a9ce5a78092dded0c126178eea9c3e84a6170216f7f25194bf931e0
4185	4	27e5788d5d9d73d24a81dbc0a5a74bfa82c9c3b3af99e52af796e90b468a8a3d
4186	1	01ba4719c80b6fe911b091a7c05124b64eeece964e09c058ef8f9805daca546b
4187	33	8ab578782d5ac53ab9d592f24e065a0ee624e740e06a3854350d47de18ab0aae
4188	43	d3ce70ebd771e121df6221d433cc89a772453a683b09d1babe64f6ab8b9567cf
4189	76	3a1235eb002e47a5caa7c58d6b9663453681676f59e4cbe1d8a7b2f6efddd43b
4190	76	ea9e5c36604b893cf571856f6c8c1d81c77f613c223b77f4d44c1cf091f4d827
4191	16	02b405ba1a4dd22cbd7790c07372e427a8a39492bfe74220d81aba219d716f4c
4192	8	9b62f60d8590a579cf46f8d67378c4c572b962ceccdb90c7a5f7b42b960782a4
4193	49	a1e9c1bb7b51e61ca48d1892b443e1935efb102b6d2931e465d8406bead9a9bf
4194	33	51a5c3ca38c621beab34567ccd54a35b8a778ad7ced0db1f7712ebf807ec108b
4195	143	35457665da9e1425cec4aedfde8220eec40c824919117e588a334be9597e4ab4
4196	75	e32009d29687a42121dbb1e0ebc8d79c45d81aa604ddca81621b8a61deb660a8
4197	113	f7304f26c5cb262722fb23929b9b5f548fd96379a034393afa1a2206c4ee7793
4198	95	793fe1532f9463d98bd898ab938eae1e1f97cd9e15a218ca41d2a2299361568d
4199	11	1e673abd457a97eea17a60062eb0faea6bdf094868cc6b8f8c0ebda2f61ed42f
4200	98	8af11469dae7824e31f5cf1a07fea0bf456ed4ede288f71b28abacde492b6a21
4201	10	717af1101c97b7c2f52540782e634cc4440f0e970341e52f9752311d78b7d7d0
4202	8	22d11caf43e97ef369e6beed1a268bd05838f29b9dd254bf69ba64884147234a
4203	4	27e5788d5d9d73d24a81dbc0a5a74bfa82c9c3b3af99e52af796e90b468a8a3d
4204	1	01ba4719c80b6fe911b091a7c05124b64eeece964e09c058ef8f9805daca546b
4205	51	3c29fb5f9f9e5f5eccce932916f4325b8b286fc17dd777453a618f2579c545f3
4206	29	c5bd3271845b6433c477eafe08adfa8a8763f960a32612aec09abd4f5809cfd3
4207	37	a7768917fe670693757c7c2c2510b65ed342ee6527e2f65650f29352b52c936b
4208	47	1f1fab04b99647030cf8ac6d82e783bc73a7f215ec20b72dcade0af0688c59d7
4209	49	b097486bd4966bb6a985e9ee89d5050533936ed1d0e5afa0316040667d52c857
4210	85	3d09798fe2d33fca6cd468082dd1d5944db7792d96f8ddef515eef9eeea9abbc
4211	14	1792f847bb21cb292dd09f7fa6e7cac4a8c14d97d389633b3d1520ea14b5b1dc
4212	6	4893f40e3781eb896c82d046a08067a11e35cdf2f1dfaf26fea90b8db6676413
4213	27	5c719175197c1676fbffec42c2c4767d4f4a00f05d1bf9fe4370f7c73f57de24
4214	148	25239cc9a9a9d3b8bab8e33bafc65d26e427c2b63965cd9fd7cf89b9c2bf8967
4215	132	3bda5f2b261c04d9d8f1794a222c8af213881a884cf4b8be30db989eda9f1b4b
4216	14	1792f847bb21cb292dd09f7fa6e7cac4a8c14d97d389633b3d1520ea14b5b1dc
4217	6	4893f40e3781eb896c82d046a08067a11e35cdf2f1dfaf26fea90b8db6676413
4218	121	6a4c3faa0cb1fe4ae3e4194880b217d1f8ddd84987970d5c8bf4087c4a097d2a
4219	33	fd8bc92bc1e32958991abb3bcf78e4986daab5e094ec80a25afd6190c34d68fb
4220	28	3504e04eb9b58191b1783aaa62641da54b1563ce4e146f1a1fa0dc46e4d61a3a
4221	50	a269ec07a7741e67d14d763ae5ea61eb17b89a2a1e74cf59e3409f011beb6973
4222	9	0ed70545cdb9032b5b24359a1555d108242e3a41aa4190be0a6e77137cc8335b
4223	45	4c5ae28225d3b5978c5bb70bd9c37558d32154729836f5b242a23df9333e8b2b
4224	31	ed03c48ee9058806cb6c4eaf856ef0b00359bd177446b0738c0255c3e76b2d04
4225	56	edbfa2754cd2bdb3036c944e5841b1aafc5627caddfde2723f8a4d197ab2eeac
4226	27	130b58cdea2f40cfd4cc4be132b76fd6a66fe29abcafb5256f338a6dad11b5fd
4227	53	15c91f3b218387df169ad9458ba9fb09999b7c6ac3028c73d2cc28573f7340dd
4228	33	97e5d27378b4a449ac1d7d9ad58e73dd0eb997b8cde22aa5374f8e2bfcd3a290
4229	19	500385ddfe19e67fbd9e64eab8c586e08a18e2fa9f7f9358bfa361ee58ce4e08
4230	33	8ac2c68da3ebed362fdbc6e679c58013f208fba669bc83ac25a958d67a4c09ac
4231	27	f1e37f9cd64372da7df090f7e497be5d32152074b284e066cb9f9e098e1f8fbd
4232	28	093d81272a1250e3786745f9ad2b866175e99052cf6294b1ed7ea2050cc56365
4233	35	8d9f4517e0877d7050b2c22a05ed98186b72f5d7c1f73dff2790cc050db11eb3
4234	41	8ad1c8de65b22dd03b662756dc9aba5fb70ec5d84cb8a3f3fcd65bf39c56793e
4235	33	ae46cf51e1aaa25dfffdf1df182fa1da4c047430e4fa8573206a872d959b92ff
4236	31	44c08900a3c4c6dfb9bd505d287835a8cd405f3f517825b9968659fa54c75ec5
4237	12	59c135906656323d1c5ea41654ee66afb585acdcfaeaca121d5e30bf193eedd7
4238	8	9b62f60d8590a579cf46f8d67378c4c572b962ceccdb90c7a5f7b42b960782a4
4239	15	f37628002a522c781eeb6a2288a73136829fe8001cc542eb7a933006aaa87330
4240	11	783e98e51f7ac6e3f49f4d48f7ad44c9f9f2164e0eb32f099dc6b58e40330641
4241	40	013054dfa99a7ecb911514c1bb856ce0fef922b91063295f78c1dc916b60ba4d
4242	36	2d3349e935fa0580341a34af3d859a98dd1dd6003907475d4b9905b049aa830d
4243	41	a9c85db877a42842cb8bc6291408d1521522b19186c5218224c0dc8d7770210a
4244	82	5ed09f69634b046b6c3e89d221ed32af764eb91502ad1c2fe636cd362e00ce11
4245	39	6ce3d272eb50f0459dc67df6a940bb0489006643e9382af10ea68a0035e5aa9e
4246	53	7ca05d24110bf6e31be8858ff4ecc703a5a5784d1e3b7cc6a63eb926664a2c24
4247	90	3a5edc3539de5679928ec70bf41e3f1524bb4d69965a1b1151abc4bea350270c
4248	237	0a5d11525d3c3d5d35afb370818c970013be1f1562ea4129265b0f409a55c528
4249	28	5844212e7a30e0890ad662f384b6243cdfa626fa217d13423e924d782caa4507
4250	99	035778e4eca3bd3450ae17fbc67442cce7ef4bd6442a42065a29dfd8d13c3bce
4251	99	4220eb8305b7fcd6be2411ea70da14ea54249123ea865b4912e9a0771458aae3
4252	82	5ed09f69634b046b6c3e89d221ed32af764eb91502ad1c2fe636cd362e00ce11
4253	39	6ce3d272eb50f0459dc67df6a940bb0489006643e9382af10ea68a0035e5aa9e
4254	54	ab8be00fa96a4d80ff43e88b0562714abcf081e41b5edf084227a9c036447152
4255	184	e796bfa1fe128191ddc006fb51c8ddcf42167c0730b5da5392036455fbb5e6f7
4256	36	36891c8eec79931ae22fd3c09d3e586864c422c0b0468a081bb1ce54b0a5def8
4257	8	9b62f60d8590a579cf46f8d67378c4c572b962ceccdb90c7a5f7b42b960782a4
4258	19	06eef97494ad7ba17d897bdbe7adc1e3b3229dc270d2c4ac84965bd1a0f9bb5f
4259	56	83cff1990b7ea0c439c4e8c3d937cc552a07f7b10fd06e9f5ef68f805d7db279
4260	178	ea92519cc5fd46f6479e44014bae5cccb3847f172b9198fa60cffecb9b48bd6f
4261	66	99286d7a110883b456176709251af5a1fc02fbdaa941b24e7c49f57538d2bbcc
4262	6	4893f40e3781eb896c82d046a08067a11e35cdf2f1dfaf26fea90b8db6676413
4263	5	42a2cb25a122b44221a6234ec660a7b5fb7f9bde7b3b9e2b3c559a0d96fac739
4264	1	01ba4719c80b6fe911b091a7c05124b64eeece964e09c058ef8f9805daca546b
4265	40	a797821fd7ce0c282ce4580deaa0159045cdce3c4b7cf14e06c9216f6e6faa20
4266	39	4168a2a583210215b168abe64ce84c65c940891d6402f03ddbe87bdc7de837c8
4267	47	1f1fab04b99647030cf8ac6d82e783bc73a7f215ec20b72dcade0af0688c59d7
4268	39	685ee22be4faf79e6c06d5a641b7f013f2555727563f9fb4e918d0ce2d946eb9
4269	54	56d4f3fe396297671ecedddcc1701566d8d8ed6e8931b037c09cdc7a8b759a3f
4270	25	5d1f4a5f2b97b4db01bec5606bf1b934de849dd5d0915e32259cf595396c14bd
4271	33	fd8bc92bc1e32958991abb3bcf78e4986daab5e094ec80a25afd6190c34d68fb
4272	28	3504e04eb9b58191b1783aaa62641da54b1563ce4e146f1a1fa0dc46e4d61a3a
4273	37	a7768917fe670693757c7c2c2510b65ed342ee6527e2f65650f29352b52c936b
4274	29	c5bd3271845b6433c477eafe08adfa8a8763f960a32612aec09abd4f5809cfd3
4275	56	00cca1f3789240a934e8fbd4cc127cb84a87c36cba26a6f71a6d1dc4687fdf31
4276	36	2039c9be1b5bfcd495287c38b0083a0a5c8f2d8a649de24b5eafb6daa7f87d0b
4277	146	84990be09614e331f1d7ce7241d9ed1e7ee96bbd56800cd5e6feefbe0084cee1
4278	68	6759f21e061861f607dbdbcaf639bde797c76bec7db7bc94251d42dfb5f887da
4279	5	42a2cb25a122b44221a6234ec660a7b5fb7f9bde7b3b9e2b3c559a0d96fac739
4280	1	01ba4719c80b6fe911b091a7c05124b64eeece964e09c058ef8f9805daca546b
4281	25	16f3eeaa8942328c991fa69799270ecdfb847eff5e3b23be2a506483adffa255
4282	33	2fae59dafb6ced258ea671119f2f8a7c6ffe1be30f5c58a0a5a3c032320b346b
4283	32	4ad4cc2ca3e2aaad90ba37feca45991637f59e2b5e1797a60cf6c316fdf5d128
4284	21	fa89984605bb37e1ba261af00738924221ff6546d88e9bdceb3822068bc72cc0
4285	67	67340e3b8f226f947d287f4afca077f1f5f7047b78d554bf335054c8797cb819
4286	7	ad9e12546425576d3deae8c9b9dbf128d5d6ddaf5d7fe857934927deffa3b9dd
4287	4	27e5788d5d9d73d24a81dbc0a5a74bfa82c9c3b3af99e52af796e90b468a8a3d
4288	1	01ba4719c80b6fe911b091a7c05124b64eeece964e09c058ef8f9805daca546b
4289	90	51fe13d87864b40b1e2ffddb17b6ba6c2f8f78f64abacc4b6caf4580cae4947e
4290	35	4dd58e57394d2042455dbf8418bc398637b417299767e2282bddf8107c7b41f3
4291	33	6cc6b39ecc4999cf1c8e07008c1f95908948e87fa07c1e117acb078b01fe727e
4292	45	4e0997e2791b313b8c64da756770b5c4dfbaa68a54c7b990b0976e52ee581578
4293	59	962b433686d04dd3e500f0a3ea2eac04c743a7e94788fa9aa186c3c8adce1bb7
4294	44	b12e4c6748aad2a58c5020e313cf5468858af03a807ed7d55891c5d199cf16f3
4295	51	dce05e0505ebf3e73367634739c653365e35ee420e127dbb529c9cea4907f9c9
4296	29	a96c8d5fd3a79db4cb1e23adc26c80248de3c775e83b1a1f2d968b9e1fe8e90b
4297	20	225dc026a78116ffd09316a9d7e4556dd393a0743fc440eeb95a273f84a040f1
4298	9	fe33dc731e7d07b1f0c05cfebd7e1922023e6077bc0ae7ba30148f50833a25a9
4299	11	ca630c6e2aecc7690bc1ee1ee131cf9e1b13e92caf11c9dae2620692c855ea04
4300	38	cb588c85df37d8c2fbaa3bcddbc6dd7b91a29468176142b6d042fa02b27f4725
4301	45	fcb0ea036ee21c82b31b7f209fdaee0489779245b7db71abee6e5a560c77702d
4302	29	a96c8d5fd3a79db4cb1e23adc26c80248de3c775e83b1a1f2d968b9e1fe8e90b
4303	20	225dc026a78116ffd09316a9d7e4556dd393a0743fc440eeb95a273f84a040f1
4304	9	fe33dc731e7d07b1f0c05cfebd7e1922023e6077bc0ae7ba30148f50833a25a9
4305	6	4893f40e3781eb896c82d046a08067a11e35cdf2f1dfaf26fea90b8db6676413
4306	6	3a3e46f94276b6f6f4ed1f02af78bef6a2ee1c439dd5584b973948313214d2b7
4307	1	01ba4719c80b6fe911b091a7c05124b64eeece964e09c058ef8f9805daca546b
4308	56	c7c9a8970ddbafdfda566c24f74a7c548c5c9d928f86053ded5bc700c4811b66
4309	57	69e44f85676cd144f2647f6f67242d7449091fccc3892ed4ea1d41a70c613ad8
4310	1	01ba4719c80b6fe911b091a7c05124b64eeece964e09c058ef8f9805daca546b
4311	30	17a385233d853dc154e381f97972d62861db95817b6e65951ccbeef9d27fef34
4312	27	4f9bc3160523167e5bc09ecfc686c0d3709bdb645a3991039592f0e44d119a2b
4313	26	8c58904a616384aa7b617472b95bfbde8cd517c2a2e8e1d9ccebe2c63d2e9b82
4314	25	021146498003d895169702a9c122590eb7822e05d609753431154171b6b8adcb
4315	44	f1ae28eecdde35d1f566f3663c1a455e420d21e17b7f5e7303f8c68a2d2b9a6c
4316	15	971b5f88ef016d30c6da24aadc875db378d5816eb2451f7143021adcd6d7e874
4317	48	8a9ecf0700398fed4ed0a2ecc10beca0d7e248eaf092350a8d97d3c18154e61c
4318	33	71f22285902cb465a55f26b256142c570a270085e30bff1cf5ecc2b249e63bc5
4319	34	1a4b18cadf3ba58db66914031bc5c1f6d0e2141c07cc8fa3b92ce4f0f6790426
4320	34	73aea26db75f9aa5eaccd0d9340fe5fe911378054f26cd82731f988bf1b9bd15
4321	10	e6b04491469722e8363a94e4044538e013a2a217e36b1e568ba60acb7b4c8f2e
4322	10	717af1101c97b7c2f52540782e634cc4440f0e970341e52f9752311d78b7d7d0
4323	6	4893f40e3781eb896c82d046a08067a11e35cdf2f1dfaf26fea90b8db6676413
4324	4	27e5788d5d9d73d24a81dbc0a5a74bfa82c9c3b3af99e52af796e90b468a8a3d
4325	1	01ba4719c80b6fe911b091a7c05124b64eeece964e09c058ef8f9805daca546b
4326	39	88e1e175e47813d64352a7cde17a37967b8155af871333570e9f98add5dcbc9b
4327	79	198c42d13482a1f79c55740ab91e83171cb9168d2f713fba225ad6fba034cfa2
4328	9	8f504acd84d4d4f5c4d953d496121728bbb054b5f1b6d1cf7744c5923ae1d83b
4329	23	ed9dd3b65ae51c9a50dba2455b70de193747379a902036493111c862cb7efc54
4330	4	27e5788d5d9d73d24a81dbc0a5a74bfa82c9c3b3af99e52af796e90b468a8a3d
4331	6	49fac5a3039bbad287ac815d533cf3abd4b4217920cbe2c93bb34a6e30003142
4332	10	2f358f0371a6e732c4340332235199dcd91ebc46239a5ddcfe6f9a63e6ebecfe
4333	43	ce88c037687c798f06c17cba237a6f9dc8f9a1575ca45f4d316931ab8c0fa1f3
4334	165131	5003d8851b04e7123ababde98efa0681f099a40fa6f4dca530097cf0031ee218
4335	100	9f85b3ba49b078f045a59099ba84e5438a6d78390cae2cb218c9de3a9778ad9d
4336	1	01ba4719c80b6fe911b091a7c05124b64eeece964e09c058ef8f9805daca546b
4337	13	ac9daf2767693c3d2748dab96d89501cb65d667d71688bc3ef207991d1bd3d10
4338	16	6e3b132b5b9446aefe51a0dc1b5c5e9209c763260d2fe4c010cef6d82481753d
4339	1	01ba4719c80b6fe911b091a7c05124b64eeece964e09c058ef8f9805daca546b
4340	18	464afabbab66a08fa615a6f5d17b22d04356952a4216ea6388cc40b8db59deb1
4341	17	5af41602495ea6042de632643fafc042cc6306f241bf5f092ab32582fa2c1b95
4342	25	2f1ab2e5d7205fe771ec0e8bdc7b75a66dc70619a38f9bb81efc3169d072e119
4343	18	e3675f837f8591eb1c10490ab0b66f4daed4c614f320935815682b4a1880bf0f
4344	20	f0e8a98cbf197ed1997f6ed953a2be1dfa02f5415d58fc39fdb750a8e9770636
4345	17	b01b5174b90652162d64cef12842d7d9344ff5f81d6f22655c53e5f5a1b03bb0
4346	17	23b7f89084ac973bb3eef528b08448a24967458224f19b178e84b828a2ba8a35
4347	16	4121a8adae9f2186473bf2e4201a9c2d71b798a4fe0bac9ad128ec9ff8d0713b
4348	19	c41aeb88cc883f9bf43b407a3c2887820fe30839994aad5034dab25206da420b
4349	19	f8155709392876f8f577f63ac40e9aa5a18c5eee1061bfd3fa35bd243420991c
4350	17	dad312f5b49eaccf4f913336895ea9416fad009974b6e3f2953790d2075b682f
4351	19	54dd13557508d276f9d382ac569be49b743cefe73cd64e550da69f7e761d261c
4352	17	962c86092e2969956a85a8abade8e8c28b091721d1ab4fbbad1b4a278e22a972
4353	20	b55e52d8699edf75fb2e979e61f0ad6d99e7b243f00fe5ad2ec3cfa229ef7f80
4354	5	42a2cb25a122b44221a6234ec660a7b5fb7f9bde7b3b9e2b3c559a0d96fac739
4355	1	01ba4719c80b6fe911b091a7c05124b64eeece964e09c058ef8f9805daca546b
4356	23	b7580a9faeefe6726b315f1ce0230dcb29c27dd63dac23e881a34dc5959e4887
4357	59	7a27ce2fea67288948109a0f17c45d2f29cf5c5bad2dd9a06ab2f0a1cc822870
4358	54	e1c0041166b6f8d19b1f5ea3ea51e7cadd9f3c2b919741cd462bea4e1f2d93bc
4359	90	cd3c1f3ebcfe729363d19a76091fe7421a8d7005cdd0f7ef3531b7d230662ff1
4360	74	e78cfb1cf8d404d62c24c9c77a2cef9d8ab493c60a89aaa123deb48457f7bc77
4361	5	42a2cb25a122b44221a6234ec660a7b5fb7f9bde7b3b9e2b3c559a0d96fac739
4362	1	01ba4719c80b6fe911b091a7c05124b64eeece964e09c058ef8f9805daca546b
4363	47	9e5c994397b0ee0d4313ce842574f92a9e9e00ed440c30561bc7bca5b95a9728
4364	38	ea0172f4190bc41a92e439572ac1094994cbff6f318834cec43a85688c29d054
4365	34	233b9cc4c159004aa008bc0f5f58c09f1940c0db072ae3df2fa648eac56168e3
4366	34	f6de9d26be42e72771361b73483170add5a1e1f3ac04d35d255eaf302e339344
4367	54	d76685670e2ffc81518048bad62154bb617220888a8a2b167f70b432f2b61235
4368	76	82298d58f40146379f15d9e7e3805492e8401ff2290b889c34ac4873ebfbc23f
4369	1	01ba4719c80b6fe911b091a7c05124b64eeece964e09c058ef8f9805daca546b
4370	21	fd14cd048cf882aed096c7b6bf3db193e877015e0b61c25e522031d0cc4bc1cf
4371	43	104cdd0e1d7964f693c7cddda41e748f50cb2ab2613d21468e974e8f2f9ad9eb
4372	4	27e5788d5d9d73d24a81dbc0a5a74bfa82c9c3b3af99e52af796e90b468a8a3d
4373	1	01ba4719c80b6fe911b091a7c05124b64eeece964e09c058ef8f9805daca546b
4374	30	c5715f79ac540a24e4101521701dc40022117f2d8e76e64469f62cf13662bc01
4375	33	57b16c31bc4846ba254cb649e78e2b6b7a7eba391ef2888e66b8fca34678360d
4376	70	47cee0752e4f59d8a09928eb76d4505baf2dec30a6f9b7d5d920fd5b1996d3d2
4377	4	27e5788d5d9d73d24a81dbc0a5a74bfa82c9c3b3af99e52af796e90b468a8a3d
4378	1	01ba4719c80b6fe911b091a7c05124b64eeece964e09c058ef8f9805daca546b
4379	29	3df6152f2799e890da3afad745a0c44274946e281344de24ed3b9fb1ff3ab790
4380	48	af6415275f9147b7285fa6c660f5489f0947a4926d63fdb873008494c1329188
4381	4	27e5788d5d9d73d24a81dbc0a5a74bfa82c9c3b3af99e52af796e90b468a8a3d
4382	1	01ba4719c80b6fe911b091a7c05124b64eeece964e09c058ef8f9805daca546b
4383	31	1ce8eef1af0a148862cfbb8addd874a93a2f06162143657c63e29774d92f0028
4384	13	0a65605e40f5b8949c49df52a7ac4f5f6a0941d9d165da1b41263fb4e71cf117
4385	27	4c6f78c94f86ebe0ee661b99a6c1c96cb1842b6080331ca11bddc0133c2a64af
4386	56	f2ea816fe46ec7987993aba22fb4e89331ad90cdfe65ad040034cf79d40fbcec
4387	15	342c0efd715f8646d884b030789f9325503aaa7a28b3baa79dfffd5ae26df5b4
4388	38	e84aa3cb223ffff6edf4a02491019d5966784cf64fe4f6a3ced147d4a5b8ee5b
4389	6	4893f40e3781eb896c82d046a08067a11e35cdf2f1dfaf26fea90b8db6676413
4390	14	49cd2389d9f424fa384dfc5b9bf32e1c67d367ef0af9feb5af433adff2697bed
4391	4	27e5788d5d9d73d24a81dbc0a5a74bfa82c9c3b3af99e52af796e90b468a8a3d
4392	1	01ba4719c80b6fe911b091a7c05124b64eeece964e09c058ef8f9805daca546b
4393	33	50bf20b502b768ebe68f30b426b8d3d7cf3a6abefe590079cbec280557c0a42c
4394	46	a446b96c41806298a89cd01a319bac4b8732c5fa38b28ef3a70b3e1ae43b9804
4395	27	e8b9daea4b55f5ba193ffdc97173ed026013cef7cb2c25db0c0a84a9f7419cfa
4396	58	ad616f7e0ba1c46aeb6d64c98c4b2b004f4a6788a224dc7ad920124d852dfa9c
4397	15	de7214b1c12e474d58d6867a7a799295820b1b1c225e703ae368ffcdd00a457f
4398	38	e84aa3cb223ffff6edf4a02491019d5966784cf64fe4f6a3ced147d4a5b8ee5b
4399	6	4893f40e3781eb896c82d046a08067a11e35cdf2f1dfaf26fea90b8db6676413
4400	14	70adb7c2c6def379811719e984d09ce976fb9fed666e3a292ddf003bd2bdc99e
4401	4	27e5788d5d9d73d24a81dbc0a5a74bfa82c9c3b3af99e52af796e90b468a8a3d
4402	1	01ba4719c80b6fe911b091a7c05124b64eeece964e09c058ef8f9805daca546b
4403	23	8bda8af3ae4cd77e0bb8c88d011375bd654d4371db677362e275ee6a224d7e1f
4404	26	73f0f6c51a5d427e143b32dde166a8a52d552adf7cc874d472f5b61a8e57a26b
4405	46	0ec1128d76ab8fdb05147b025c21ffdf744803322e1f99f1e8633295e49d7ed0
4406	34	57eb10cab4200f5d4115908620ef81fa370403a607070c7e9b898a5903782811
4407	48	d680ef5d32c803ba562797f20a67cee302c4786a508d9ac1b82982b5fcc32981
4408	34	b72621043d590ba1802cb4e40f56856387a288c5fc24d9aa921bca2042dc13d5
4409	29	ef273a51fc6c6ac6dc78f21bd3bcaeb9205e9bdff0bc4780dc82a96d1805d4df
4410	45	8bf8c65fd801bc712c0ffe93ed8a5d73cf3aa958006773c2e28f688ad3716bff
4411	31	be05d31428944e4228a9bc8eff3c23474adf31b51d69cc05223e7f696761c30d
4412	31	580e153ded27aa7a0453f8a37c9a740303e6ff51be78ef87b445ef1b35ff71ad
4413	20	02c8f2375b3b5f4cd02c547876675d03307889bacac78f1d14ecf274b1bb78b4
4414	52	8c02580cd76527f7648dda1ef6b9a015896f3d72f53f5268e91fde74b874e23d
4415	4	27e5788d5d9d73d24a81dbc0a5a74bfa82c9c3b3af99e52af796e90b468a8a3d
4416	1	01ba4719c80b6fe911b091a7c05124b64eeece964e09c058ef8f9805daca546b
4417	30	40104784c0844e8b4b42143fb09f522c325d983c5e2ec77594e58651f7c277b8
4418	19	666c8925b02f5f471188e78d1f2361707bc7dd6644dedec600536538ef369546
4419	15	723bd880e147f7173a5f95021fdf0063a3aac8797219b02d3c9efbc1ba041df4
4420	1	01ba4719c80b6fe911b091a7c05124b64eeece964e09c058ef8f9805daca546b
4421	85	104c80e55739accdf9215bc5f317b6e1673427637e84659ae189b794a900d90b
4422	77	689cd8ba2662ef465b963dd5ef2d15bdeb1601bf0b911c19b92c3cd1763cefa4
4423	49	ba3ec1c3d4df79ea386b2069b01a31ee6640843f999fb875eac626c6395865bc
4424	34	ea9db0222b6d68416697c6a76046a225f51d304f8e2f0c4e2f163f7d9393e533
4425	32	a88ce3f289ba5582ea9bd8b0f2de2f8787124f57d8b16a5a2962ecb216a4b2b3
4426	57	0581c322e02bc8915f86fd17361c20f5dfa976ba9de11e7234e6bc158208e1d0
4427	11	ca630c6e2aecc7690bc1ee1ee131cf9e1b13e92caf11c9dae2620692c855ea04
4428	31	6813df9c73b3752eac0565d4d075b18c98f454d255aa23defd1ee27984da1c6f
4429	22	4e87573895d4bb27aa9e72f100b1044827268d5e7c4a2fc17f51814487a8700a
4430	25	a17f8991d1d52071cf8a6ac5bd5af0a2b35dd44eddf7a603f978b797ff73e8ae
4431	55	d6dd1002f512c299725713f922dbaf4746c896d3d82d1c56932ce07e61307f87
4432	36	638a0766dc3f3c3738620e8f31514836a6601aa9b94b1a92a97cac72bbc8263c
4433	30	312b2aaedfe33d66c43ceb1d7257157c80bfc64f3be87e6f34f964f589756e62
4434	55	5ad53c6e05ab66943a40663d48486dbb06c31a685587393d95865425aff2e446
4435	13	10fbec23f1bd30b63400be0b293db15b3d64e4d1df3e8ac16cbe9d33d7cef9f6
4436	39	eac4d6380d4958422792b40bb73debb3ce8399729d3753b69e811871799eaab5
4437	26	654a0e907e05765ace8ce32236b44dc9d6e1fba9b52b2e5c1f8d379fec8c256b
4438	55	d6dd1002f512c299725713f922dbaf4746c896d3d82d1c56932ce07e61307f87
4439	39	4516a93b4f218ff705589a0c4ee4de344709547899a49f414a6aa9005e55874d
4440	32	22ecf85de0f35c3dcdedced8e610adc07e009ba07502ff09e7c7ab5beb93585b
4441	46	222f49ebfdc3568ff2cffc6f37f4715f5d0dcf78aced37c34890e8165e060df0
4442	8	9b62f60d8590a579cf46f8d67378c4c572b962ceccdb90c7a5f7b42b960782a4
4443	6	4893f40e3781eb896c82d046a08067a11e35cdf2f1dfaf26fea90b8db6676413
4444	1	01ba4719c80b6fe911b091a7c05124b64eeece964e09c058ef8f9805daca546b
4445	31	be05d31428944e4228a9bc8eff3c23474adf31b51d69cc05223e7f696761c30d
4446	31	580e153ded27aa7a0453f8a37c9a740303e6ff51be78ef87b445ef1b35ff71ad
4447	57	8aea1468b19e4e97be29c011b7888d2a6be5f95d36c072f9f5db0b7591ee7060
4448	84	b9961add244c977bc9f81d5cc1678d617e8620829f60ea6cbc499c8fa53eba4c
4449	84	0e48528a0d0ab6ef20a807ba3a112334a941bc7b81e4b49fe6db15ae0aa2513b
4450	44	3c67828e791b5d768abb48c09eb383270cfb26c1074d10ce1735811eea37c65a
4451	1	01ba4719c80b6fe911b091a7c05124b64eeece964e09c058ef8f9805daca546b
4452	26	b0d8f7dbf58dd7f7334cc5e8e35623960d94f7ec1fcd2a2aa7f01ba7568a0ba6
4453	41	4e2ff47fb0281d24d786709fb80efa7732f81eac59abfe96e4166be5b9bc7541
4454	43	02845c5065a890f098315a0d8d8db051811625e32f9d783237dc9c33544a62fb
4455	17	d922ac49f46f7693bc3e9452fc5d0dad3d03f0b013f97796b117fedfeaba27fd
4456	48	1726b9051298c4f4ff82bd0a4855c2698df781f2ba6a6c457440110987c3069f
4457	48	fc4213a120f1640a8bca8c8a8f10808fdc11b121b4a6a9ecb4bb4f38f685ff06
4458	42	9d2f56725b326c1d438953cb31e464c24267fdc812c5af03e2db0ba73c317de0
4459	53	99c3cd09172d8d3057485fb353b0ba3a415b56b03b1905a1d8b0bb82bdfb14f7
4460	38	029c9c2add3ef0ca9f8a2f0a5d4ea2693c256c10ca6a1144ca4b7e54c24e4b9a
4461	1	01ba4719c80b6fe911b091a7c05124b64eeece964e09c058ef8f9805daca546b
4462	16	d64ca70b6b2c287d831155b4f9d2a5c89324190944d988ddfbd3623d3916baf2
4463	32	c7d45b35ca87f790b279fc8cdd7b6ce211114d8cc79898be0220434354627e67
4464	59	053a340cde30fcff19d83197ca7d695906e1257860cbc3183039bb0b01224afa
4465	61	7b9a8a6f251475f4f7af74b2d6c9c87e694194b58ddf11ce64cf993fba8dc8ad
4466	89	18acd1e36e2567812543115cd4bb42b5f9c332cd8394209ef1ba1dc25147b251
4467	13	10fbec23f1bd30b63400be0b293db15b3d64e4d1df3e8ac16cbe9d33d7cef9f6
4468	56	8ea7c63416aee5a34245060ca2934a6801ae88e8c203270c82a2feb0d42fc328
4469	8	9b62f60d8590a579cf46f8d67378c4c572b962ceccdb90c7a5f7b42b960782a4
4470	6	4893f40e3781eb896c82d046a08067a11e35cdf2f1dfaf26fea90b8db6676413
4471	40	4514b2ffbc6eddd20ba60759dc859398d7e3f2abc402306a1b7d988f3667cdc1
4472	4	27e5788d5d9d73d24a81dbc0a5a74bfa82c9c3b3af99e52af796e90b468a8a3d
4473	1	01ba4719c80b6fe911b091a7c05124b64eeece964e09c058ef8f9805daca546b
4474	25	5e4ffbc92dfbbb35f023a5e56bc9e94560d896007ce02d30b085ac10bc66ea66
4475	67	509d56d62d6755f74e8afa07e1ae149cbc780c6da38cc5bc32090afc23ef7c15
4476	48	c076e7841046ce4e3683cb442cde326abca0534da405d189d2ac14d1fd754bb4
4477	91	573087d604b8a000bafe3787866fea354f5c76f7c47c25757b99f77bd0c1abe9
4478	31	7eb68762011f58714665beaa4f51412ade2fcd3baa44cd067af9e395b8f5e920
4479	18	3013b62cb1a57d600c1e06875fc184ad80e3f57d63cd3548423cee6e99f9513f
4480	38	d750de9ef0b1d51e5086ccc036344871d21ad81bd4e2756a382bf78384581bb0
4481	11	783e98e51f7ac6e3f49f4d48f7ad44c9f9f2164e0eb32f099dc6b58e40330641
4482	35	e6fb6540e6dd447bd7155ad917dba5f252c19e8759e3401e6a737fff9dc8d0e7
4483	97	36c7aabfc53ee04ffa6771496fcb485cd380d0d829e431f93fd8c85687818129
4484	18	2fa1269146387b13e47373a05addd25060a4fb87af1e7d76ba1c16255fe4cb5d
4485	6	4893f40e3781eb896c82d046a08067a11e35cdf2f1dfaf26fea90b8db6676413
4486	53	3474fcf6cfdc45aecb307923361ead196b690181338fab4e7e841c07499996d9
4487	16	3562e75b16b588a5ad0605da306a0ea206dc86333e4db5726dd0b74652fff1d4
4488	4	27e5788d5d9d73d24a81dbc0a5a74bfa82c9c3b3af99e52af796e90b468a8a3d
4489	1	01ba4719c80b6fe911b091a7c05124b64eeece964e09c058ef8f9805daca546b
4490	32	698f11e62f8cb89e20d3a2bc5dadb492e94daa7fc9246eeb1ef2aee7ebd1ca00
4491	51	29a47196bca9b3bc413a334678a020c18224c95365aa68094a936cc1fef63960
4492	45	f4a5ec2b15f0466531bb45b639fb8fdab9b4b8e5c9c14479e05e86d6d068201a
4493	25	629149971cb4e4cb3da8e3af70f4cc15bdc305fd92a63fcbb71292cb93b10e2f
4494	4	27e5788d5d9d73d24a81dbc0a5a74bfa82c9c3b3af99e52af796e90b468a8a3d
4495	1	01ba4719c80b6fe911b091a7c05124b64eeece964e09c058ef8f9805daca546b
4496	37	61820829d6f6a87e265f3222963b9f95feb9ccd6eb1073da1902958aaa4f586f
4497	28	18c64bbf5d4bbf26429a0dcd40525f47e7a5d35a365a6d356e945dd7da3ee504
4498	104	66962aebb05174293c5680fb67ce3218d9eb54ec8c7c25587212ca6473e64f5c
4499	48	d8ca92c503bd53a414ceb99fb60e42bc3dfec9e35b5cc0155e97d5e460b10536
4500	30	e72843011fa73b8f9bbe487af8bb227ff8b05925c93f0200f31d9d806e00c7b9
4501	1	01ba4719c80b6fe911b091a7c05124b64eeece964e09c058ef8f9805daca546b
4502	24	2e6efd5fd2e7a3c13a070cc86946c37920572cd2a90590e043f414b8669773bb
4503	22	b0280d889cbd2effa2dad88e27266f656e916dcff060b44c75da5c78cca62dda
4504	21	753531cd06541e1f5e9f65565733b62d38b0c6c6881f2f5dd226e27e52d422be
4505	57	d94381641a1bdc9b718ef1f4766d1dc4adc1e3ab119a5240c49394f760731836
4506	52	6214df06fbde24e6460beb614494d292111b9f56dde4556f2655fab3220f89c8
4507	1	01ba4719c80b6fe911b091a7c05124b64eeece964e09c058ef8f9805daca546b
4508	16	6e30ad2e22eab4a7991cdecdcfae5b1abc41c4cd383352733d60856279029a18
4509	24	340343418cb5a2573cc9a1771811d817aac849841e2c62f0ee0faf815ae80816
4510	1	01ba4719c80b6fe911b091a7c05124b64eeece964e09c058ef8f9805daca546b
4511	27	de40f589574094cf6457753d9e0d0f6c2328999d0647770db335b0ed3b211e81
4512	38	94fe35480dd8f88b1d542a0944e2ba4de0bbeaf90f3798044e9cb5e477895bda
4513	37	c1df457fa76d52e950c1390608aef1a0cd926000aebd5712d4141922d533c404
4514	56	42e19a762f93fe46143dfe2f9f12b0e7cd65c15fd20bfbc85728a282083b14d9
4515	63	af4107df210654f1cc2dad4966e4bd63652c8d6a1d91253f6fb5ba40e02b1e3e
4516	63	5a786cc75d3137f23257d6a705bea5d8452fea478a6fc8c7397ded058842bf8d
4517	1	01ba4719c80b6fe911b091a7c05124b64eeece964e09c058ef8f9805daca546b
4518	18	a07946bdca5030ae78a657de1570347661e51bda5f345bab617eb3c21fa09bf5
4519	38	f4844c959258889f71176c3f899b3290e54a39c9f98b66bb8121568ae0ca43d8
4520	34	fb76d209c25b2a1d6515719c2d0cbdf80595144e7a4a4df0f9e4734762465de2
4521	32	e4c4d3c3d41e02d51b2982ff4107586899aa79e90e23fec4b22dccec6d15529f
4522	38	07332e542ce614f957c83145659ce5e6920e7198e837411c9351b9754f25a473
4523	34	c1b9f241d2278ca69ebfca856834cb06e221cc35326d6617fc71e01113e35e48
4524	36	150169c21398aa2d980fa1c2b9ad07e53bf0c9c91b0121347faa64663159bd89
4525	1	01ba4719c80b6fe911b091a7c05124b64eeece964e09c058ef8f9805daca546b
4526	32	b586cbd86b12ca75803ee44524f0166ec47c37a71e19cb3d0dbc3ebcca45fe15
4527	25	0bc9d86693878bdce828891a94e3a0c1626b06dde98a4ebe78e515aa3cab0140
4528	36	44ea19ab45e6ccb2be892f784943d6e854f28e789b56a943a8023e3349842790
4529	36	4aa64ff8fd9d3fddd773c6d2fff036122c6c2fe340e3e2541fcb582c3e15c3b5
4530	36	5911244e979e9da683abe5edd0facaea9e1f73be4dec2285da405f0af3beb478
4531	36	299ac4add3759c00f2fc4ae3847fc88d6d707236a36b6f64a02a2fe718e304e1
4532	25	2cf0618ddf594425fe471ad5bfc5dd3efbba45a474325da6a0734fc2ece58f82
4533	22	aec996bad5000dd9194732a5723589c2759f32c97fb34bfb0a8b37b873a6fa25
4534	43	0baceacaafa2b9039444b467f310d6ab1eb2e19322c4ad118836a6534676a387
4535	61	4ad24189562c7ad52066c02d16257584cf2b98437e69a26aff53b490fda5d272
4536	74	cf2d58097a99841fbf5cfc3741e257fcc67449026ba69e55ffdb95ffc560afa6
4537	90	d35f27b55b55b49aa858d655be637345a8b55d7272e25a87acdec2a7fa7852e7
4538	34	8110ff9dbac8e9a4f85619466b0eff680a6d0d9346c7ef3b903d8e20f4ee974d
4539	47	302000df117cfbd390f41ca2e430fbd33ddb905a3359c0ca2ddf12c26fa5410d
4540	61	e6e5c50ad4aa843b1500091ceba2621b22cce1a4faf3e357f6f6e14082628443
4541	37	f6a768639c8360b5f2c83031d4d89f6437430e6e94744ecff7e1bcee8eb6c702
4542	81	2566932ab5aeefd199bfc4160b297a0b5c4b11b799c7d80eaacf700e3736c67e
4543	80	f3708ba965c45ca2a2860f15a4be9024e5a218f051c5779a1a2918ac739df8a9
4544	58	bc8a8560776a715516c74091ecb0e754fffe33db2c90993ab838ebe2c9155068
4545	100	5df1dd3e9aa95f4e4d39affa506da8db982b6c61be48e5e9367870d93dc1997f
4546	10	e6b04491469722e8363a94e4044538e013a2a217e36b1e568ba60acb7b4c8f2e
4547	13	10fbec23f1bd30b63400be0b293db15b3d64e4d1df3e8ac16cbe9d33d7cef9f6
4548	78	0ad36b9014f80d285144ac687a496dfaf688af0e8f08b72fd51a3d5c1f64bada
4549	71	137ebd48ebfddc11bbcacfc23823c6b75ba388ac064122b651fabf7947b66e2d
4550	8	9b62f60d8590a579cf46f8d67378c4c572b962ceccdb90c7a5f7b42b960782a4
4551	1	01ba4719c80b6fe911b091a7c05124b64eeece964e09c058ef8f9805daca546b
4552	20	c4ae0336a38901ee5be1f93be483e1e46a3ade27fe404656250e3c8b4e098d6d
4553	51	3e621a386e511d2fef6ce939dca8e486f1b29c8e4f3f39c4e9e38c15a475b528
4554	76	6f99e312c6d9d858be44d56d5833b446d599be0f30eda243e306eefaeb70afa4
4555	8	9b62f60d8590a579cf46f8d67378c4c572b962ceccdb90c7a5f7b42b960782a4
4556	21	a0464d08bda7a181565499b6f0233d4037447631d86695c2308cf87d9e09d619
4557	1	01ba4719c80b6fe911b091a7c05124b64eeece964e09c058ef8f9805daca546b
4558	43	09d47eac1d9e8827644b96fdef1deb7bfe3ef574d6497343404a8e3d87b00d52
4559	91	a5cabe64ee1aec805dbeb0015382e94cfda20ebf4c0cf557430eeb58a526a4c9
4560	6	4893f40e3781eb896c82d046a08067a11e35cdf2f1dfaf26fea90b8db6676413
4561	1	01ba4719c80b6fe911b091a7c05124b64eeece964e09c058ef8f9805daca546b
4562	61	8e7f29ec19c2c7b769efb548ecf801896026e9768e3ec593076300b4ddf8aa6b
4563	58	a840cb2b868e431167abc581db1afc26fd7b35b697e4aa5e61f38729393a0a65
4564	84	dea9a75de25e4844ecc63e7199f94a1c9dca8fb7c1227e73b4a7ff2f7f137424
4565	28	278503ae8789fe4617138eac257ce90f62ec9599915a2d7deefca15c6e2e3798
4566	23	c6a6883e78b07e17685b6cc3b454b79d18afa19726b936f126491c9dfc2fdb4b
4567	42	3b9168ea7cb056b71ac1ece0a6b06d63eb2e45686f77b1cfb05c62595fe11766
4568	51	9483d915977cd5148f4c7be3db9c8732c4c3bc9da11a46371d2484808991ef4b
4569	35	f3691e1dda7c5d7ee83461cf4079d52279368409779328ed27934cd421357db3
4570	45	7571628ce8c8ec0387dedde2d10dd271fd4d290269192a7c7f0411ec41c3e5fd
4571	43	618a57914e4f4201b548d55ce5cf923f9d5d74f294c9c0a9a8418c6e6e52834a
4572	8	22d11caf43e97ef369e6beed1a268bd05838f29b9dd254bf69ba64884147234a
4573	1	01ba4719c80b6fe911b091a7c05124b64eeece964e09c058ef8f9805daca546b
4574	19	341fc2b8247984765bf8e479e1f157ad0b77f1856f5ba70b07de3f54923e8d5d
4575	36	4211ef9538a0f9cdfcf44dce5df5e8fceec8f528c2fa68b253d0bda862a5a4e2
4576	47	26fd5fdef88a35bf993bf1aa191c7cec8e8b902d34048038e875ae5f74de48a6
4577	135	bf8e3745b76ef475979b27ea1504d973003f34cd9b72d6709b4bf0c5a74138e1
4578	4	27e5788d5d9d73d24a81dbc0a5a74bfa82c9c3b3af99e52af796e90b468a8a3d
4579	1	01ba4719c80b6fe911b091a7c05124b64eeece964e09c058ef8f9805daca546b
4580	23	ddeb5cf2e877067b61bb4c7b6bb14b4f7c1b8be4a0161f2c518b13400e51da5e
4581	49	a0b7e7dd4a8f975b3a4ee11473344dbff9e38883bcc72d1beb7aaaf36848d705
4582	39	2b452a3b55f8fbf35abeb9e8a6195ad5cc47df4fc2cb45fe9b1e147624da6aae
4583	30	2b8ceca53dc185e74e449a472fa40ed705f9c1b3794d71d4c8158d221572c5f8
4584	1	01ba4719c80b6fe911b091a7c05124b64eeece964e09c058ef8f9805daca546b
4585	67	bb11c0e2aa79afcd71fe74bb4ae0d9c3db41eb5ea44361e2ad973a3baa7c6cd3
4586	1	01ba4719c80b6fe911b091a7c05124b64eeece964e09c058ef8f9805daca546b
4587	39	cb94c159619b004fe2b6bfe0c2551c761e330f0c6a16650db8066504c865ea2e
4588	28	8f9baf9446f6f54f494ae38cd640c47f684d1b08bd457e53f96965158e46b12d
4589	27	13908f1d8d10adc3dd51859c6aa21d307543d37ea50032de7a67df0f3736fb52
4590	56	1a4401f51b8dd40ff77993b15f42f802f026f4527015dd1add0175a67d7159e5
4591	49	1c4dea8a28625fa662aba44f69394f2c6ae2ce28a9837f0a8ead17b9675fd93c
4592	61	20c024cd439ec87fd89914b1cad3a0cf057cef6910154e0f924d83b45f155252
4593	8	9b62f60d8590a579cf46f8d67378c4c572b962ceccdb90c7a5f7b42b960782a4
4594	40	3f999bb857261501e17a6f96726df871eed1b900b343576a067d5f61b118788d
4595	7	ad9e12546425576d3deae8c9b9dbf128d5d6ddaf5d7fe857934927deffa3b9dd
4596	1	01ba4719c80b6fe911b091a7c05124b64eeece964e09c058ef8f9805daca546b
4597	37	8458e1e21187697c9221a9fd624577e47e215c064cb47a93eb4199ebd29f361e
4598	30	db5672f4b5c792b13b2dce4897cec92f6cdaa3abc1e6205648771f81d2ababd6
4599	40	e9527263d4b60326ed5d646b4782c90b799633d6350cf8d2840309d2726aa7a8
4600	32	380dd916d857191441893a151c70748b669a149dcd87877f6c8dc116edf1c150
4601	16	02b405ba1a4dd22cbd7790c07372e427a8a39492bfe74220d81aba219d716f4c
4602	8	9b62f60d8590a579cf46f8d67378c4c572b962ceccdb90c7a5f7b42b960782a4
4603	36	998adb3b1eed0f25cd520c9385c8ae118554f5748052a4bb06eff53b5d410098
4604	28	4ad97ffce164f70f67dea62547a64a98731acdf29c69df9e7666fa4f1ec10f06
4605	79	0889f642ee9d4f3fa4682967f4f3c654893cc031fb90c15e575102f45d6d139e
4606	76	08c80be3550502b4d036e592fd06b253f12760923a87b3b34fb9a72c2cbf306c
4607	12	59c135906656323d1c5ea41654ee66afb585acdcfaeaca121d5e30bf193eedd7
4608	16	02b405ba1a4dd22cbd7790c07372e427a8a39492bfe74220d81aba219d716f4c
4609	8	9b62f60d8590a579cf46f8d67378c4c572b962ceccdb90c7a5f7b42b960782a4
4610	33	4e0266d6fd23539738a211843eff4fbb7bb967ae5030ab1790daab041f457d4b
4611	28	4ad97ffce164f70f67dea62547a64a98731acdf29c69df9e7666fa4f1ec10f06
4612	65	51fc5de41f452f73c5332860c5d022e49e253b7e83c170c4853d5b94f045c07c
4613	67	a012c7a28d1daa7bd6df85e8471e18d137a42ee2b03bfc79243c78ffa8bb0080
4614	12	59c135906656323d1c5ea41654ee66afb585acdcfaeaca121d5e30bf193eedd7
4615	16	02b405ba1a4dd22cbd7790c07372e427a8a39492bfe74220d81aba219d716f4c
4616	8	9b62f60d8590a579cf46f8d67378c4c572b962ceccdb90c7a5f7b42b960782a4
4617	66	29471637731cbb96c861b74a60da2b1f5d3f4802fced0aa56e0b4d186f2ff0ac
4618	7	ad9e12546425576d3deae8c9b9dbf128d5d6ddaf5d7fe857934927deffa3b9dd
4619	1	01ba4719c80b6fe911b091a7c05124b64eeece964e09c058ef8f9805daca546b
4620	18	f914edaff4865977c24b614d05b5c88669411b4c32ce0843e8325e2e0788f3b4
4621	27	4f9bc3160523167e5bc09ecfc686c0d3709bdb645a3991039592f0e44d119a2b
4622	4	27e5788d5d9d73d24a81dbc0a5a74bfa82c9c3b3af99e52af796e90b468a8a3d
4623	1	01ba4719c80b6fe911b091a7c05124b64eeece964e09c058ef8f9805daca546b
4624	27	036703d8c9fdbd167de4579842c12834a4ccc06bd9b7cdae68c9fab4fc569f6c
4625	20	265964a6ce69fac43e2bef563bbe18a55cf808c005830ac2d8a11d5051273554
4626	55	9ee637936cfd1e791d629a982122489145ab80bb4eb98d6e42b08c4172b9e756
4627	31	110dc556ed59ce28345243e23aa444d66f7a8c98a23b03127f0550f518af75bf
4628	18	b7b268d5121ad1e39f28e9f8414246b5ec22bc9e5aaa78cde8b841e43b1f7c40
4629	6	4893f40e3781eb896c82d046a08067a11e35cdf2f1dfaf26fea90b8db6676413
4630	22	25cc1f555a1cefe0033832f470418279302cb86dea363c84c6be2d6ec8388c9a
4631	14	04671972056a1c38dc9259c3426471efdd2d4d752d3400cf71fe7733b1c9e1f9
4632	4	27e5788d5d9d73d24a81dbc0a5a74bfa82c9c3b3af99e52af796e90b468a8a3d
4633	1	01ba4719c80b6fe911b091a7c05124b64eeece964e09c058ef8f9805daca546b
4634	26	b34f53f62fa2fccdc847fe8ece251ed0a50fa1c1cf39038f08eb2283fb27ef59
4635	71	850f8f84ba45d044a0bb3ab2ae8f53fefa7f300b887604eff570a0809b2959c2
4636	44	78f8419bb4aebf3dfa1133b219e00b4c144aab823166555c671da811a2da0878
4637	51	0eb7968595e6eee22adaf467331b2c8d6f0dc2867f722918b5014c2d66cd3878
4638	66	4f498ef660480970a27ef5b424697bea9b52edfec485177faddc469ea5695c46
4639	8	22d11caf43e97ef369e6beed1a268bd05838f29b9dd254bf69ba64884147234a
4640	4	27e5788d5d9d73d24a81dbc0a5a74bfa82c9c3b3af99e52af796e90b468a8a3d
4641	1	01ba4719c80b6fe911b091a7c05124b64eeece964e09c058ef8f9805daca546b
4642	25	5c3a592c6b382051ea6a9d8bf1c5deef08de8a4b2920a2a4f3af16801d28700c
4643	22	a5d3ab3ac316037dad7c8d240ebaeeb4257496cccf2f9ec82cc3576da3c0438a
4644	11	a540a15b4bd0293fec06474e17df5f5c9c60fba992b696ff4f4969045a41706d
4645	52	5e21e9191ccd9f248660738c98770b5662925a838844ab99ee15964b851fe713
4646	38	09e466bb33506bc90081bb0c8b912377ff043c3c382ae3e8116b2ba1c05acdc7
4647	32	70dbc7af39ba54ec49d2295152b027418beb11635e93e883b83ac4a104ddf434
4648	38	860414f1562c2a9cc99807be6ac6bba7f07c34525be49d606252ac1894e13a0c
4649	40	308eb5a06617bb314e8952c57251a3db8b840c6dea516da0b01357c2ae271186
4650	6	4893f40e3781eb896c82d046a08067a11e35cdf2f1dfaf26fea90b8db6676413
4651	1	01ba4719c80b6fe911b091a7c05124b64eeece964e09c058ef8f9805daca546b
4652	68	d59599e116b75610f7cc4b577afb642796be5437336c6466026baa0b83619644
4653	22	f2074d2b6f069eaadb0c57cdc267f721bd00343f9b51bbd185727d06de7407e0
4654	65	65ce3c40a5dc5c28ed1f73da2eb24e2b3c91f6c435eff2f6723a6eb56147c11d
4655	62	843310349f3682d93c14e41aeb5fd408a9ad52cbee2f8e59eb51cdc046902a3b
4656	11	ca630c6e2aecc7690bc1ee1ee131cf9e1b13e92caf11c9dae2620692c855ea04
4657	38	fc114e0cbca340184e7bc65183469b8d52b9f93c8149fc1b198d450fa17a291a
4658	38	466760e1030e6bbabbaabbb5b0b0b511eae71622a85a434f66b2e4a9b4c930fa
4659	6	4893f40e3781eb896c82d046a08067a11e35cdf2f1dfaf26fea90b8db6676413
4660	101	ab56629cbcff077624881f40678fc441d5d7d0c9991f9ad4ded86de7c06f88e5
4661	19	75885598b0b95c558bcd2f008924f7ad090836773908bdc587971ba4f6a619c6
4662	4	27e5788d5d9d73d24a81dbc0a5a74bfa82c9c3b3af99e52af796e90b468a8a3d
4663	1	01ba4719c80b6fe911b091a7c05124b64eeece964e09c058ef8f9805daca546b
4664	45	bedfd2c0cfde09978f8a509f958bca98124720a1e87b343f462f8e6c455d173a
4665	20	e4924ee4640fefc63d099e1122541372482de3108652db4738c827f02be98c51
4666	32	cb1171d309379a8b8a15df0e9c4b50e90b16f5f7d48e109b575e0c41adf1ad65
4667	28	7a218eb93529506d947cbd21694bbc4f944fd0a0a1e57b9d7531dc9c542c337b
4668	18	f914edaff4865977c24b614d05b5c88669411b4c32ce0843e8325e2e0788f3b4
4669	55	57b821714abd070dfacc305fde84ef4070335830d157bf8c5c912050c29a8524
4670	70	fcc7c322276a010877444f6bf2d11db4ae8a7878a15f558106a539b3158fa5f0
4671	38	fbb86eececdee9730100e52743d4a74ce7caf3d632f08cb7e5b8b06fd1b81e47
4672	6	4893f40e3781eb896c82d046a08067a11e35cdf2f1dfaf26fea90b8db6676413
4673	5	42a2cb25a122b44221a6234ec660a7b5fb7f9bde7b3b9e2b3c559a0d96fac739
4674	1	01ba4719c80b6fe911b091a7c05124b64eeece964e09c058ef8f9805daca546b
4675	42	35f27b9df19956df499cc4063694ca9084e1920777db3b0dfe848b731ceea049
4676	26	13f935d179b90cd88ac8fdaca66914fece6bbd8b977fa0289c5cbebcdcebde88
4677	79	687f37608b8bbad6ad711c28f1e46c651bb21afbf361558a097f7eb3180a1018
4678	69	62b5ef741fe529b465f0721e7fec245381c996a3677ff943b6aaa0004573c949
4679	8	22d11caf43e97ef369e6beed1a268bd05838f29b9dd254bf69ba64884147234a
4680	69	1d6ef4e662be4381414b528c43dfbb3d10c045dd3eba85b535075d5faed8dfc6
4681	74	8c3da220bad988c1b575090c50831840d0979bd8c0e058613c654161e00c75c2
4682	18	f914edaff4865977c24b614d05b5c88669411b4c32ce0843e8325e2e0788f3b4
4683	5	42a2cb25a122b44221a6234ec660a7b5fb7f9bde7b3b9e2b3c559a0d96fac739
4684	1	01ba4719c80b6fe911b091a7c05124b64eeece964e09c058ef8f9805daca546b
4685	48	e87c40b5f06b2c83048fb188f931ac2e5ba930739ade8eb1fe838ce917ee5168
4686	54	3360b2702fd503ee9b27a550c0e670fd97bcb4b8603b0ca0ea4c5486d731d3e3
4687	87	f772e23a0a021c7427190748577bea76048ad16da742c7219d9a03e1fd21b3d2
4688	5	42a2cb25a122b44221a6234ec660a7b5fb7f9bde7b3b9e2b3c559a0d96fac739
4689	1	01ba4719c80b6fe911b091a7c05124b64eeece964e09c058ef8f9805daca546b
4690	26	6c3c61afe07e3237ea72e66e0fb0a1948a9dd9b3102ab799b8c5864ec1476cea
4691	46	46b6663d25916d96d71b85abd13b4373396f581256d20a5187c63e5fcea8cef2
4692	53	7b3383161c6a063c7a96e4a8d9f1b3eabe5b15ca7cb73335995d2d07a1e3d351
4693	60	cdbfb3e737be625490ad4fe85985e557fb55b76f9f61f9d517ba6bf4dd7c288c
4694	4	27e5788d5d9d73d24a81dbc0a5a74bfa82c9c3b3af99e52af796e90b468a8a3d
4695	1	01ba4719c80b6fe911b091a7c05124b64eeece964e09c058ef8f9805daca546b
4696	30	f269978e45de68dc22b81b9dbd8a7269a77bc82b743dd5c47d0679e5f030e42f
4697	31	d108f9cfb06a256e7bd6d9846660865580668a8035d39b6922e5438ff25bb808
4698	24	1e43d56db1bb7996b696588c2d2d0e722591dd5c939c6335f5f4aa4fa4da962c
4699	36	008cf593b1dc88fadd912ea6bb88dd3826d108213d5d37b3becdeb1d15996017
4700	78	49ca8df66bc482e32de5b7d4f335d8618c1be2bdd133d4268ed4d745c701e3da
4701	39	3a3a61b9af1645844c3f4a59d2e8e65b46eb7e2ec2ab751e1e53be3b7d75293b
4702	14	bf66b316b7896648f1d48b59061d88a7f600865cdcbc913ec7cff46245968415
4703	4	27e5788d5d9d73d24a81dbc0a5a74bfa82c9c3b3af99e52af796e90b468a8a3d
4704	1	01ba4719c80b6fe911b091a7c05124b64eeece964e09c058ef8f9805daca546b
4705	33	1fc3f4f10b2e54625ebaf546cc9677e9d65771dcd71a3843e9643922326dee5c
4706	28	2e16a6f1347136abce0ae45f070efaf1635f43591246a30cf983fba4e3495d5e
4707	29	5d5e724cda32aaf7d138cc15f4921ae82c89c5f061885d26e7290da0ea3682f0
4708	46	2e0cc359680fbd4b0f1eb2c96cfa2ab9d15f10f4b0e950904a66ac8f975c4722
4709	4	27e5788d5d9d73d24a81dbc0a5a74bfa82c9c3b3af99e52af796e90b468a8a3d
4710	1	01ba4719c80b6fe911b091a7c05124b64eeece964e09c058ef8f9805daca546b
4711	27	c89db6368b5d86f178a46d3f2c6777c2d4e6144c3591e0a6d2c4a3186664c14c
4712	52	64e3283792ec3461e5239551fe048b66e116331173432ded7757b6165885a0a2
4713	4	27e5788d5d9d73d24a81dbc0a5a74bfa82c9c3b3af99e52af796e90b468a8a3d
4714	1	01ba4719c80b6fe911b091a7c05124b64eeece964e09c058ef8f9805daca546b
4715	33	d9ac5a3adad88ea327c3798bebe0dec10f6f12e3591ea65c324a97e1443545cf
4716	118	636bc5ca3dda49128e4b4ed618d3266ad24be77d6e0f5733e70c2a3fd2450dfb
4717	4	27e5788d5d9d73d24a81dbc0a5a74bfa82c9c3b3af99e52af796e90b468a8a3d
4718	1	01ba4719c80b6fe911b091a7c05124b64eeece964e09c058ef8f9805daca546b
4719	33	0c22858faed9874497e816961b9d0dad92c9892a7a7ad1ad9749997f8100fac5
4720	60	1ddc3a3a4d9059d5ba6360a7cc8e29d0b982e878a1d4ac8c700b1611c9c3be2b
4721	60	f0901bbdb63fb947d61d088747811526025f24609812ecc62f3c8503c91f74a0
4722	22	189fb0c482f96e84ca3dd5760e8e59379ac54ac96cf97e9bf38f32f5a726581d
4723	39	1bc2accd644de11ee2b1519482424170f6449b0fd4daf7e8244a735fb1d379a0
4724	63	8a75e2a2214bc37c485cbb0de883ca9005353c7632b8435a61fd19e23dfc599e
4725	4	27e5788d5d9d73d24a81dbc0a5a74bfa82c9c3b3af99e52af796e90b468a8a3d
4726	1	01ba4719c80b6fe911b091a7c05124b64eeece964e09c058ef8f9805daca546b
4727	42	56aeb55b0ef9aff0b67a5671372748bf171ca95cf279862a4dc6b31318ff6988
4728	51	0c69d18c3f6325df1ecf589ef1eca02e29d0749b959d98ea92b2aa06dcd3e167
4729	19	ec40f177f8e66cc9c8a947583f82ee63be9c1a5c5da712c4b3c7107a2bf67414
4730	86	b2d0d6242255edc5beac03f670eea0a83d2cdda9eebf2a277adeace77f59aef4
4731	60	f0901bbdb63fb947d61d088747811526025f24609812ecc62f3c8503c91f74a0
4732	22	189fb0c482f96e84ca3dd5760e8e59379ac54ac96cf97e9bf38f32f5a726581d
4733	21	2e124b866c8cd56a3cf3b5a3b43a54e0aa5f8891fe32ec133570af7916ec7d4a
4734	41	9ab9a0361799f18947ff8716edf287a35df4d0d0f624ca44845380d5e665897b
4735	40	54e32a64d26c9ee2d6dcfe8493cf269be46247c3cc6e33669c7b4aa7d8c11370
4736	89	8494f7f0330ea75a99447889ab1ff6e235a9db2f9b23f028d0015a257c656a77
4737	4	27e5788d5d9d73d24a81dbc0a5a74bfa82c9c3b3af99e52af796e90b468a8a3d
4738	1	01ba4719c80b6fe911b091a7c05124b64eeece964e09c058ef8f9805daca546b
4739	29	ad7af24faa3d59afe9519cd2a0bd4a4698e0a6508afc13d8719e6f8bdb4932d6
4740	64	f51fc549e5386f40d979c5867066b0eaf276195f897d7d74ff56678e5b84124f
4741	47	bfb0213ba991445295e0726d93bce7eec5744ddd703c1cb70e1b4f6b0ce4f975
4742	52	775406f75fd99c1022c85903afeea7943c36e057f08898c387463e86832eebb0
4743	80	f471a04aa3f30580b580f881f9d11b310ce077f2be8674743810951a4d67bce8
4744	1	01ba4719c80b6fe911b091a7c05124b64eeece964e09c058ef8f9805daca546b
4745	23	50b8144832ad89a91f9985a0ee1494f9ced796eecb364e2c8540c7593749906b
4746	89	8b0a8fbc694ac78956275e927f872f068fc82e8c1261769616f4149e6e027e5a
4747	60	aa249e52ba3f3b4647d280ab2626674e913a952337140374a0d3f4737067d3a7
4748	60	bdaf4f4911114b4e017cb850e09c0ddf8144271a0f32a3810231a85c360d73bf
4749	67	86e25643fb5d529a5154408821cf9b8733bf086a3d2fdee4ecfcd1013c91c597
4750	64	488fbe025e283ca06fe61f971b64dc28f4f49a976540f605c7ff15bf99ef3a62
4751	6	4893f40e3781eb896c82d046a08067a11e35cdf2f1dfaf26fea90b8db6676413
4752	41	f4bc9f50d238dea4bb3b20f7a1e8c6a92523379b4a1ed71cd2d598a06e388058
4753	35	26dd5934c9489157ab92562bac48c90a10241520d6d952c451fc6d7d544af93d
4754	98	0b0f4e89aea0cbe7456145b60fc44a3939eb240584fd7606c95c952a478b77ad
4755	7	84e4208cd6ffb8c4a3547b2f54ada19978c3f365e78f9502ef5145cdd2aa8543
4756	97	5dd93ba7100cea51c0dd91ad35929f1aa0b49a5f7de8e6b07ee1d34f10562dc4
4757	32	601688c44ec9698a28d078e45a097410393fb7f8ef0bbeba075f7ecd4760ce00
4758	49	515d0f35d320f928a59cb2f06d3bb17b8857641fad8aba7ae496f63f5884cd1a
4759	67	28a3c1aa19167202f6dff7818e39cf08cbc1ac6f5698c202c02933956df29985
4760	7	84e4208cd6ffb8c4a3547b2f54ada19978c3f365e78f9502ef5145cdd2aa8543
4761	36	12fb2a235d76ed8d9045604ca4cfb7f7f4790c98eda6231976e5e313f76c834d
4762	70	2f6faf0aa3ab7395eb4f898bbd6c1f6d6b02546104f7202f15556c97db3a18c3
4763	42	a32b45ce07e078d344cc77db03feca5fab171bafd175eba214ac5e713e19c1a3
4764	7	84e4208cd6ffb8c4a3547b2f54ada19978c3f365e78f9502ef5145cdd2aa8543
4765	45	5d8405b86a1479dbbe04117f836c475c63c21a0b716b3d0caddafe2a359f29c5
4766	95	7a22cec91aa55754be70ca1456ab158bfbe1064ebe58dd2d860a18a3b2052df0
4767	41	02e8a638123dd8a1ef9bdc7c1adaeb4c24dfe8cb40fd34d185cf6883e571882b
4768	11	ca630c6e2aecc7690bc1ee1ee131cf9e1b13e92caf11c9dae2620692c855ea04
4769	86	b38581305b9e8240d970c456d994dd964e9e2e3ecd3a4bc8891a7dcad0eca88e
4770	91	f2263c8f1c47cebeb77c8259b6ad7000763d25eb2d75277def7c8d82b89a7b6f
4771	106	c409e7955475a14f319dd37c0cb1f74984545a52d65669b59b31474b197ebdba
4772	70	be62d53c41798f114896030cd4566670956f9d8eb11cc10d51b1e816308d3d49
4773	94	485d5074c863574b5a328af7bd58e852909b4a93ee43bb0c861e34320ab7eb67
4774	98	4f1eca71ad731e93cbe6cd60faeb348a8b0ad2a7c10277489cd23dc2b4418ac2
4775	82	4d9b4357c038c19dd88c1b591ed218d37e940f1a574a4cdf10556bd416d64eea
4776	51	0b8a6c9a9bbf8b843f81187678195fc21facae32b923f49955a7c218ba93331e
4777	131	dee1ea3f57b4aeb1ceb66de45d73c7976756d39621edfb55b16c9bb775af6d78
4778	6	4893f40e3781eb896c82d046a08067a11e35cdf2f1dfaf26fea90b8db6676413
4779	4	27e5788d5d9d73d24a81dbc0a5a74bfa82c9c3b3af99e52af796e90b468a8a3d
4780	1	01ba4719c80b6fe911b091a7c05124b64eeece964e09c058ef8f9805daca546b
4781	1	01ba4719c80b6fe911b091a7c05124b64eeece964e09c058ef8f9805daca546b
4782	55	ae7db46ff1cb8b9549a2923ab868697be40d08506706d00411fc85ac10d33e8c
4783	25	b858f5bd85ee58c1b37abf2a28fcbb7c19e7a81df1f77fd07d0343b2306c27fe
4784	45	f602fb0df93d67c95d2012e0f60065b75c5767dc3f2cd8b66019c8ad1851e114
4785	70	c230e67f070afdd1ff835c4d7e58083853fb5fa6e2c4ccfd5c5250a483cd7ace
4786	54	31acaef9a49da720b8ac3fccb0e74f46396c6ae675ab80a979a8a7fcee666c22
4787	102	432678c9a84cdc21326b889dc7bc433db17317ea69211c306d02286d733df358
4788	237	60f8f4ca4d21aba3a66874ed9d3987f7ceb91ee740aaa5fd9633fef000dfb2fe
4789	84	04fd6e5799b07c945f523a74a0b45f0d7d972d41e4f0c2649dd0beacaae744f6
4790	66	2aebcd38d8053542116be744fb71b5c276b49d29d9b422e5fef4d554ab52b423
4791	17	dfac4e43630abf68c3a4a7573fd4c43008ba798dd76c3759eeef53e6cff8d2e5
4792	4	27e5788d5d9d73d24a81dbc0a5a74bfa82c9c3b3af99e52af796e90b468a8a3d
4793	64	7ce3ab241c6a73a87b80cc3fc7171d6b03a612d49e7ee3e79f940e176ec8abe0
4794	1	01ba4719c80b6fe911b091a7c05124b64eeece964e09c058ef8f9805daca546b
4795	44	8539a5e5db28e06b05d677a25eac55b0e32095fd8121c48b1ec92c9f093f4505
4796	28	5ff4bc1bd17d10ab94aedd772df4d1a7d4429b2711edb1f838dd987dcaecd1c5
4797	28	2e16a6f1347136abce0ae45f070efaf1635f43591246a30cf983fba4e3495d5e
4798	65	c2241a6e86b315c562f774c570cb58c7867c05693fb7370df8a6060bb79b4fa1
4799	61	1d5c4e380b10441ec1d50527c456380594d500a660be98758c06769915f58b51
4800	14	1792f847bb21cb292dd09f7fa6e7cac4a8c14d97d389633b3d1520ea14b5b1dc
4801	6	4893f40e3781eb896c82d046a08067a11e35cdf2f1dfaf26fea90b8db6676413
4802	1	01ba4719c80b6fe911b091a7c05124b64eeece964e09c058ef8f9805daca546b
4803	62	6577fd3d9542c24731d0ee2829e7cb68a6793dfb5bd41ebee11860f38bbd5d02
4804	60	aa249e52ba3f3b4647d280ab2626674e913a952337140374a0d3f4737067d3a7
4805	60	bdaf4f4911114b4e017cb850e09c0ddf8144271a0f32a3810231a85c360d73bf
4806	67	86e25643fb5d529a5154408821cf9b8733bf086a3d2fdee4ecfcd1013c91c597
4807	21	049c493d1bbfc4cbd5b9f3b55fb0fee5833fbf746e44124c312e02f39aac4152
4808	52	529eb41d64db895a8137aeca1e981332aa5d41d25f9fd972406562d56d0c40da
4809	13	10fbec23f1bd30b63400be0b293db15b3d64e4d1df3e8ac16cbe9d33d7cef9f6
4810	27	80e6d477355faa64cfb31145091a1e5eb0d018aa8fa4377aafed2e85b2e34265
4811	37	6325e2c257bb11224254e5b6b89ac9431f7b6b055e770c79cd8d093d908d6dda
4812	8	9b62f60d8590a579cf46f8d67378c4c572b962ceccdb90c7a5f7b42b960782a4
4813	11	ca630c6e2aecc7690bc1ee1ee131cf9e1b13e92caf11c9dae2620692c855ea04
4814	25	4190825189c6c4a4afd6f7e4ab9478bdb07053706feab73b2ce4a8e67c8110f6
4815	35	68a2299e91253ae32e2bc765a1b87e90d7312c27aead52b89e5bfb71a7c14f73
4816	6	4893f40e3781eb896c82d046a08067a11e35cdf2f1dfaf26fea90b8db6676413
4817	22	189fb0c482f96e84ca3dd5760e8e59379ac54ac96cf97e9bf38f32f5a726581d
4818	5	42a2cb25a122b44221a6234ec660a7b5fb7f9bde7b3b9e2b3c559a0d96fac739
4819	1	01ba4719c80b6fe911b091a7c05124b64eeece964e09c058ef8f9805daca546b
4820	34	aaf06fb5cce6251245084a751d178b4042dfee80f1e3f8b1f94e45e974d8cf58
4821	48	137e071d9ec161ab5653b887c38c9742d274001a7a7e2b2ac03e58b00091c158
4822	21	7ae465dba9735828d6860b7ca16de5acdd1d6addda418b4c2148b19b9568bf07
4823	50	432fbafa048cfa06edc187fe80756c9825b00a2c556239615f023dab1df297fc
4824	45	d193412960ba99affc73252444187d828dd4b8643f7db1f5ea9b6e790c30ac4a
4825	53	f0c0d0eaf79348ed321bfd6e2014abf7c4bcd1fd82659fa622f05584da0e7df6
4826	60	2d6345064914db2e58d28c6dfcdfe118ca8a4eb1a65dafb3421f2ad77097003c
4827	32	7224510773dff2bdca818c3f4f03624b3c04ed88520db410a561c77f47fb14a3
4828	8	22d11caf43e97ef369e6beed1a268bd05838f29b9dd254bf69ba64884147234a
4829	32	fb46f053da10a18e39458a16c5adb04974256662557c6ffe9a2ed540eed6e4fe
4830	4	27e5788d5d9d73d24a81dbc0a5a74bfa82c9c3b3af99e52af796e90b468a8a3d
4831	1	01ba4719c80b6fe911b091a7c05124b64eeece964e09c058ef8f9805daca546b
4832	45	b261f6e98833ebcbe8b3e4ae0e0a626ad9285df3f28fdb558ad15c8f9bda0c69
4833	44	7501264c6afe6868f2107644371d8cc8a4fba01d33a2cc188381e1539baea4b6
4834	42	13a923101280bbd37c79d14b78bc38a63f8931c6d2edc9ed5e94b961cbedfc04
4835	16	4de7cc69c3aabaaa8141be32c664f50326cf1d57a7c79c7ed878704ccf1c4616
4836	85	2453299b6cf65e497065e1ad8922b9bb1ef41b8ca6228d82881ddfa72cb46783
4837	14	1792f847bb21cb292dd09f7fa6e7cac4a8c14d97d389633b3d1520ea14b5b1dc
4838	6	4893f40e3781eb896c82d046a08067a11e35cdf2f1dfaf26fea90b8db6676413
4839	30	b8306c7ff295f87484a7ea7276004b69ba15a6e273430afa1065891a763b1d4f
4840	5	42a2cb25a122b44221a6234ec660a7b5fb7f9bde7b3b9e2b3c559a0d96fac739
4841	1	01ba4719c80b6fe911b091a7c05124b64eeece964e09c058ef8f9805daca546b
4842	71	2527a12924e09546b1bc024abce2e5074104aa9bc7261328d0a3d4424a3227aa
4843	30	b8c4acf4d931c8fe4e8c4514119c1953b8fae96682a531a50ef23fa050c82d9d
4844	44	fb310fcaa8e2a787e5a6f535fab6fbbb1e135d4baa1ded32726a1c3976415065
4845	42	81b9a52b4737dedff2ff81f5d1ff66d54c64a8143283e0d3d6140c333e333dd7
4846	22	d42b7e598876b0475974249a9a6e1fe8042432330a2fc35a90fba871106c67b8
4847	67	96c8b5ef16119101c08415dfdd111b18f4f4c25ff4b880fa88067f93fedb1f71
4848	72	514d41fcc19e844c5cb5b031695e8d473aee604f9836472d2a5aa23b19bf8289
4849	6	4893f40e3781eb896c82d046a08067a11e35cdf2f1dfaf26fea90b8db6676413
4850	21	2e124b866c8cd56a3cf3b5a3b43a54e0aa5f8891fe32ec133570af7916ec7d4a
4851	53	fce845e77a5330806ef610707dc7745287d1aec8b57675603a5e56e2b3ab7324
4852	5	42a2cb25a122b44221a6234ec660a7b5fb7f9bde7b3b9e2b3c559a0d96fac739
4853	1	01ba4719c80b6fe911b091a7c05124b64eeece964e09c058ef8f9805daca546b
4854	43	f85121d222e190b90739092368eaf14c6eea37f270dbabeb6cf07e944fcff19a
4855	58	8ea0464102dd87711d2c8beb14e09ebee56dbffd6bdee9f05475745bf9cd0f9c
4856	5	42a2cb25a122b44221a6234ec660a7b5fb7f9bde7b3b9e2b3c559a0d96fac739
4857	1	01ba4719c80b6fe911b091a7c05124b64eeece964e09c058ef8f9805daca546b
4858	47	d77ec4db99334bc74863440213d923c6cfe108cdac7fd1609d68982a2ac91893
4859	28	f90378d39e6271049b679b203801aef2f249f59701c376b00d4e26fe9a69df4a
4860	42	2542b0efd58d82786476660cb37a32a5e707eae521fefb49a0ee30c30175555d
4861	21	7ae465dba9735828d6860b7ca16de5acdd1d6addda418b4c2148b19b9568bf07
4862	67	6a481a44a561faec05ede1810b894580862466df7c73c16673b59d0f916b188a
4863	71	2787c941b05d7625f30bd43270a66a1b449e66a8da5df00d14d50bf8cb75e774
4864	23	375376c846f3c2d2c14ed0e7969388f5068be46b845ab8c8fa3f7dd0d70b29b1
4865	1	01ba4719c80b6fe911b091a7c05124b64eeece964e09c058ef8f9805daca546b
4866	41	b63490296ae4b5bf9af45e494f0268e6f03279d024e67681f8d40a8891925ce2
4867	42	4b2e263f4098d4efeb67670618dc57ce902aa171fbc95d59f0a53d06782cbef3
4868	70	971cb97716da6747bf7324e35567da5832f4f905ff719991f336048037708ca8
4869	8	9b62f60d8590a579cf46f8d67378c4c572b962ceccdb90c7a5f7b42b960782a4
4870	29	1d4b6148a1431a53f063ddcd6455700f6a4145bf1cde90e75accb9291d1ee9bf
4871	91	c821aab75a23c3a12eddf77cafb33fd62aba50a2d180973442b70c0c5395f780
4872	8	22d11caf43e97ef369e6beed1a268bd05838f29b9dd254bf69ba64884147234a
4873	1	01ba4719c80b6fe911b091a7c05124b64eeece964e09c058ef8f9805daca546b
4874	22	a5d3ab3ac316037dad7c8d240ebaeeb4257496cccf2f9ec82cc3576da3c0438a
4875	64	a478505ddb791f7a6d61071e8f1aa791e58547509baa66cce2384364bb5a8d4e
4876	58	3b71fc55e75f6368e439fd8f6083177483e0951faa653939b30dee823492a87c
4877	83	09456069895cfcf124458d9d0f40745435b9d10308e16c8c88f1400a8befd7b0
4878	50	fe57a8686dde0d99a66b51c7cb341255db700b64b0ba9850916cb14409840365
4879	21	aad90d618bb895e54336e706ad81c518c1990f6ec5690b65de35e75ff8623be2
4880	1	01ba4719c80b6fe911b091a7c05124b64eeece964e09c058ef8f9805daca546b
4881	34	449aee9aa32e569a466ddc2573505bb82cc25e5d4db1da2632efa5c3b46ca526
4882	56	42e19a762f93fe46143dfe2f9f12b0e7cd65c15fd20bfbc85728a282083b14d9
4883	63	af4107df210654f1cc2dad4966e4bd63652c8d6a1d91253f6fb5ba40e02b1e3e
4884	160	48d4864941855e6287621e7aa162bb3470b3472fd471b8d46507dd11b6c0f47f
4885	88	986d75eb159d0eecceb6735e1958133fae2fbacc08685f592e9f3423137c3433
4886	143	8a89167e561510bc7ed9b7f19b82853c57dc3320996208080fb96b6b7eff4239
4887	135	610f73519d8d7663c887b0b40ef97be20b0dd1bf009d09ae5b6fa9865d6bbad3
4888	18	cca4d5c90619f65067ed3a24b8ed54bb56c0c80c522d06b7d737d7de46845fa3
4889	121	74261d710963ec6ad36fdd61ddbf9673d5feabd171c157403b949f93b6dbb372
4890	1	01ba4719c80b6fe911b091a7c05124b64eeece964e09c058ef8f9805daca546b
4891	44	954a21da228494f44a374a9fd2293db7ccc0d6dca56d788bfd95860707295cf4
4892	193	05edfbe680893ff6bfa7227bbff86c8c43e33707f70ca55acdc7b70266f6c647
4893	4	27e5788d5d9d73d24a81dbc0a5a74bfa82c9c3b3af99e52af796e90b468a8a3d
4894	1	01ba4719c80b6fe911b091a7c05124b64eeece964e09c058ef8f9805daca546b
4895	45	d464bfd3fac440a2d920728ee693c304cbb553158b537b40d4da964cfe46cf43
4896	49	c3da20001f2547c978176115db56309da38c76c2a17169efa43cbcab799b0f37
4897	36	0545d995d9c7ce430a10ccb99b434f0f6eca8d82c6d24b4afb515d440591a315
4898	5	42a2cb25a122b44221a6234ec660a7b5fb7f9bde7b3b9e2b3c559a0d96fac739
4899	1	01ba4719c80b6fe911b091a7c05124b64eeece964e09c058ef8f9805daca546b
4900	27	58514c8616b86f6b1f7bf34acd7aa32478e798bc0507a8ea283b50ae2135692b
4901	47	ba094c4075d21f46d9b537912294055d942fbe7e16fbcfe792eab01e9716c8d4
4902	27	ab5ccdb9596b508eea66f7163b7ac8228c39f8f64e8f922347c228ef3c08e3f4
4903	50	c76735d4686ee27f7011e325ef6483d5651e3b5d6781a7c7232c9b9739cfb46d
4904	4	27e5788d5d9d73d24a81dbc0a5a74bfa82c9c3b3af99e52af796e90b468a8a3d
4905	1	01ba4719c80b6fe911b091a7c05124b64eeece964e09c058ef8f9805daca546b
4906	47	e9f2b1e835a31f8e09d63af9e296ba19d8e5ab6b311bb2423b552901f0c40e77
4907	28	5ff4bc1bd17d10ab94aedd772df4d1a7d4429b2711edb1f838dd987dcaecd1c5
4908	48	b870260f7d8694536689e98c362c0f5b0366464ab69e490b4df5d45954098c9d
4909	99	aa5dcafee37f4c3e0990fcc3ae530d8eb1e9f95da4bf6a3d304a0b772cbbb577
4910	14	1792f847bb21cb292dd09f7fa6e7cac4a8c14d97d389633b3d1520ea14b5b1dc
4911	6	4893f40e3781eb896c82d046a08067a11e35cdf2f1dfaf26fea90b8db6676413
4912	30	dc4d8f33c9f26e59ac7126858d69fde0d9e6623c7a22f234e755ac93c12f0f16
4913	16	daf3c7b9a575bdb784247a9bee7b29f372fe9800abd4f20a083252be2ac1e060
4914	23	850d90c3a3308d8febbcb6afb8be4bdecfef116d62450f72e5339c7e828535aa
4915	93	604e4de0c40211783953c507d754884619720898e1cfcabbcb615ac12e479971
4916	33	a19d2a5d14de661a469a6051fa35d14200c2d22eb380a84563a7b2e4a61abf5a
4917	135	fbc880db38774bc2e867e6fd2b87a069682debd02b9b4ff31448157e25b607c2
4918	28	e3cd69d2822fb4631904444e6055b980ebfebcda083d689320306f86e578f656
4919	104	ef0ce92f88a722195f22905a4051ab38fe1506fdfeb4b17cebfdd3073f97922e
4920	6	4893f40e3781eb896c82d046a08067a11e35cdf2f1dfaf26fea90b8db6676413
4921	61	aaf739c8f72769e35f92eb41631caa90655772765eb544bea7398f1c29208068
4922	24	2dc5cb2e4e1548b527a7a2cd14eaca506d24b1947399e180eafef9ac16581cfe
4923	96	9a581653840602cf72a3ec869dac70bf92b02bd01c6c2a1124ed9ee809b8011f
4924	5	42a2cb25a122b44221a6234ec660a7b5fb7f9bde7b3b9e2b3c559a0d96fac739
4925	1	01ba4719c80b6fe911b091a7c05124b64eeece964e09c058ef8f9805daca546b
4926	53	8fc50936de452c6f450f09633e9d3cf2051d0cd7ecbb5a6fb3b2b99198e5506e
4927	28	5ff4bc1bd17d10ab94aedd772df4d1a7d4429b2711edb1f838dd987dcaecd1c5
4928	61	c92e2b805bfe9c74e0b13450fa13534ef6d206134ee3c9ba856a9e7f1a143f78
4929	17	defe4f8a6610557eae15196a7c6f1cc11a02b4df2bc968bf75c5229ec697f854
4930	58	d51721fa50d5f27d93eff1d372d60fbc49c0ae71e2d81266034bdf88a7ec455f
4931	28	339b51f0b1c4b16f340a0335708453395c9c84af2c978e9043313aed264dbd69
4932	53	9af5e5a5618548c3a5a8deff8790c2c1a84b95acc20b0ea373d5f46a8e956d0e
4933	94	2328066c2e7f6d71de553e9ece32d3d6498ade7cb3da54d636a37bfa6ef45bfa
4934	53	4c7c4e51556bd847bb6f4e99434429144ab2f3c0d8925c796ef80d77a933864a
4935	125	5d9c4368fdcae0c0506f6eb241f11860ac4fbe8fa73831325b045c739c488925
4936	72	b1b5c89e7caa7e9fca5b1c2393c7fdcaa48b1ceff536c31d31bdb3a7c9f3f9f1
4937	55	f563ca8ceb4fcc4704a3e7002a1377c6155d14fac9c0dbac201556061847e200
4938	18	f98c890f9fce584e586aef4f0d37d76e0990c8d4a4ea54e21565598b644ce583
4939	98	0fb44d5652489f36668b3124c8db5108bcfd6c3536c0faa36b51e6936552d178
4940	14	6df41bcb8f47c6a9da0e5bf15446915e196d5b7ca8f365ee4d6e8a2e7799b7a7
4941	194	26deb2e8a29dbfa53e6abebedbc8ed3aeb91425acb69a6c6b7b336b20285d21a
4942	6	4893f40e3781eb896c82d046a08067a11e35cdf2f1dfaf26fea90b8db6676413
4943	5	42a2cb25a122b44221a6234ec660a7b5fb7f9bde7b3b9e2b3c559a0d96fac739
4944	1	01ba4719c80b6fe911b091a7c05124b64eeece964e09c058ef8f9805daca546b
4945	45	d04ad91266b52ac6353f9127a685171ce4fbd52ed18f9878b02f85518a98582e
4946	41	55dcd743721d288c57432868544a9dd4275bfe4f32f041ad43f1ac96292d0b48
4947	45	f1b1636f3c2b70cd73412719346dfcb8ddf60b6c6353433ce5aa421b5d1420cb
4948	51	e13e073b0841f15e6a52d14a6f7db2ef431b7ae4ab7978853f1c45803b68c21a
4949	38	ba3e83c150c86161b3c9fb1e95bd8b103fbab5a312ade5f495c24d4439ebf2dd
4950	13	6376a73776eefd2c7832f9f02296776a7a4b6ea7559aedc02d71e38054d53651
4951	34	3a7adaa783a769c9b0c6f5e76f4c59c0a7e03ce54c66a0817f694905848b1c7b
4952	70	406aa115bec5f1050e1dc35094934bf71cb9eff38afccc49bb6e805fd158507e
4953	30	984437885f6a92a473961acb571483cd0cd871d90629254a6fb668663fe24ac5
4954	20	9aca3c2ddc5655353c0e4e6b73c8a8b22f3ae6a4c12602c47f748707334aee2d
4955	8	9b62f60d8590a579cf46f8d67378c4c572b962ceccdb90c7a5f7b42b960782a4
4956	21	714fed279d4991b763f6e681b4994f05c8bafd00fe32c7def86cbe8956257a5a
4957	7	ad9e12546425576d3deae8c9b9dbf128d5d6ddaf5d7fe857934927deffa3b9dd
4958	4	27e5788d5d9d73d24a81dbc0a5a74bfa82c9c3b3af99e52af796e90b468a8a3d
4959	1	01ba4719c80b6fe911b091a7c05124b64eeece964e09c058ef8f9805daca546b
4960	57	6213a001ad7aa786eec567b765afc4c7d5cda6500463b57241489c2b446ecd14
4961	44	b0cb18e141938c14d7f48c6b916ea409bde40ad535cef85c8aca5f759fa8114d
4962	54	421418b930c998a939c9b6ceae746adefa5b5798300c56276b25652dd375dcd4
4963	54	ff5a1800b6f80bce5ac01d1f0e4a3bf69fe7636373970283fca1c6e16fd12ab6
4964	24	958c0f3800733d9fad6c1c98ff63d4f30785d7167eb99e1385464b26ccc836c2
4965	60	82c9d8fb0878ac2f2edda37b25f3c648086e5b506e9c08e4b18d1ac0d4288a22
4966	45	91ad43607d2b8a98cc26298da2444798f71ba4926a0dd9cd245e5822e84d2cf0
4967	53	7bff5dc442e492549cdf1895b5b1ee1c316fef7ebbc9292c9747c9cdfc0695a9
4968	62	eaed859a08cda2e9550d355cc61ebf060321b65914b028cc465e79bb0e69bc5e
4969	8	9b62f60d8590a579cf46f8d67378c4c572b962ceccdb90c7a5f7b42b960782a4
4970	23	682fed3a5fbe269362aac8f06f384bd702b25508504477d79efb18ea23bc3540
4971	21	714fed279d4991b763f6e681b4994f05c8bafd00fe32c7def86cbe8956257a5a
4972	7	ad9e12546425576d3deae8c9b9dbf128d5d6ddaf5d7fe857934927deffa3b9dd
4973	4	27e5788d5d9d73d24a81dbc0a5a74bfa82c9c3b3af99e52af796e90b468a8a3d
4974	1	01ba4719c80b6fe911b091a7c05124b64eeece964e09c058ef8f9805daca546b
4975	19	264e410bd54f4ee481441014958c16f76fafc6c8a3f4a3186ded817f037e485a
4976	27	4f9bc3160523167e5bc09ecfc686c0d3709bdb645a3991039592f0e44d119a2b
4977	19	75885598b0b95c558bcd2f008924f7ad090836773908bdc587971ba4f6a619c6
4978	41	787d4dc75dcf2c3f395e17ad6ce731dbf1dadcfafe475f55c5bd6e5930ac3d80
4979	28	13cc21d5b291286a7dcf3eabe11a217bfddf0ee8c10cbb3e50487e4595cea7b7
4980	42	d7050327de58573c1d0938fa035d0984d7cd8ab2589477606de24afc048aa96f
4981	28	1ea668d22c75281d7b98ce8d365316c047de0a60aef4a0fadc0c8c7b76c5b767
4982	4	27e5788d5d9d73d24a81dbc0a5a74bfa82c9c3b3af99e52af796e90b468a8a3d
4983	1	01ba4719c80b6fe911b091a7c05124b64eeece964e09c058ef8f9805daca546b
4984	101	c6821a5615a7911c28e464a1bc86c030ee39b13d0fd17a751843cf31b573a8d6
4985	15	35529dbe67fb7e62aea61b81074c44f686ba5d059a87ed07f1a62a384813d3e9
4986	6	49fac5a3039bbad287ac815d533cf3abd4b4217920cbe2c93bb34a6e30003142
4987	10	2f358f0371a6e732c4340332235199dcd91ebc46239a5ddcfe6f9a63e6ebecfe
4988	39	66fcdb3a05a08a8dd4d4809de7ef3d83104de44f59f69ac292ab513b0586534c
4989	13	ac9daf2767693c3d2748dab96d89501cb65d667d71688bc3ef207991d1bd3d10
4990	16	6e3b132b5b9446aefe51a0dc1b5c5e9209c763260d2fe4c010cef6d82481753d
4991	42	cfc68a9a9fcdcde2f3ef53244a7c7665f7d6531877fdc8404b93bd0129812b6e
4992	34	7dccace374c87966cf37bcb69c0d02ce16c04f3e6f3bcb4fd71ffecdf1a48ce2
4993	58	6c1e8432ec891849a0f26ab3516ec4e3db670561de03faf054d263a2f8f9bb5b
4994	54	c0b482dde2f41953e2e5248e35a23cf993502ac707a4694fde3633671cbb4ef6
4995	67	51e236c7a1b90bdd908d1bfd66fec72c6bba4d0d7c86ab4073b987762868f7fe
4996	24	192ceac8208cb14cec19cc37efa65c8897b78a611ae5163d94d75e7aa92bed92
4997	45	576b7c7ee974e1fc48c323b2424cc6733740aec6d34877ef7d88e6e179c79746
4998	27	4c6f78c94f86ebe0ee661b99a6c1c96cb1842b6080331ca11bddc0133c2a64af
4999	56	f2ea816fe46ec7987993aba22fb4e89331ad90cdfe65ad040034cf79d40fbcec
5000	45	733bc3d9827b2cc10627da71ebf618b60ea8326a9ee38d33ad24728a7b7c6e23
5001	6	4893f40e3781eb896c82d046a08067a11e35cdf2f1dfaf26fea90b8db6676413
5002	14	49cd2389d9f424fa384dfc5b9bf32e1c67d367ef0af9feb5af433adff2697bed
5003	4	27e5788d5d9d73d24a81dbc0a5a74bfa82c9c3b3af99e52af796e90b468a8a3d
5004	31	ec673261bb6619254681b2fc73b9fe7409dbb7023e830191ffa76f092754c3a2
5005	92	c36e1bc9a0224176a98ad032d374cf779eb0d7dfb1f1f8bf38c45b211cf80f3e
5006	51	a5586e618a6d3a8fba173e55f4e54a23b94e5bd5702cf19773c0b5b3c4c19fbe
5007	13	0474ba1bb195ce576a1addd4ddc2202569e08fbc4c5394c2d37258212e6d2073
5008	75	8525089a1bfd2d88ea979c97aad8164f2990d37ab3c4999267d0c468a094f35e
5009	75	b03ed1f9896372d4fdd0a390bba314c76309c5b9adb51769af7e352366de3a87
5010	38	085d36999fe395bb5d3ba0c42d6c363fea240507ecccb354a9062db79004be70
5011	7	2959280f6156c1f651b522b1b186163b66db45adbfa9bc671bed073529eec1d3
5012	4	27e5788d5d9d73d24a81dbc0a5a74bfa82c9c3b3af99e52af796e90b468a8a3d
5013	115	3e483928c4b8795452c76706cb72d108b45ad0efbe3034a2c25fe1bfdcb672d0
5014	141	1e65d9051435644c992aade9cf85f6b12190afd3b39891b6d1325b030cb7c3ff
5015	66	fae8da7f6d470642ae112c3573f0bb3da2973b5a0168d8eb60dacf8497ed522b
5016	61	1a42af94f76b7d9c06f30886e773a0a0224919a7cad2b9f125f250dcd433d1f1
5017	49	b459284ffad1f88567b3cb5ba68e92902185c6731228939a88d2bda1765d0cdb
5018	71	99161e8aa156426402912bb62ad9f2a568ab0378f562fef05001a9fba4627373
5019	60	9ebb1c4d115e01d106fee7a82ed1a8b65b184dc58f5d63c668f6c2bec16f8351
5020	30	c21385e4374c3c176e768aa170197efd464b50156db040d7a4f64b9b6b6b723c
5021	94	6b7b1d900bbf2e61110c54271f4c1fe6b12a188afc7bcb5025d6eae8032e7f17
5022	13	0474ba1bb195ce576a1addd4ddc2202569e08fbc4c5394c2d37258212e6d2073
5023	26	27b77a5de22eabd55c8c40e3f46a16ce5bc09804beb56babc22c116c4e29b5c6
5024	105	35207a043bda9ff9597ce6120ffa039b1c6d1bdb059d09e658e768632c1b2ad0
5025	7	2959280f6156c1f651b522b1b186163b66db45adbfa9bc671bed073529eec1d3
5026	4	27e5788d5d9d73d24a81dbc0a5a74bfa82c9c3b3af99e52af796e90b468a8a3d
5027	16	a6bc8049e4f4b800c4f0bc111b689d7ce133ea061386d57c9e25a1197b9805c7
5028	157	e449f4776d06d3a490bcdfb0ff2225b233e509f6e69c59882b29926a1ebf5574
5029	170	0fc004c9c5346e29e74e6fce9693447be347e94ff0cdd702ac6f8e7ce21c131e
5030	171	5daa9e8ae0cd8fb62fd2c64fa4f1e091bd6adb6f36dbc470cacae7c7e20dd2df
5031	168	3015b07b55a62d832931b5febf3b92492fd52f045611d538d5996195f611912c
5032	88	7568f01764c57496c2f2f104122d8b949f32601be365b142fa4ea797d21c799a
5033	5	42a2cb25a122b44221a6234ec660a7b5fb7f9bde7b3b9e2b3c559a0d96fac739
5034	51	2dc322d5e9a11fbaf7f3cffe0f8430a7012c44926e4acf175daf13f59bc15bcb
5035	101	7fc0f89080d1812b22ca725dc6b1c07ac29395500b21dd75c7f17df0af052141
5036	40	89922fa22e01b4ba4e58d3ead518e8767ad1d6ea6eabb46918f7ac59f22b373b
5037	96	008f7a15b9f7d40cef1f49d7119b1e02643b0e9eaf002cec03be31e6939f94a0
5038	88	203b5e7577151c229a55cca0516ab212c5346f3e76cc525710130c7885299557
5039	79	a89e5c89567021c6d4b7262101c38bbe20ffbd80a5d6cc1367bf9402fc312f62
5040	49	1b932e67fd6bce48b014b81c675d83233abaff062eb68796dca73d8276680bb9
5041	32	42aa7a3510d72b4697350dc3284cb72bd3e1d5a6e3bace40c046f2b86df60a50
5042	93	99ecb2c154fc0b88a31afc325cfb5279a7801093e4d41311b3393fbd420a3702
5043	80	21316d2750c2f3fbf7f2d156243ee8d6e360c8f372c6b341e08511bf76df3dd5
5044	7	ad9e12546425576d3deae8c9b9dbf128d5d6ddaf5d7fe857934927deffa3b9dd
5045	18	3013b62cb1a57d600c1e06875fc184ad80e3f57d63cd3548423cee6e99f9513f
5046	119	d4c4a9bc4b81275d3d75409fdab5dca0d3e03d78535a38662c442560111f1b87
5047	135	2c5a59f3f6b54d8905ff7f4b7b9e89562987e35705562d0995292a0516591555
5048	1	01ba4719c80b6fe911b091a7c05124b64eeece964e09c058ef8f9805daca546b
5049	85	66264fe5b1e59c1e0d7e76ed465490b860b4295a76c31fce918142e38f29bfc3
5050	67	64c3d77e03b5287b54bd1af66787ff8de5e241ccfff24c4539b1967407d7da74
5051	64	f6259b9fe707d2ab8abd2ad9d8b9228998e55cd1faf59fbd2b478397f89a871c
5052	40	00fa4d4cf8f5fe19c147883fcd5365ef04c869c33e6870e01eaf184e5847a18e
5053	72	23371c3f8c28e8f74b2630b584dffafea2a90d64e20de25586420a8358f0fc7b
5054	94	329eff41dffa53a3304a591197701fff6a904ad35bf0395d953e626f8b3e26ba
5055	97	073f9a05caad14d71cc295d2aeaa0b81be726c2e06c8cd19958452f6eaac244a
5056	91	24e949bfb2ebb8ae36303379ffd69c99800e4c9239bd441e296b9c6b932f4493
5057	125	449fe769fea098d7f1c0639657e3c01064d0539952aa72cec78d3b3de719e9ed
5058	51	8c6b710728ec9cede19cc85b419cea72afbccb4f59543a44f970325ad863c38b
5059	39	9aff6547e1de2b254e0553ab5f92e8f337d429fa5fe3bef4889958c3b436829a
5060	38	bd6bc0ed58ac087f91d1ab090bf95f2050d39a4d60992d87f33c7d3ce82cf8ed
5061	62	6df83bfca05934058d0ee13bfec34c15fc4b7803eebe4ccfcbdae6f3a3e9dc56
5062	155	1d1c32148818ee3a5b633c4f0fc454bc7f6712b6cc2fc4946efef274505e715d
5063	1	01ba4719c80b6fe911b091a7c05124b64eeece964e09c058ef8f9805daca546b
5064	15	801daf173e4705ca01926d82f181aeecfda236b45a7bd5def1901df45eab160f
5065	128	e8ecde14dc8b1e59fbc4283a5ab09366a3f5a41839ca22dd6804379b37b7d539
5066	128	283fd739fef858608b868fe9a9612f66b934266239e463313ed2120f34baa539
5067	128	3355816c17abaa732db8a78c4ad829b4b92800ecb3d57202b94029065847f9a7
5068	132	89cd481ee6c8e96c598e335628c2ab203450af67737654a36492fcce0e8dfbd2
5069	132	6f5da91f667a39345d86cc279164221f238a0ad57414adc3a7a510f72899f220
5070	135	26f1b9da2be6b0b2fcf829ec8e12d683c974572bc946e1103437c83bb4c5710c
5071	138	37fbc4faa1ac19e5dba4238a1a14b1fb1963f004e72e8cc2c9cda5ab9ecdda0e
5072	7	2959280f6156c1f651b522b1b186163b66db45adbfa9bc671bed073529eec1d3
5073	106	2bd01f739699518ab440e47016d0ee5a5dad0f89f0f44d2258eac64278c99e04
5074	42	f53f741fabd009ba607792e0bffd51a2b804b1d7060fc22eebf0eb3e956574ed
5075	74	af41e1d54a8919df1bbee5689b562d28f35466d4c51d15d05d9983da7dd51ba1
5076	59	04d61b77d5f568fc0a2739027b4a488e8808f4367c598ed39727aa314db59925
5077	43	0a1b71287d4ae08858a18a35e558ff45b93e5b8200a78a71ca3e3fde5a71b821
5078	112	d2825c0e4f5b57404ff3e8969f21570389110de4f1de1af29aeb1b5a50c05e94
5079	102	694c3605ffe01d8e498e5b7f0aa2180c2ea04b5bd002b122254c1dadabe9c811
5080	33	00eee170a389b88fe8a3aff1ca4843f68b7f87140c257d6e428741e800858390
5081	90	d291b4ce58f16c70b783ecc4333f50fdb9e4cecae35f42cc5285ff66030a8eb7
5082	64	72a964d989c30454e3f2a02732a299c0d02e540dc3332c29aa86083c4c441f06
5083	67	af9cf50e3e3704ed1c11fb836a15c3c38ca37d5b7cc5eee0973c492c67418c47
5084	87	a394792e48811e029a58498c4cbaa2443ce705a4bdd67e3858c119d7d2edb07b
5085	39	59c6ff796d058e6eeae13c16d0b2a27c7b509bf22be2106ce803d8e2a1efa8eb
5086	8	9b62f60d8590a579cf46f8d67378c4c572b962ceccdb90c7a5f7b42b960782a4
5087	37	8c29961675e88be94334ba7d72db90aafce66cdf5bed0aee751abd8e0bb8b92d
5088	45	494ffa586598de40f69bd867d3ee37032faca0783fe59ab2f8ba23ad7af45868
5089	40	a69046fd325b4f0ab70cc33263f1289efeced821b4a3c9623eeed6ead5c78314
5090	128	b1df5f4da3a91d35548470dbeb7efb27cd2969db2f9f2b4a692c17f9b0bb16a2
5091	112	e8f53fa054b8eff3447a99512804d6ad8e8a2fa3a314cff9286e0e40386c3e09
5092	6	4893f40e3781eb896c82d046a08067a11e35cdf2f1dfaf26fea90b8db6676413
5093	16	3562e75b16b588a5ad0605da306a0ea206dc86333e4db5726dd0b74652fff1d4
5094	4	27e5788d5d9d73d24a81dbc0a5a74bfa82c9c3b3af99e52af796e90b468a8a3d
5095	49	c4255a58eee92f315d71c7a01865632763db0b17003052125630c2198468bee1
5096	57	bd5880400d9909d994b0610780b3b85c0c3919cff613dc0615ce3ce365888d33
5097	81	079e276ac4227f24e6322fb5824d9e3fb1e26d84419d174e2ec8477dd44d3248
5098	54	67eeef1c41a897af7d48dac14c482b98c5831a6ca34556e38c3bd3f77e598fad
5099	4	27e5788d5d9d73d24a81dbc0a5a74bfa82c9c3b3af99e52af796e90b468a8a3d
5100	146	53ee222229de7cb73949882eb9c1c1eff057cfbf0f8deb0caac03af603032cff
5101	6	49fac5a3039bbad287ac815d533cf3abd4b4217920cbe2c93bb34a6e30003142
5102	10	2f358f0371a6e732c4340332235199dcd91ebc46239a5ddcfe6f9a63e6ebecfe
5103	44	4780ed65e46a63bcb97818ec6844a1e08cc996c7e6c4e8222e82872ad9015b14
5104	93711	4987d066dd74f8703feb9b4cd062fe7256206ddf9629da5910e61fe19eb0df2a
5105	2550	65a575d14c9a9b438fc09b80a371f6947a475c9ffadbcaf9af820d6ce6d2c0d4
5106	234	f5a5ccf91888fc64cb0f94b26df967de65be20644ee4441dc05b35f5d0f822c8
5107	691	82a608844cadeb638267a039f81630266c41b6b28fe04f6a2f6633c59e031fc4
5108	13	ac9daf2767693c3d2748dab96d89501cb65d667d71688bc3ef207991d1bd3d10
5109	16	6e3b132b5b9446aefe51a0dc1b5c5e9209c763260d2fe4c010cef6d82481753d
5110	23	917d687020d3511334b9c4fc83259ce7970c6298844828bd40620c8a4112ae46
5111	43	55cf967c73479635922886011f1b0c100fdc07cc1cb60a95a10b321d06debb14
5112	201	0714b3cb09871f2e919d9e2a6b52108a3f68e14111d40ec1ca7c7acb7b3b7443
5113	129	5f8b375f60353716e01d2ac9aca351494da8db690b4cfd3d66be928b90fa0a68
5114	68	207585fc3006655fd831d4320d89af9efa4cedd5c4c4368e7ad342fc31ebaec1
5115	128	48ff064540b114202836d7a41f0f5417aafffaf63e412bf6a23db53741f6ccd9
5116	18	4bd27f04a902b8a62400deb3d233a3d8ff449b71cdcd744cbf7118bd24db48f5
5117	101	544f2c0ddf23e04b605e98cec1999af4daca55bb96cc2c847fc0071576abbb42
5118	44	677f0f29fddb96f1c2ed1686f1c68e36cd262e2503855b86dbcfd2881b851e95
5119	44	7cb585e70f260db11be8ca711f0e8e9c9323abae218fb91b0442a401a9d03d46
5120	65	7cce25584544a8eca4458b163d3aac94cd5132af07508dd51901ca179c63d62c
5121	36	3c05c356b32fcefe2c7519c6862d4b2bb90e01e6082334156e30d3e26a36f4e7
5122	22	46e7fe74f7b8b64ea150fb3fe5c2372fdb8d687ea6ea7a66e3a66807a07673ed
5123	129	832a85f096e956eeac64d8b67fcbc0fe75ea69fbcae71cb121ce0fcfc10b2a29
5124	34	fc9711ebb061c074ca136af980cbace6974f72407635cc9ec5d6868ea2980830
5125	8	9b62f60d8590a579cf46f8d67378c4c572b962ceccdb90c7a5f7b42b960782a4
5126	39	c958940f587cf15f9b30c6224534981ba0b2c74187cbfd1a79856d240653bf32
5127	22	546bf4ebe80455eeb9d32be8d2f95f62e53ce94caa4a9db18d92f78f8cb39a9b
5128	117	f421e4a75650ad44b900c1af4173cfce2fd4c144ca2b5f4eb0c4e617ea872a75
5129	56	25c6579ad9ca161a1b86750b6ae8fec6923e076b8f477948fb576fdae75f30a0
5130	40	cea95c50a3279120176fc4434d44ad09f536655ae3bbc2a8b3cd0edef466a0f2
5131	6	4893f40e3781eb896c82d046a08067a11e35cdf2f1dfaf26fea90b8db6676413
5132	19	4501a34eab66eab03b9433c30b46a1f4de1d2e32b4c38430a187eb5e948550b0
5133	40	d5da3fcd99eabd90ce74b86fd619096083d86df3969857bdf45ca35cd7148ca2
5134	105	149d984ec93a3f881464a59f5ed9c42eda215042420cb447a6f0e79427a544c3
5135	159	2ad808ac46888161a48f8fab2f7a64ee96d26780077025c95a4bfd1dcde288aa
5136	6	4893f40e3781eb896c82d046a08067a11e35cdf2f1dfaf26fea90b8db6676413
5137	139	62671ca651c56f53e60563c670fa4841a93221b603f83f075e1dc1e48e4f4258
5138	127	cda921d1481494704ad41ecc3868bf1c9e1f18c57c6609e1efe06cf9d59753e6
5139	238	3ce40e0e86b0e1408d21581c34ad31e5ee2b0116704a3ab7adbb85f23fb182af
5140	42	55a1818524ed80e4759b8dd41ee776900e849e668db5633ad862fba37d884cdf
5141	4	27e5788d5d9d73d24a81dbc0a5a74bfa82c9c3b3af99e52af796e90b468a8a3d
5142	27	60deb8978aa656c8a4084c77e5373ba761797b22290fcf07169cdb885746b373
5143	70	c230e67f070afdd1ff835c4d7e58083853fb5fa6e2c4ccfd5c5250a483cd7ace
5144	53	4735fe5e18e5fee75685d46702d1b3625b0fb342de37110b229abed343f3bf96
5145	66	e9a95a68118b184c52e87b9f9ec4d46279b5ce96895af80fa72b6140cacc1d85
5146	78	6fe72f996721864b69ae638c716ffac3a837db0d84ab75803820bf01c03de298
5147	71	b0100ece3932f145826960fad0032e4f51cdda555ae97b0809749adf81c3912b
5148	148	012b3d9a7dd2f9bd28509c406c40d3ab1b912255754cabca661ce766c0ccf85c
5149	110	a453ef1bf13c617a0c862d46244a0d3a81fa33b4aed1d2bf7f592694e1907c2e
5150	42	4c6dbc3fcf1ae3591f4e815d3c8b871ff84f12993ea5075d5e8887ea29a86f41
5151	53	2f28e32e3507f12806e8b78d73a113471980f0dffb5a838e6504b92a680ac4ea
5152	75	76f1a939b0d787d485954976bcd3c6c912309fdc4b0dfb96494a42e6ce1932bd
5153	92	e51f492049a1791afa57da5a76f6146d75dffa399a0464021a7dee8b010c3206
5154	268	bd34c039944e87c82e0bfd1f8d617f49127c0f03c5a0677351cbf11da5c13de2
5155	17	05b4f62dcac7461421a31ddaedc90f938afae867572d5b44d35937f3476a8b6f
5156	326	7bec429ff3f87249acd113b9b2ec0ed32b165a7d33759985b308ebc8a99c7d08
5157	343	ff2d094ab3fbe17cfb59d1bccfb46b062332e07bf288c95d4a25268da036d4a6
5158	46	6299dfc8442ae63051b6ca87687c1dee7ac622559628ebf14056179ae76e28bc
5159	235	bfa3f14aad7e08a93e679ead55ab0afdd71ac7d25ac05153f8e90fd5e3e52bb3
5160	69	5a1555de20e7d9da44212c6efb42552fa2adacfe39ff81acaf03c334d3d267ab
5161	4	27e5788d5d9d73d24a81dbc0a5a74bfa82c9c3b3af99e52af796e90b468a8a3d
5162	149	81b5be29ba22e827549e6ed13a9453176f72b01fd0a2618a5c5e9d929087e447
5163	197	1df3ce7f646341736730d97ff45acab999df11553b3a1d37f3874893af3badf3
5164	52	165f6608a60ef692634a01d25bd26ad6281010042fec788aefcd48ca701d5958
5165	36	3eddec013d335fae448c2a287c7ce51e890c1dc694394afb6ddf836abb5f1fce
5166	213	bc7882cc747562fcb74eec8cb6621020e4300dd2254944543ce247a2ed5bb819
5167	40	bcc35ebe23989747c264646386e3695f005944512bc8a2f8e16fe1393c17b416
5168	1075	a6722cf1a2277a3b8ae09f2a384b6a229915d7ea8996bd29f203d9330612e3cc
5169	95	0c6ec148467938bfa54389e210daa49de54f56639cdadc683cd62564dc67daed
5170	5	42a2cb25a122b44221a6234ec660a7b5fb7f9bde7b3b9e2b3c559a0d96fac739
5171	49	5dda1fd10f2b611521d3605cb6ce9bcc429ebe45376ca3640dfaf71a15ec8d08
5172	159	ead0e73a9e5794348222168ae50be44449f350ccfe2697a2ab7a1cd79c69ddae
5173	167	e4630c8a0215d0c3d6ea6aaeb7cf6a2e59bc2c0194ce026ffa5800f8151b9cde
5174	5	42a2cb25a122b44221a6234ec660a7b5fb7f9bde7b3b9e2b3c559a0d96fac739
5175	25	16f3eeaa8942328c991fa69799270ecdfb847eff5e3b23be2a506483adffa255
5176	139	415203eb5d828255966590eb894082d086abde83ef5b48b162f13c99e9a9b580
5177	6	49fac5a3039bbad287ac815d533cf3abd4b4217920cbe2c93bb34a6e30003142
5178	10	2f358f0371a6e732c4340332235199dcd91ebc46239a5ddcfe6f9a63e6ebecfe
5179	45	615ea54184ee67db6dacbd1c723e67487259560d14e1c9b3d82f79e7326497e2
5180	13	ac9daf2767693c3d2748dab96d89501cb65d667d71688bc3ef207991d1bd3d10
5181	16	6e3b132b5b9446aefe51a0dc1b5c5e9209c763260d2fe4c010cef6d82481753d
5182	45	78e67b47c051804e404bbf080b6665c0c4cda6deb8f8290ab8c1a49f971a2b99
5183	41	ccbaaccb0d38928bd02f056b9b0fe53a6fb4536c22845f0cf0e855f4eda372a6
5184	96	580b1da17d6c370b199f7f568770a979dfc1a1527e305aab984fb9cf1e66f4b0
5185	20	3a539514d97a45a83824cfd689a4a0274dafd8625b2c28930abd7cd9c6ec758a
5186	64	3f71fdfc2c95271be4fbec1fee15d2aba749e8b421fac09260fbdf8ccf36f775
5187	66	96e9e1c94da5abee280c3177b3ba3576cad64445bed8e8b2785a475817a2712d
5188	61	ccf44e128bdc43f043a245d13c859fbea25d09c69d7439bb375451040aa33bf6
5189	68	fe4d36e7df1f291c91c6ed7b0baa51b574072803163ec684619b523e304dad6b
5190	63	ab488f9708f47d111a8707ca7869b6d3e0e56b7ba47ddd4048558a9b74e96276
5191	5	42a2cb25a122b44221a6234ec660a7b5fb7f9bde7b3b9e2b3c559a0d96fac739
5192	18	d173d1dc8ae19f53b616447a7ec837269f1a699d69f99120605909f874b1475f
5193	121	1a7b96d8d07c80a733df2b078a7f5110e0a1abfa02a44fd0678e512235145106
5194	136	5ae10f2067d853ec6f4f257d87c59ada1ea1213c4c7a418ca1c25c727932c848
5195	129	65eeebf4aaa3f9fecbcf4c330390f034c14fbbb9953cd9733cceca3539170f8d
5196	126	ccd89e327445ee15dd25cb77d80bcd29ba3e3ba24f4d2b4db56fda61a0efca30
5197	124	22c83b1f7e18864eedd28a23fcf58e2b7b9de03773ac6284154b09787f508054
5198	134	1a638f0f38c14bd37a4fe091ce4a4b538485cb28a8b67c3a62333a281dce87db
5199	124	28dc639d132bb81b9167e76a3bcdcb751cfa12c908b63a298bedea3664963b5a
5200	132	26d235434a9147a1e327ca4e6c20e89a35b22f590778ada1d73b6b820bcb080e
5201	130	852285eb25b31abdd1f9d04e745a8576f0bd25b21c32a2e4838e2d152ab48c34
5202	5	040190a3058d9b1e76b3c5537e727b5bc36db0554b871e50dbb8dc95b8698260
5203	52	4146b84edb1657353d7f1a3eb9ce28066513938118002fc01a51a795efa6c971
5204	36	e0aeddb34ac6d53d3386cef5d91dac068c493f7eb5ba528b264e46d35a0d0c15
5205	70	d28cc4da7820fd8350017b44e32cdf18026e5835d946527d086146bcbcdb3870
5206	123	b2f63769a8876c2b48cb0459163d4d57b01baeb9943040601bbc036fe57d5992
5207	177	e1e7bdd65578953526f56d5328abe7ce353aeaa3ddb9e6099b3e028bd9332862
5208	1	01ba4719c80b6fe911b091a7c05124b64eeece964e09c058ef8f9805daca546b
5209	24	f9efd6ba78682b3c67f5b4164bc1946e347aaa28678390b98d88968d47d50c83
5210	47	5380dcdd1ac91fd8679b4a3861f7ce6f675dcfd08efa0555798b7340aa623669
5211	105	f3eba0cbf67effe9308b647064d0d04dae4f43fa29fb0a1bdbc56c2c79aee4c8
5212	235	119dd30fc2bcad301746649c1df7b0b84a93acf06e1e9d9517e8463cd3ec8d09
5213	9	2c746ea2834183923b5b4b1ca098f2c41a55c2ccd4ededbf32ec59451e1aa978
5214	83	b8f1d2e63075e346208e4c310f19421e5ec9fa9f33ceccfc912bab1d4a6b4582
5215	218	4a459f602c037b02efb4f9d9db13fe816ec83bcfb3f2570292665c5519242326
5216	9	2c746ea2834183923b5b4b1ca098f2c41a55c2ccd4ededbf32ec59451e1aa978
5217	53	06a0520057cf527aea164c1400491b25751a2a0e506494ffae8eed0e06577ff8
5218	28	faa0bb516cc6ce26031dbe887921a71c0cc42146781f6b4cccdbf877e70c7e82
5219	4	27e5788d5d9d73d24a81dbc0a5a74bfa82c9c3b3af99e52af796e90b468a8a3d
5220	1	01ba4719c80b6fe911b091a7c05124b64eeece964e09c058ef8f9805daca546b
5221	35	df5df19cec3e60567d9fc6ae6c2ed152fc29dfe5c4f869f480840f4c025f1827
5222	34	1086f3a2a8b1a516f41f8d7df28f2cd61358387d2ad2b132a0469adc2dd49e24
5223	136	f47652cc3e8b52dcee8f0ed54a9d45a8e484c8596247da24a0fc4051777fdf4f
5224	4	27e5788d5d9d73d24a81dbc0a5a74bfa82c9c3b3af99e52af796e90b468a8a3d
5225	29	beb62ccea9c94573e943ac1aa72c7e56c5200e756f335a593e7034785e21b6b2
5226	64	6ddee48ff023cfcf37198a4edc293c084bba72d37cb096e5b002f994d14eabb2
5227	46	ea163b3021e29b0c26c6e8e098ed1027b65881e86dbf9deda14937398ecf4573
5228	94	808257fcf043c33114e0b0ca592b45111306f31a0fd442e0372a3971a9544eb9
5229	4	27e5788d5d9d73d24a81dbc0a5a74bfa82c9c3b3af99e52af796e90b468a8a3d
5230	28	4335ef0f7271fa1e9763a0c1de93f3b92123670c341805f22079b1d6b373ad16
5231	66	5477ced778107a96b6ba315e612c61b7cf259b731a14c2a8fc62e2de061469a2
5232	118	83f6ad49e3128134e3eccbb964fba047ec9b56d08cf75fc240e28aa051677ea1
5233	60	058471a2437d08bca258297e02df15fb1ecaf0d7eceb79677328ecdebb48c03f
5234	20	abf84915acadb3d9cf164eb9d7f9aa53d55cb8fdfc954d93c558de4ebf844189
5235	4	27e5788d5d9d73d24a81dbc0a5a74bfa82c9c3b3af99e52af796e90b468a8a3d
5236	293	9651db265e5d67d29577668c25d63de77f14d765aca4cb0769f56c12d8b5ad5c
5237	43	a15f4d4dbc599899833aef240d61a5fe82b401243d0f2f3cac044427584f268a
5238	45	3a4df408e96daf15cab3e59b85336007edea4b129597f1dd7d23639a8118cae2
5239	101	9918a1f2f646f4d1cf9b3eea5bbc1247252e4629c81a09ff33c57e46dce99f26
5240	61	a614a80ecea380722ca06b6551636e9fef0c263a8ee6a72fc07b9313a84b1e82
5241	41	49e9bbfbbc8893774f1d4d7a79d9157621344d7f1af086cbc000b6f746047f5c
5242	78	990d5bd2c5d7286a33d02637eaf8dc0df8ebbf4ebc2f439359bfad29e428c6f7
5243	59	2c9a93a0e2fc6893e1e6f8dc01bb0a04ee31a8700e7605d76776db8468504659
5244	4	27e5788d5d9d73d24a81dbc0a5a74bfa82c9c3b3af99e52af796e90b468a8a3d
5245	1	01ba4719c80b6fe911b091a7c05124b64eeece964e09c058ef8f9805daca546b
5246	36	a2c80dfb46cc09e223ce22c59bca8a6cb034d0e2a0dfc42a8d6ffbe077e4db1e
5247	62	c2a28b1b6d5c2b504e4d822626e36282f404d0ce1ef7bc6f870c7da2251b9481
5248	53	de3fca3e5ca9b9eb30e25f1f1efa18921aa5f8b43c639a741aa2207584fdcfe1
5249	50	432fbafa048cfa06edc187fe80756c9825b00a2c556239615f023dab1df297fc
5250	221	65d44bdc72a4a43537a5dfc94a8fa65abdf70b0c9746b8c48de35d321bc2cda2
5251	32	fb46f053da10a18e39458a16c5adb04974256662557c6ffe9a2ed540eed6e4fe
5252	4	27e5788d5d9d73d24a81dbc0a5a74bfa82c9c3b3af99e52af796e90b468a8a3d
5253	62	99f54e485c56917f26b76304f180850864543f953dde84a1d479e9fe48742781
5254	1	01ba4719c80b6fe911b091a7c05124b64eeece964e09c058ef8f9805daca546b
5255	221	b398bb8cbe6a063b51956719ef2937dadf9aa7ea84a41d485b6e0acd91f4ae00
5256	104	6ea714ba7245de8871e384895a53797ceb30efbe550e7a7806e8a1c843ffe0e7
5257	170	80a70dcf84713b835e105f04bda0f246b91e3f33839055d1064a24ae86afafd9
5258	245	5b8adf7e2d5fb92c4cb5b48b9bfc1265a6abf90886dd4836ba08c25ce2efac30
5259	28	9b524d2e1bb6f8ea3366a561e45b2634211827df1df64d4060fb878fdf224aa9
5260	94	80997168bbdcc4720fa7269af7d1a5d00237352e0954a4b421c672dbf34f2e5c
5261	299	ea3801d856492760b7a9f2c8a1392b61593d10017ac04bb67b23c704082c8e58
5262	4	27e5788d5d9d73d24a81dbc0a5a74bfa82c9c3b3af99e52af796e90b468a8a3d
5263	1	01ba4719c80b6fe911b091a7c05124b64eeece964e09c058ef8f9805daca546b
5264	177	db5f1eb099d0de92743ffe016ebd9f2afc1fe595d150a99915727e7bbb517cee
5265	399	6336cfaf1f75bb04837a336540476af5c17d742a3226677f6ba8cdb8be414a82
5266	1	01ba4719c80b6fe911b091a7c05124b64eeece964e09c058ef8f9805daca546b
5267	186	0d2d81104b8dc9fa0d5367a68c060044074b5aebeb5427436533a67261619ac8
5268	193	daaf6ebbeea834bd3089afbbf106fc62f74396d336955ab711024f99c0e6cc57
5269	38	d74c6095497aea60cb91f7c0daaa545b782852a4791ea730736915ae7b0070e4
5270	66	8518f2b957877f8e551b45b38bf1f53d066af7f9880c6706c73337cac756e567
5271	85	ffec88c23b6b99bcf2aad00b81c72b41251370043899f5490198b686bf8f7811
5272	205	7f76ed845c9299b57ada82962c4ae6baac2dae7e8233641d7b666b5de49f1974
5273	359	31e20b84e529c3b8a98ea28523d78e0bbc45ed26c7ad2d55b0b3f2333862e9bd
5274	94	67b041b2d4807b1721d24a1195eca5e9c616c42de4098f7742ff33e8eac46eee
5275	190	45b81ecb26c79127b55e024b4a56a197f82e9c28634209df3bcfa56fc4d2fdc0
5276	303	04f36f41224d9fdefded078fd516183861d1967a83ff5209d469457cd6e0f0ab
5277	244	dc2d02c8feb74a29a9ebf5e4aacfbeea2b518240d0e4f166c1355be28d0675e3
5278	281	e243c850c7af19d4b593da9fe15f5f13c414d5ca877a7d88968385ef1d0bd63c
5279	32	ae8577ec5e2eec179fd1bc50e6d2bee7ca2fbc90ec1c53aa972f87918a0e3b14
5280	4	27e5788d5d9d73d24a81dbc0a5a74bfa82c9c3b3af99e52af796e90b468a8a3d
5281	1	01ba4719c80b6fe911b091a7c05124b64eeece964e09c058ef8f9805daca546b
5282	182	fde3dd65a1d416c760dee728946f573acbf463d93e9b83549bf40632d1d62ef4
5283	44	b187dda212ad588ccf546dc7cbea6f41528158a566f1b5a99d359b63d3087355
5284	80	6384fcdb057b37d8857cc4a37a7fb47db3bbf3211945edb4f6c13bedd27188d9
5285	144	288d2e837ca89b1a7da504b2b03040ce9bbf197c2d7dbdf8a6cac70f8cf8f299
5286	62	45abf6268b6cda631907e91089c25bed101c57928d28d16d7a1106db76d059fe
5287	4	27e5788d5d9d73d24a81dbc0a5a74bfa82c9c3b3af99e52af796e90b468a8a3d
5288	340	6639e7b9d68581eeb86a870e7fad03ae434d2427d0882e0a4459e069e58c8c72
5289	1	01ba4719c80b6fe911b091a7c05124b64eeece964e09c058ef8f9805daca546b
5290	224	213740c303f055ad9d0a798a8a1a1acd24c55a890bf0fa9a5f4056ec6abb3889
5291	29	22ed2de67c2ebe54f06fe1697af9be94b8750459246012cc5fc7e109157f441b
5292	117	c1f3139b1076ad99977a8d25c71365f70ebe3af57e5e31ba5b332deaaf08a05f
5293	206	3038ffa5cfc60e38e9b8d71a6e59b5fe1b10175629a55f53a35fbb1284591f28
5294	64	f0b1d7b7f2b78b30fe195980b02bfaa87881237122244ce1d3183b63629700ae
5295	380	ca38aee6a42115ad6c1efe079456162a9c9cb8659a674f0fa70350892aaed58d
5296	169	37d631a23fac02f8ec013884957f5aa74b1119df2fe21c14e70d74edb5f8fcf7
5297	48	58183df0a6cd205cdbe402212e173606e3e7dee6545cc754da4c923a37f3ef5b
5298	4	27e5788d5d9d73d24a81dbc0a5a74bfa82c9c3b3af99e52af796e90b468a8a3d
5299	1	01ba4719c80b6fe911b091a7c05124b64eeece964e09c058ef8f9805daca546b
5300	58	57183b5b6151013cd760b4dc9d3a469a8d6d4269018210e941a47b22688007af
5301	41	fe170e10f0187dbf988be2ade5feef4a5a30f1ea816b94ad6bf1552233535883
5302	89	617dcfe896e7ac665443efa70a665179bd7ac675225118d86d6abfb77506f9d8
5303	60	43c79adbc25fe66a42a4902a71153857b514df9e75db57fad55e0f97833c2a59
5304	213	e60f44222559b98d73bd144e6baeb8a742c9085b0897dffc872b3963ecba3ae5
5305	58	fa6594c7ad472ddc414f9ae17c195eadffa8ebcb0d796ea93af48f0f5a993698
5306	4	27e5788d5d9d73d24a81dbc0a5a74bfa82c9c3b3af99e52af796e90b468a8a3d
5307	182	f383c2b368d95c090640fc1018eefa90943833c3bf77c2ef0ff84fe76bcb4207
5308	1	01ba4719c80b6fe911b091a7c05124b64eeece964e09c058ef8f9805daca546b
5309	36	6011a36081df4ae4d786a618dcc17ac4c85c607663b4e61b165dd712b53e769b
5310	140	88d27592d35a2241ad702d86ee8c9370e68348ed6872641a89d2bd7e10d4e551
5311	602	a25910f5b9348606d51f73eb4246f3d387ebb5233be0b00221d7577a58e9a479
5312	132	276a6d083a3bbfa262dd9305295fc842cb94f34d570d432ef4afd44e9c0470c1
5313	267	829867456f62147a0d4bd1248d731bd9fe3783b91d10168decb612761fe005b0
5314	254	bfc793aff316bb1eb8eacfecb6df75e993e4046498d33afbf2b71005810ba46c
5315	190	bc7ca2859bdbbdf9115a2072d368b676763980e7cd56aaa4bf4dbf6d78bc2877
5316	125	8ac77eccf8f71931ec0b446bdd3ae669ed27dd02d8010c9efe332de592d3d73c
5317	4	27e5788d5d9d73d24a81dbc0a5a74bfa82c9c3b3af99e52af796e90b468a8a3d
5318	1	01ba4719c80b6fe911b091a7c05124b64eeece964e09c058ef8f9805daca546b
5319	74	2ee9bbacde72b6b356fe920adb6e986e82da7e5e9d3a4e07f511c1dd7b3f5a91
5320	1519	2d87bf11d3adbbff3f9292e102a39a1bc11dfa7bc304aa29c7a9a18587e82459
5321	1	01ba4719c80b6fe911b091a7c05124b64eeece964e09c058ef8f9805daca546b
5322	530	a7980ed03bd28a9062a385664a7c8d8ea6810611184d6e8c2f5652e16f6c7565
5323	1	01ba4719c80b6fe911b091a7c05124b64eeece964e09c058ef8f9805daca546b
5324	620	edebcf3c3da17d04720f292f09175fc3daeed7ea0fb94a007e1533fce76b80df
5325	74	892b098ffaf81302130ddf49b9224529f6cf12ff1b56d926cc9b22dbed6332c3
5326	414	644b712953d6f9726afc3718fe31cb6e78bcba1dbcaad985898294e3a7eb06e2
5327	352	b2e6bb1531408ae58d1d81a487bb726cd8820545daba109f026d93d0b98d5213
5328	375	afa86c3c8244281d846304bac41ef4337f841eb3587b47066e36adda39168af6
5329	329	33fe32d3889bdd8fc8b8e9f087bf7702fee476333bd3ad76e1e35412bba453ac
5330	108	99acbe39a349da0f03aafcedacf4567c022df5f48cf13b5134768abf96da499e
5331	579	cf5aa71c93e1b025b3f97bab60942a497bceacbf7ca1c56cfd4c9d177a1afee7
5332	306	bd98c6e797c289e5d5d7400fe06b6e3b586b1c870efdc07307a853bd59d90cfb
5333	56	efdd89491558cce913ec4c9663c7e4a3b8b28e5e233ee1b10f54dab8d8c7f613
5334	4	27e5788d5d9d73d24a81dbc0a5a74bfa82c9c3b3af99e52af796e90b468a8a3d
5335	1	01ba4719c80b6fe911b091a7c05124b64eeece964e09c058ef8f9805daca546b
5336	1005	150d808dc6291375e4add914be827de0bf2efd3dd5b4c1407edd1d716db0481e
5337	1	01ba4719c80b6fe911b091a7c05124b64eeece964e09c058ef8f9805daca546b
5338	234	bc3f15a1e9980ba14f9c3657e958e306f37d86ec5c3e8bc100ea2d4594328f26
5339	1205	401110240dfc26c7dd587bcc39eefdeed915a0fdb8c9327602b35db36efb92ae
5340	1	01ba4719c80b6fe911b091a7c05124b64eeece964e09c058ef8f9805daca546b
5341	314	24e71e7bbc77a0b1f939ea89d21fc79bc1675749c18de8fe85763d95b3433818
5342	1	01ba4719c80b6fe911b091a7c05124b64eeece964e09c058ef8f9805daca546b
5343	1347	6a249593e618cd099053e3dd7a3e93fb1a358476d8470db5e18198abc7a0f93f
5344	770	23e528f7498cf71547a5adcb2a8562ada34c187b92d24a0594436665db14f245
5345	1	01ba4719c80b6fe911b091a7c05124b64eeece964e09c058ef8f9805daca546b
5346	983	2ec1750a320f381643614c0d2341377e688964c3b40b20e7e8d9ddd936c25fbf
5347	1	01ba4719c80b6fe911b091a7c05124b64eeece964e09c058ef8f9805daca546b
5348	407	cc2ee1508a223b6829a8e7447dd5a2d2724079a8f1d083e59eaa990d4cf8649f
5349	559	354a7b07648695f44c44273e0f97dcd6e636d0a20dcefefa87233e606f59c956
5350	1	01ba4719c80b6fe911b091a7c05124b64eeece964e09c058ef8f9805daca546b
5351	313	dcd4789be3c3e7104a5c15c79a6d6f803165af8bcd3edb010a8d60a279e7d0e2
5352	799	e0dad21e052063b5ff1bd7a2205ed0ec97e100587ff3b82708bf9b10fa9f220f
5353	413	1a3be32d0d9014b6c12015ce6a4a11088ba4069d957ef416ced379857b02f3aa
5354	1596	ae095de201cc321b1eae8d55cd5e6f731e919a2c96fe81b558b4515d96e06201
5355	1	01ba4719c80b6fe911b091a7c05124b64eeece964e09c058ef8f9805daca546b
5356	804	f3719b34b5e75e6ba5f98d8b7850015452d408534341482bd7cb5be5ed7d9e43
5357	1	01ba4719c80b6fe911b091a7c05124b64eeece964e09c058ef8f9805daca546b
5358	158	28913f954956a66026ba056fb00fce4594304ce3ff168c4e649aea72be39a107
5359	131	f26d34eaaabd86f8426fc2950f19e2104efbe0ef579083268bbaa0fedc51219e
5360	209	f22ace3ad8b37126d7744aa106a22d762a0ab0f88eb3850835e0a95793a481e8
5361	113	71f43e60be75f1d86e10ded0f27c6eea3b7e4a764aacbe15e2ab3fe04816c153
5362	6	49fac5a3039bbad287ac815d533cf3abd4b4217920cbe2c93bb34a6e30003142
5363	10	2f358f0371a6e732c4340332235199dcd91ebc46239a5ddcfe6f9a63e6ebecfe
5364	35	c229d58254b85b9b98116d10642ba58a4e354d52cbfd8d056ec1b5c6027c4885
5365	13	ac9daf2767693c3d2748dab96d89501cb65d667d71688bc3ef207991d1bd3d10
5366	16	6e3b132b5b9446aefe51a0dc1b5c5e9209c763260d2fe4c010cef6d82481753d
5367	1	01ba4719c80b6fe911b091a7c05124b64eeece964e09c058ef8f9805daca546b
5368	55	67aaba57e55fac54f7d66867043ead104a0035f0a9c422f7d6a72d6807e32a34
5369	56	a0d15096def783758a2decba6d95cd680417cff3014f723bc187b41edf8b5613
5370	43	55cf967c73479635922886011f1b0c100fdc07cc1cb60a95a10b321d06debb14
5371	28	1b3692d5ad78012ab58fe9c478621e8eb7f2b8b4e1ad02a2687e0776505f4550
5372	1	01ba4719c80b6fe911b091a7c05124b64eeece964e09c058ef8f9805daca546b
5373	23	16166865159dc7b06c6be42ebefd9b0419a82af0d2d0be2f69e62c76b2c23491
5374	9	0ed70545cdb9032b5b24359a1555d108242e3a41aa4190be0a6e77137cc8335b
5375	53	fc77dc14c6809393553e4d3e473a8843d262964619b534563c9926328660d152
5376	50	5303620aa89f23c1fe159a17f3b69056382746129a2d85895bf4538b3538983e
5377	15	f6b641646025c8d949c3c3e0113bb073d5477c3edb253a3fbaec11f6f444b141
5378	23	c1020cac76a90b93562f7790fb434df33176d07dae3583a0fca6164930c5a854
5379	6	4893f40e3781eb896c82d046a08067a11e35cdf2f1dfaf26fea90b8db6676413
5380	4	27e5788d5d9d73d24a81dbc0a5a74bfa82c9c3b3af99e52af796e90b468a8a3d
5381	1	01ba4719c80b6fe911b091a7c05124b64eeece964e09c058ef8f9805daca546b
5382	27	d124e31e91414892579f0cb7578fe6becee33598cebe820540cdabc9aa66c7a4
5383	61	70b140684359efe2e82cc42046dc33b619e4c7a6f474e31664639b1a91e43ffc
5384	4	27e5788d5d9d73d24a81dbc0a5a74bfa82c9c3b3af99e52af796e90b468a8a3d
5385	1	01ba4719c80b6fe911b091a7c05124b64eeece964e09c058ef8f9805daca546b
5386	30	01faaf7ceece154276db00b80c711db1d586239838497d8d67a8097991f0577b
5387	64	56e077a03f27d2efd770b2a472cb1731838cac0962c54be06dbb3fa276baf16c
5388	65	7ffb37f7fa8afedb8f817411e081d8429747b0565c4d6203009f2ab35e57a695
5389	44	3c5bac8617d28bc9af00851e9d0935f20bf2b9963ac304ffbd7e632e2a213374
5390	4	27e5788d5d9d73d24a81dbc0a5a74bfa82c9c3b3af99e52af796e90b468a8a3d
5391	1	01ba4719c80b6fe911b091a7c05124b64eeece964e09c058ef8f9805daca546b
5392	41	1680956b75fe679f868c753c4bdf55b9abbd11135283100bcc5fee366d75149c
5393	40	66fc355843c7d239b449cc2850fcc6917f28e9e5b2fb24c06d3d54a6ef430a0d
5394	33	3d1ec77fbead92ccc0c3af45a96cf0f0c35fe3c95b0222d1c7a878d3591b5047
5395	37	9aa109b0fb7185ffffa4475ff9ee64b316e8fe9dc989cc592d6127406ccfe840
5396	38	6e402dbc0ac43949efa6a59bc12e4f902ca55f46f73bd2851497f05b883826b1
5397	1	01ba4719c80b6fe911b091a7c05124b64eeece964e09c058ef8f9805daca546b
5398	22	43825076d02d1a7b092b80356e062141c2e2a0f122362ede8dab04b25b387296
5399	78	d4cd68270fb848246ce3b3632603c36ece13e4ec9366d8a89bec3f97a33897fb
5400	23	b30a1db395e38b148d18474e56a0c379b4ca3412700bc61bed0b431af30e27bd
5401	42	30e218462a37b7ab6c47e9bf327627a12c3469c06db4f24d3524cd2ebdf6a518
5402	44	1a2917171cecb6bcb790d99016fba15c736de43bdc606fff64dcf55a24532f43
5403	24	f2fa6fd99633f245e15f758e1600ea95c5226b3b89e7a373b72275e63dcb0826
5404	7	84e4208cd6ffb8c4a3547b2f54ada19978c3f365e78f9502ef5145cdd2aa8543
5405	1	01ba4719c80b6fe911b091a7c05124b64eeece964e09c058ef8f9805daca546b
5406	42	883c44b9288dce9a9799f07ad08f16ad27eb57c0c07aea6cbc5a9fcfd7a682cc
5407	66	52421c49a1b878778c11bc70eea35069f910b94d824a5f6fe8db6ba3e2a15b11
5408	57	ca443fe241e7c0f939026c6568e1eb38ef80c39cd58d383871417e7663e4911b
5409	62	546ff628309366c88ded84394a206efa1daf4cc758d2c116c6b13d105048bad7
5410	55	1bc7201f5515ac137b9efd9560e681609a425640626f49062929b4ce67a8b456
5411	1	01ba4719c80b6fe911b091a7c05124b64eeece964e09c058ef8f9805daca546b
5412	32	297eba12e4058e22446dbf4dfcef2425119cb9cbe68085bfa0cb441285658d15
5413	9	0ed70545cdb9032b5b24359a1555d108242e3a41aa4190be0a6e77137cc8335b
5414	87	d1d98bd82c7b64d06997d65b4045cf82545476f34954bdb94d3d0fe73f8a7211
5415	16	f3bb02f5631a41968636196ec98fc0ba18d7958d7911312e80e8a932fabc18d0
5416	17	dfac4e43630abf68c3a4a7573fd4c43008ba798dd76c3759eeef53e6cff8d2e5
5417	4	27e5788d5d9d73d24a81dbc0a5a74bfa82c9c3b3af99e52af796e90b468a8a3d
5418	1	01ba4719c80b6fe911b091a7c05124b64eeece964e09c058ef8f9805daca546b
5419	40	b4ca3d7640d11f59394abccef1f46909c0f5d346c14a7f89279c076ae968bd84
5420	33	48ea617044cee8a016e486689a819df161d4329955277ab1d5484f4d084d83e2
5421	5	42a2cb25a122b44221a6234ec660a7b5fb7f9bde7b3b9e2b3c559a0d96fac739
5422	1	01ba4719c80b6fe911b091a7c05124b64eeece964e09c058ef8f9805daca546b
5423	34	9a6b42772a74cffad1191bb0a54e9abee0ce33229ac57aec6589bfdf88d7a615
5424	16	7445b1db011782509d424843744086a0d48d42254a1fbb8a508879f4cbb6a55d
5425	43	73ac7f87aedfec3e1e6c941bdcf3b57cdc066e9dd9f085a1826b001465eb0a59
5426	45	6c8ca8984ab66af7a3545019b351bd3d2a64fb0f74063da3faf76b06b8bd214d
5427	16	59860bf52a429479b0fcd734619b954e8e4f0a0b42430cf6cb97a649b915d539
5428	33	5503176abfd92f65fdbb7c4ecdf507ba1c0e7a20272bba5f5c71344979964c9e
5429	5	42a2cb25a122b44221a6234ec660a7b5fb7f9bde7b3b9e2b3c559a0d96fac739
5430	1	01ba4719c80b6fe911b091a7c05124b64eeece964e09c058ef8f9805daca546b
5431	33	2fcd38fab02ac01f285ace9c631bd7b043d24f6a015396e84120c2510b8fb8f7
5432	37	41a18ff6d304a9cb38e3fc1b889befef0d0fe815c1013552def4e44e897263ad
5433	5	42a2cb25a122b44221a6234ec660a7b5fb7f9bde7b3b9e2b3c559a0d96fac739
5434	1	01ba4719c80b6fe911b091a7c05124b64eeece964e09c058ef8f9805daca546b
5435	29	6c61cd23a14fd9a5473c90ce19f39419331d1444b6a3803fa69d5d35350aa874
5436	31	9ac1c3c2dc439ca6f68e9e811c940bd1e5df291dd2bb83802c8cf1bd3129c936
5437	29	27ae10d5accfd46df7e489f562a0699ea4f8841cf40426033bcb76e0a0a0e794
5438	34	e223806db5ed1e3ba8f7a95df1379165145ec1d4255debfc06ad7a67f8fb867c
5439	37	fc85fd021549278b934065c24afd1a17cd42241cf1b88515fa4348d2697e53f5
5440	35	7c22438cb9685efa41bd716d1dc15b3378a20bcce5c05486c115bc361d81aea5
5441	31	73af040dd9aa27b71122a2e285ab82a4d7ca99d9a415e407448e21167d0f1cda
5442	7	84e4208cd6ffb8c4a3547b2f54ada19978c3f365e78f9502ef5145cdd2aa8543
5443	23	6be149e3a67a3df18f7437604531536e2f04d63fbce24aebaf927be3d8ed3d48
5444	1	01ba4719c80b6fe911b091a7c05124b64eeece964e09c058ef8f9805daca546b
5445	47	835648998e44ae25835e6ac92a3d92d78e24eed67bf01f060fb9909d6b126bb9
5446	30	0d41355afd2c9681f60b838f649ce8c904083760466d965c958841ea84ffb030
5447	29	ddfd6dea27272be17b4dc4476b48bd32d150b8d04220fed8d88177999a091b13
5448	62	d39833ddcf459cc75ff5f67800c8562b7351f02dd9105171ceed0d225b3ae968
5449	32	efadb9bf9f0290ae050921c665606bd2c2278ab4d3b8792264f3f9085e60e340
5450	6	4893f40e3781eb896c82d046a08067a11e35cdf2f1dfaf26fea90b8db6676413
5451	4	27e5788d5d9d73d24a81dbc0a5a74bfa82c9c3b3af99e52af796e90b468a8a3d
5452	1	01ba4719c80b6fe911b091a7c05124b64eeece964e09c058ef8f9805daca546b
5453	25	6f43480afbd138c601e242ae4e84a3b029798e0420a10f3f0b6c0e519cfa3cd5
5454	33	313e823d61af93a8215aca13adf1b47849642b7401947bbeadc3e6d7508ac4c8
5455	52	558ebf9451f9f46159cf599e96d9855c3c37badd879bafc07b7137c33f4a2254
5456	4	27e5788d5d9d73d24a81dbc0a5a74bfa82c9c3b3af99e52af796e90b468a8a3d
5457	1	01ba4719c80b6fe911b091a7c05124b64eeece964e09c058ef8f9805daca546b
5458	39	88e1e175e47813d64352a7cde17a37967b8155af871333570e9f98add5dcbc9b
5459	74	141454a62b4c89bf6d2700ba368fae98b8bb2f751a1b4e87143048f019c140de
5460	9	8f504acd84d4d4f5c4d953d496121728bbb054b5f1b6d1cf7744c5923ae1d83b
5461	18	1c3b3a9c2af72e7a1b59d42600d27f6bd0d96c236ebc85a076a2067a389ea382
5462	4	27e5788d5d9d73d24a81dbc0a5a74bfa82c9c3b3af99e52af796e90b468a8a3d
5463	6	49fac5a3039bbad287ac815d533cf3abd4b4217920cbe2c93bb34a6e30003142
5464	10	2f358f0371a6e732c4340332235199dcd91ebc46239a5ddcfe6f9a63e6ebecfe
5465	46	f87f556bfe1d9b3390f8f63c8224a88d11cdb0836a4117ddacb99822c3f7efc8
5466	13	ac9daf2767693c3d2748dab96d89501cb65d667d71688bc3ef207991d1bd3d10
5467	16	6e3b132b5b9446aefe51a0dc1b5c5e9209c763260d2fe4c010cef6d82481753d
5468	1	01ba4719c80b6fe911b091a7c05124b64eeece964e09c058ef8f9805daca546b
5469	43	55cf967c73479635922886011f1b0c100fdc07cc1cb60a95a10b321d06debb14
5470	198	27c39b5c5b6734ab3df082a5355da52b8919c20b27e0fde328d7611da44dc18a
5471	29	f8b1bd834382c9bd0281a845fd272d13a1fc73339cef6a9f0eaf261cdc7b1ded
5472	78	2f65050b8e907312607517eb02a8716f30480eca772c8236a98c73c22150fc65
5473	69	617f5051993770ba3f475b59fddd201146b87087dbbda01e6e2c66cb4af63b77
5474	59	52ba41453d383a9344cb38ded04140bda8bf1049e8a49e62f7acf6d351929d4d
5475	64	69dffde5e8008a477445777b71faf51dfaeb3292c34ebddb0d26f537b63af137
5476	63	49a098079c6fefc7c971ddc96bf77234eaf4820f7982b4b198eb41f9a336f09f
5477	6	1f9dbc7f2f24b5284357f986306fef0417cc6f81a83a02bf8150f7112f883b09
5478	1	01ba4719c80b6fe911b091a7c05124b64eeece964e09c058ef8f9805daca546b
5479	14	49de962d6a26826cb0df0c65dfd8f2b1c0d3fb42d2426ad984556d60b53e791d
5480	71	fdae7474cb01324e67a951d532c822ff32121b0bb91ff29689bab6d7996ce7a3
5481	53	0d6e9e0c4d3130861aac70cb96ed8953b95078199e179106948c2d4768f7a17e
5482	80	d22b16dc7109cfad85d86badfd9d384efb3d7320eeb6745045121e0683904493
5483	107	de17073088178cd64383188e2c674d375d3b7219ab011a0530ad37c557732b77
5484	114	d7fd62ef2feda5444af69b76787eff16dfd46412a7630ac1c8ce3375c19df55b
5485	88	21cbe2c08fe7dee4c274ee5b96eced983493d0273f61b01c47fbc76fd204b73d
5486	5	42a2cb25a122b44221a6234ec660a7b5fb7f9bde7b3b9e2b3c559a0d96fac739
5487	1	01ba4719c80b6fe911b091a7c05124b64eeece964e09c058ef8f9805daca546b
5488	16	7098437eae0cdd0510539c7089cc62151b1705121f8a7b25f1aae7aef9187eab
5489	54	4156efa1792eb409c70f175c7804b21243f932ccd61502f0bf65f5d7e277c94f
5490	62	29351022fb264180b85c1a54028809d05dec6d5597f2df4db979a5a620190e60
5491	63	db1746a2db89899e078b0de64734b1df7fc8c5b1d9c7fad1ef45b079160758b6
5492	5	42a2cb25a122b44221a6234ec660a7b5fb7f9bde7b3b9e2b3c559a0d96fac739
5493	1	01ba4719c80b6fe911b091a7c05124b64eeece964e09c058ef8f9805daca546b
5494	83	757bdfef5464e0d1fd170efa3931591617614ff2dbd45a032e0a8f74d877d8f2
5495	183	7e5a671c9dc5e3691189e0436c9b591f4431942d359363bcd47fca57d9221ad6
5496	89	2f45031d23bf2ef7b2523794ff3bc35fb03429507e782b72705e823e997ecce7
5497	84	be8aa3e304da6b17d58ce6f0986338df9028a1eda9ede020697bd75db79682d9
5498	100	7538f3ca3d86389deb27ef463b65fc4dc835b538ebed0fc2b71598f56bf1702c
5499	107	d3f8d5f3ca704a47a8da0b0bb2be2cfa32ee528b91297c1b6c12942aee934d2d
5500	100	f58e62fe44dde1ad60acc24620b1b581d4859e3bf569ff3a3734cc7d85a8ce11
5501	103	f97ab0ed041795ed022436dfc461c3bbc5eeaa15d152b533e935f24ef7269024
5502	124	05ddb5f0d14e4fc609e251174946819df4e61ae43b8d28e3dc243c96737b8d69
5503	111	21437c9ad4c6bb8309e5632279f3745cba176ee6db80eff715cdb8cca14436d4
5504	113	5377e39ece7d06d2190b67ad97f830e18d3cfb712efc0521077556e92c4cbef2
5505	121	18f9303d46cd9c4f5fe42f3c7e3c4b1f8d58ddb5c26004014f3f58f69db854e4
5506	1	01ba4719c80b6fe911b091a7c05124b64eeece964e09c058ef8f9805daca546b
5507	44	581164642264c7a03df9ef05e1ee277d201b7047d1666f63d43b8b55ebcb3215
5508	50	ff0106f892b9f54f8767bd2e32c879c367f7ebbf98d449a782a81f3e678576bb
5509	30	9998cbd384c3353655a8f4fb903e4a90a6106f4d480e3e0cb0dfe22234c3970b
5510	128	b31c7ffeeb25a12d4edf2d732f053085ead060d2f1cabb62241373f08b42c991
5511	20	f2641218edf77f5cc9b0b4617560285acf3835593eba185a69f0916bc8b66fef
5512	37	1509a679e7767ba1e1009a90e4dab366af7b17bd3fa8dc127653f9ba1bebdb64
5513	48	f98f24199c35892d6a47fbaaf3926ccd73ae535338f26b8d9dcdf6b1ee2323e2
5514	30	e084670fbb05955613ce5838323f38027f2d66bf88f9b24ae428765d07f184ad
5515	104	55ed6cce31793db445c0d08a99b038be1ebef5648848f349544ee043c5f5427a
5516	141	5b9dd154d03d63f94fe218e28f99bf6f7d4daef71964dd982c4202dab68c2664
5517	21	991131d930c26cf3887ba2fad89177b94a0673f99767ac7730d834045afdc006
5518	8	22d11caf43e97ef369e6beed1a268bd05838f29b9dd254bf69ba64884147234a
5519	137	7ea70f002e7c27d4427ff5910c0f9fcfb82ff464954e77198817ce2d6db8b6d8
5520	19	7056b9f99b4561bdc7f972379b4b566c0a3ac549ed11a63d6458a43682fc42b3
5521	4	27e5788d5d9d73d24a81dbc0a5a74bfa82c9c3b3af99e52af796e90b468a8a3d
5522	1	01ba4719c80b6fe911b091a7c05124b64eeece964e09c058ef8f9805daca546b
5523	25	2ec750d8f3f2d0e060afea05d86c0f1302b215adeef27ded296f876717d75199
5524	27	401d106bf5500b126055156d69fb40da7b6804de52b753b3ac059034d40a92dd
5525	207	7cb0cc6433ffb4dd70b1ea0341fb67db5c0486443ad462fa563e2fb0cf36ba58
5526	31	81451e7fb44871b44a4bbc66369fe3d95631c895027d234186ae70a8d9aeb8f0
5527	177	ce91fdd10a4164a7a434bae7a777e8c80cce1c1b0f5b3b91a5301451dee11f86
5528	6	4893f40e3781eb896c82d046a08067a11e35cdf2f1dfaf26fea90b8db6676413
5529	18	a9b8e95d5432f709ff1331ad169947263ad7291dd4d707f22b29a97f95181fba
5530	4	27e5788d5d9d73d24a81dbc0a5a74bfa82c9c3b3af99e52af796e90b468a8a3d
5531	1	01ba4719c80b6fe911b091a7c05124b64eeece964e09c058ef8f9805daca546b
5532	22	0f77f0069cc1bbe9bb0d17da68d1a5521a22736f46c401774af7b41ddb0da2bc
5533	202	f9e40a860d2e447d19d47772abe28127fda3ad98187f1e44dfea2289bd920dbb
5534	4	27e5788d5d9d73d24a81dbc0a5a74bfa82c9c3b3af99e52af796e90b468a8a3d
5535	1	01ba4719c80b6fe911b091a7c05124b64eeece964e09c058ef8f9805daca546b
5536	41	412d6aef47a1c9359656de109564c368105b97ebd7a286bb8815d686aaa75eea
5537	37	259f2413b68149dcac6881a3eb7a55cc24c8f61011390c43128f7b2578b079af
5538	45	e51af710001c48b6ef29c9dc60c732e33a0288ff883468a5aeccb814fb8bc86d
5539	103	ced2098df9f9e5c3f43fb6ef34827d0eec0ca9e8585bd0ae560c1c365d25eba3
5540	1	01ba4719c80b6fe911b091a7c05124b64eeece964e09c058ef8f9805daca546b
5541	79	1d3bb2a93fa2452794a11a59fcd82ec78de83d7d70104b01671c913cee5c9f9c
5542	87	5b75905e919d1b18efda02cd84eea4826939cf54e6d9d67d6c9d0cad12452b41
5543	1	01ba4719c80b6fe911b091a7c05124b64eeece964e09c058ef8f9805daca546b
5544	47	210e42c712e1fe3ec4b000eba166fd22c185c4ecc1cae727ab97af4108673396
5545	78	5f4aecb26fc19c49ac709b930ac93c0fbea5e49220092532132eaae1dd1abf81
5546	74	cbc26e524059cd8c5a4e41b54867817c71524da8a625bd9ddf04d652ef708911
5547	6	4893f40e3781eb896c82d046a08067a11e35cdf2f1dfaf26fea90b8db6676413
5548	1	01ba4719c80b6fe911b091a7c05124b64eeece964e09c058ef8f9805daca546b
5549	31	5012219a508617eb4374d1569ac324bba299cbba7d2b8a271b6b51652888e1d5
5550	18	644c3fa111c93492ac3734489db0bb122cbf3ca7ad250817f3d7181309b3644b
5551	108	c7aceadbc4818851b475209f2460bdc90df290e7abdbd4df371f65c261e51db3
5552	7	2959280f6156c1f651b522b1b186163b66db45adbfa9bc671bed073529eec1d3
5553	38	59f1c8e52e695debd8e728dbaca9e37df9a952b766450731454aa170e62e6661
5554	59	43a686e778f8e16ce1597c6cd0ee8bdbe6c77a5f8a13a1e9c84d230d4a4c7946
5555	73	b4dfbdaf8dddf48f293d4a6c772e8d11ac9a034c21caf49f5f3094b69c4d1157
5556	87	5f715bf6809a5889c78418f2070c4ff9610fd71a11e86f29b3fc15a043292436
5557	6	4893f40e3781eb896c82d046a08067a11e35cdf2f1dfaf26fea90b8db6676413
5558	1	01ba4719c80b6fe911b091a7c05124b64eeece964e09c058ef8f9805daca546b
5559	87	2ff60d7866f4eb46fd9b507b2113c2f6bd5c98383b4a5db212a3638355afd17f
5560	57	7c4943950257688ca73472cf7afc1886c17613abfccd4aa1ee2eb95a9e881895
5561	60	1fd424fbd924042637b4b8416533a67cc6dd14d223614db87890f2bd2e7d759d
5562	74	9db366a0af935c516e93d8dc54e580b8ea7aad382fc8e4a1bc798aa32a0fa933
5563	94	7d1a4a31823bde1a17ae2fafc8eda9eec6836cba1d435db5029a2616bcc388b3
5564	8	9b62f60d8590a579cf46f8d67378c4c572b962ceccdb90c7a5f7b42b960782a4
5565	6	4893f40e3781eb896c82d046a08067a11e35cdf2f1dfaf26fea90b8db6676413
5566	1	01ba4719c80b6fe911b091a7c05124b64eeece964e09c058ef8f9805daca546b
5567	30	e4c5154afad3f0fc6cee18e8414577c352df8141d70c8031c6d51a787683384d
5568	136	94689b28250bcb7ff7149222496a20601a9008eae05d9be4e3fdd5dca42717d0
5569	72	bf0ef0943b84b3dfb1b84c4191f97ff626b1891da45d4aebbabcbb568c9ecb16
5570	85	d645d7eb44f47ac5cc33b639c27f4ce6a99172cfbdb79453c1482d03d4747325
5571	45	ab8686ea79c597cf6a2a5d9cec84c10590a6e20377c1d117f2fa4bc09579ff4f
5572	4	27e5788d5d9d73d24a81dbc0a5a74bfa82c9c3b3af99e52af796e90b468a8a3d
5573	1	01ba4719c80b6fe911b091a7c05124b64eeece964e09c058ef8f9805daca546b
5574	82	58719f4e0170d487dad2bbcde9c908a677a90f1aedd76ee4d0196b46374f5aa5
5575	1	01ba4719c80b6fe911b091a7c05124b64eeece964e09c058ef8f9805daca546b
5576	35	ffca53d2f778a41a572cbdf297a6fa4cbe4c72d82c6d9aaf9bb392a99cfb17f7
5577	25	8c790a2651341020de296fe3f9c75b184e6dc20e310331c70f9a5a0a3e92d209
5578	159	093ee9e7ae45f52d4fb9d25304cc86e1c5bfcf8872b3cbdda211438da5ac748a
5579	29	2f0ce4879500ef5765078b58cebc64a0c62982ab3c6c47ed72b7355de5f4f3fb
5580	156	fc6d0b75cc07ae4157dfc04946722ba66b8ae79fa0ee084cb0d68defef2703b1
5581	49	1022c956912578080e117685e15eb0bf35a3b6a47db4aebf32a43a6d23db0645
5582	51	6a95d4658082ec4c1b3f37416dda5dd11cf7d8271bd4087a4bb0184818148aba
5583	43	674e9b5a8c6840e4b9724a8337f8a626bd031a8d64a7071550e06aad418d3451
5584	33	30261f512d0fe80afe0fda28488a05483080828aebde967c2bb1995c3f3384bc
5585	31	c737b55e1cf576b46eb7327e3a9d5d84c09d500e6e8796ef930b694e53b8ac49
5586	79	34ede5f8121d029d12716efef2bf67cada4ad0cbf3175134d10b15d83ddc3562
5587	92	bfb0a886f011907517c05c7475e22c65501c9cd440fccc93d37429884748eebf
5588	64	de402a071d32ff75a0947f9f2233690a87e427b47e1d075b4f4131bd9a1fc41e
5589	8	9b62f60d8590a579cf46f8d67378c4c572b962ceccdb90c7a5f7b42b960782a4
5590	41	42167ede992d27f9d6f14a37592c2120a4d2d3d7bd9c934ebd1ad14e65a39288
5591	6	4893f40e3781eb896c82d046a08067a11e35cdf2f1dfaf26fea90b8db6676413
5592	17	1538d3b15fb29ce932368ab542c60c5b5ae5558c3f1369afdecfb1c8510a5425
5593	4	27e5788d5d9d73d24a81dbc0a5a74bfa82c9c3b3af99e52af796e90b468a8a3d
5594	1	01ba4719c80b6fe911b091a7c05124b64eeece964e09c058ef8f9805daca546b
5595	44	0ecbe77355370bf0e1db83bdeb0344755bb854aa8c195ff059c30e5ee6f23c83
5596	62	03d88f48eec13a161eacb947252bf0b291da4ead7c9c4eed24be5f321b675b5b
5597	64	7f1ff528bd0cd8a73c66b4c01eb166d3e23bf6a5883c6513f9f4f67a2389199b
5598	45	dfcbc8c99338856b606c6311010e09ba00dd300dee5e25d5fe64f0d792bf89f8
5599	38	fbe56d7a3cfd2fc6b4c877cda23ed40e313c54ac783f26d859a96148f35bf857
5600	4	27e5788d5d9d73d24a81dbc0a5a74bfa82c9c3b3af99e52af796e90b468a8a3d
5601	1	01ba4719c80b6fe911b091a7c05124b64eeece964e09c058ef8f9805daca546b
5602	44	095b031d80e192464cde43b2f49772ad661d45f2ad63f85b39e0dc7737c9eeb8
5603	26	7e6b6c28d3b7bd3790e2029ae1bd4a66a0ab87f41a6e8dfe3fc219fa0447528c
5604	27	cd09daf237300bc64ca6e74d017a43bdc634674ecefb88330b52e1066cc9a7a7
5605	44	b5d006bd0a59d0b9d809700fb8a8b79efbc3efcb05d015b99403ed03e3e84fe0
5606	63	fd9eac8bd8483b5ff652578e0ff2ce7fbdb02ca0857f0539449f40aedc19d36b
5607	4	27e5788d5d9d73d24a81dbc0a5a74bfa82c9c3b3af99e52af796e90b468a8a3d
5608	1	01ba4719c80b6fe911b091a7c05124b64eeece964e09c058ef8f9805daca546b
5609	28	832eed552d633277bb4e09f9ab71ac177007b3e7d27475cb2e6a122b8273221c
5610	57	7b9967663522fb4f7f907569b405c3aaff521b4a744ada874a214d5b025fe967
5611	60	c9c659396b4f1fccd18dc0e3370821b379236dc9fc2bafba5b6018128789cf70
5612	45	122a66b6c53095a8a64c31fbf0757102d6e46c1250acc91bcfbf2ca7b7d4aa03
5613	49	a9b14365ee8c391c56fc8b9ef366f9aff30dbf96bdd267de113db00fd4810d1b
5614	54	9fe60f968e40edff926f1773a75bfede6c06afcd856bcf2327429aaba22b8352
5615	65	f270806172768630b1c1011fde3366a6c0a437f56e865948039e50d276528311
5616	87	7bd8f00b5f9503462e3815f9318b736d644e98c98faee8d4c24e1317d672973c
5617	112	bdbd2c75a858c75578c1f600c9d14b977bface693ef0d96c7320cbe89fda5b49
5618	112	8aa9974972deecb0527f505e9284ec83edd75e2dfc96a7ef09b4628c4b686e72
5619	74	55ecde113c022eefbc8b48a88cb936adbf212def0262401c88756559d76a2ddd
5620	174	ddf4812180a14361c7bc47082da07813ab50e954adef52a5646a1a2166003cd8
5621	194	eb4ca98311c05fdda3ebfcc53051f78ff4c734b642b0de4f6c997d9351ac46af
5622	64	f09ea8831e997928881a44873391e6e30212c9fb38b5c14404c817295f47083d
5623	75	0ccc9dd450ecd9756399267d61d073e6a7e07c0a46af66a408271ae903828db7
5624	4	27e5788d5d9d73d24a81dbc0a5a74bfa82c9c3b3af99e52af796e90b468a8a3d
5625	1	01ba4719c80b6fe911b091a7c05124b64eeece964e09c058ef8f9805daca546b
5626	31	89ceb16ff4a0b086cabf7bf42ecdac61383685ad1ef8bd57a747f8951e2fed8b
5627	23	e1613cce6f3c3126f064d072e972bca79b55a9eafe7ca99eba654ead377857ca
5628	9	0ed70545cdb9032b5b24359a1555d108242e3a41aa4190be0a6e77137cc8335b
5629	39	a11c9d86c5eedfc7ac241c70265461aa0ed8c4151ab92fcaf7578792eac8d040
5630	44	2cddcf453c8ef42bf8fcd9b2c8b1424080f97b7b81a162353ff9b174aa78c1c8
5631	32	637e31fc084ed2050f638450343341c4c8c9f20c1c49dabd72516c10423d0980
5632	21	f2d3387d4d6282bab7be0928c9b915e4c4a7bea10eba3aef5f5034009a051048
5633	4	27e5788d5d9d73d24a81dbc0a5a74bfa82c9c3b3af99e52af796e90b468a8a3d
5634	1	01ba4719c80b6fe911b091a7c05124b64eeece964e09c058ef8f9805daca546b
5635	62	66955438f0f9bbaacc4caf7360a0fc3f41d6f57ceeb7ae2fa8ed41e1255421e1
5636	30	8855c374ff12891149ea83d2ec40c8b9506ee5e1b4e4b465bcf2a77fadc8a537
5637	31	01c7d18943c2326d91d02e3b8d0b2317896db9010f5fc3049444bfb2e9134cb1
5638	71	e8b1c8c48b45ae5ef273bc9a0264a0f1bf1d2c759d1d0fe5d2584fa54bba86b5
5639	81	ac6887c194e84d7cb71aba4a78d4d45d76738abd2f00259474430c84da37ef6f
5640	69	f4d4f82facf1900221af880f1a760fae6572811cd7a1e7e92d196807364f895e
5641	112	cb22ee90f5a89c5f378ba254542d9702756a4d763afbbb1f56865e6cf86e3991
5642	31	251a1cec4f20858dd04a2a02173898e96cc605fe379f107de9265b44ec247ce2
5643	71	f60f42c5106a96f4af2164a7cc25976dc3593c3628ea55c5bff9937acd9e6543
5644	56	4e90569ed8a22f9874b4fd4ef81e6ac7c830be5d17091c78020303589b8884b7
5645	57	12450aac20d7bc25e1503282126ebcb3b0dfb8234c2bd18582e8213a08fd294c
5646	184	b89bf9457b66d917cc90bc4ab6e8146099e5d1337b9a1a5bd4456f5870eaa45c
5647	14	3f335dccef2215dfc89e71c87d1cc3d476f4c25ae694a720d40f864bcd630f73
5648	4	27e5788d5d9d73d24a81dbc0a5a74bfa82c9c3b3af99e52af796e90b468a8a3d
5649	1	01ba4719c80b6fe911b091a7c05124b64eeece964e09c058ef8f9805daca546b
5650	116	8fa4df8533a56b6c992db938f2f3b91745e9944fa2f59ee82c0969d17872fa71
5651	1	01ba4719c80b6fe911b091a7c05124b64eeece964e09c058ef8f9805daca546b
5652	32	6743358cfa2f4d5ac0185c3a7b4b2ee93dbf8c922405bdb272cb968cbe0ea359
5653	123	a0b9bfc24ab675e568cbced0d4d4b8c814ba34d0677719c1d11a224d3aab2164
5654	47	aaa6d365a9fce456f3ff033b317bae338beb4043c48ddd61a283c87819bb93a6
5655	22	b922b3a9aa72c3809022700a0b7c67dc3e338ae7c56b224cd041c41ef116ccd5
5656	55	b7223cab35e1203a56a74f06970ff4f8c50db0dcae304b64bd19df0cc9dcae88
5657	40	1dbb9e151b02396875368664a6b33fef84d7cbd261b46053eb2cc0f34cbb80dc
5658	25	0146edccb5884993cf59a28e359b2ba3681b8156d452cc082e446da3af03a95d
5659	128	21385bd7fdb743f5f0db21df488adfa938b7f65a61507735bbc0bf1d6c1bd1bb
5660	41	ad4d5165e8965b47a897a8a213b1d4494e9f605b9e9fd5b0c9bd755b1adb55bd
5661	76	e028bd5fe49d1f5fd78922a16db6c925cbab2e57c6703b21e2ff937bb11e98a4
5662	56	4e90569ed8a22f9874b4fd4ef81e6ac7c830be5d17091c78020303589b8884b7
5663	17	dfac4e43630abf68c3a4a7573fd4c43008ba798dd76c3759eeef53e6cff8d2e5
5664	4	27e5788d5d9d73d24a81dbc0a5a74bfa82c9c3b3af99e52af796e90b468a8a3d
5665	1	01ba4719c80b6fe911b091a7c05124b64eeece964e09c058ef8f9805daca546b
5666	26	56b08d643135fe01591da06fc9ae328e702394e51dac9ee31739fc7a8b6544cb
5667	74	76849e6697e867e37ef57a91b97638a43525a15f0c439bb8d8bcc40638107cee
5668	90	eaa4c937fe01a0422617726fd7f4d44ae852db1cd73b04b6873e4ff03977ee18
5669	110	315e191b81d4fed31fe022520f59f01de5cf3c39b7db4bd94228580d19d343bc
5670	4	27e5788d5d9d73d24a81dbc0a5a74bfa82c9c3b3af99e52af796e90b468a8a3d
5671	1	01ba4719c80b6fe911b091a7c05124b64eeece964e09c058ef8f9805daca546b
5672	47	2efccf4b2766e01cc5a2360b87923ad9fb5b04699658746a2af38f7d16176900
5673	56	68fa0ed55961e3757f867b3b1e758de0d2d1b8faa77a420520d80817051784d0
5674	40	bc49293ad46702749c3a419182e32328327470c18035db74b932bc95f4e6f654
5675	34	c96b27070b9cbbee8d7e1fa530b5e81a3d2522afcc9d60ca13477880688bce11
5676	84	b132259eea16d339076c3f746a3973afa809c7f7fda07c3aba3df94842bc63c9
5677	63	e4c3f03a6191277ed458f36f236ac9e46653aa11383df274741f66cee88b4f83
5678	90	d8183ab36a3389ba58ada6b8c0770dd0a384c3099ef517279fd3dcaef954a52e
5679	65	9fb6a763a623e0809e388ba81353dd6c0a66e0a74b13117a24d1c8d7ec76fa4d
5680	90	8352cc815c4331054822a31b33ee54648da2cdf2a3034010284eb41ab45cc326
5681	29	8e18391849448fc84c9087a00ceea4468e215d9ddbbcc07d3b5f77f2d5449163
5682	25	6bf2bf08a89cb6b706d10b6a3c8f5e5466b49dd2a244b87d6b8c4c94e7a52de9
5683	74	bb9cb045063d91cceaa157d68629e7abad2eb92ba2eefa63e4977fdae6898c6e
5684	100	4acaa312f36effee65e2011b782ac7b3e73f7709fc95ee2de76e284093ada0d1
5685	44	0e4e523b737acae07e0471a3f2be1c2d6d9038101fb42172d2bd02c9cd93dfc4
5686	77	eac079ee480ff12ba783a965ed28231a4092550457f8967a9d7ca44529e9b7d0
5687	60	bae14c063cbffcfd662e737d3e57f904ef4f969cb9983a95ef3274db4f7646b4
5688	105	140aec155110d1221fd59e2c3c63c51dcc13c049058e6287bb1720073940a212
5689	174	3750fd6bb35c6dab857b958753bd581dd67c131777f513fde99354e25bdda1fd
5690	187	a47152bda2f904114913a0984d6cc9c89182aca47c0361897e6d5237d5048d14
5691	67	768d4ed274acab9b8b90052f2b1433f076f9886fb2459093003908c83637545e
5692	68	1217c20978ab1397772d6e436d3b7686e7ec4daa8d134dfaef9e69cb4be79b4c
5693	13	092e9d4f8863fb18c652f7f17cb00d100d2d7f92c4cd69bca454d1f404688799
5694	17	dfac4e43630abf68c3a4a7573fd4c43008ba798dd76c3759eeef53e6cff8d2e5
5695	4	27e5788d5d9d73d24a81dbc0a5a74bfa82c9c3b3af99e52af796e90b468a8a3d
5696	1	01ba4719c80b6fe911b091a7c05124b64eeece964e09c058ef8f9805daca546b
5697	30	444889407fe09e594f696499571bd552181783de137ff01dfac26613ec5b0335
5698	100	ac0bfcb528f04ac5fd27a583175a6cf37628d8b9af43d6750f931d364ee5f990
5699	101	b330127f805056656c9267889ba73f9fc0d104f6c578ab7432c99a12ff4bb71b
5700	6	4893f40e3781eb896c82d046a08067a11e35cdf2f1dfaf26fea90b8db6676413
5701	64	eb28ee0972b965137f1eded2b9b19e3c2457591e9d340f9e11eff2993daba939
5702	66	2b3c11b04fe7908dcb16b9b76a30cda8691690519347d6bc522f9c924001b696
5703	4	27e5788d5d9d73d24a81dbc0a5a74bfa82c9c3b3af99e52af796e90b468a8a3d
5704	1	01ba4719c80b6fe911b091a7c05124b64eeece964e09c058ef8f9805daca546b
5705	34	1035f744dbed37cdea8fba457279b91dba0fe77d74262db1a43dd44b0354a520
5706	29	ddf7748f5bdab3953ca0c9911cebcffeb6871c8f8c40456eb8ee4221a2ba1d9d
5707	129	f4e08e99210809a26682dcb1b9cb3bd28e81a1d8c5ca1b906e58986a4bc415f6
5708	46	4faed13e843d8e6bbc7f920112d82ec71a8aa2febf2b63848b3fda9752d76fea
5709	40	81674dbbc86a6d48032e025ac7f9cf3f081a39f3159a713557bdfd4b051833f4
5710	131	e9bfa86e4782b344caa40ffba13f7dc59f9e84b3a77161ba03e065de7ea981a4
5711	232	0f11e025ce9061b7123fb61d0aeaa9dab4fcbed0a2d90242a8d3d7036eac924a
5712	80	b400efda7cbc0dcb5cd360638d30bf56569ec8c725e393514bf7ea793619f393
5713	7	ad9e12546425576d3deae8c9b9dbf128d5d6ddaf5d7fe857934927deffa3b9dd
5714	42	c60ea5bf718f1dd98b036f5dd1e6a4dfa64b3a18e1a8346eed1d52aad1642ec9
5715	1	01ba4719c80b6fe911b091a7c05124b64eeece964e09c058ef8f9805daca546b
5716	141	178ac9c3c8d24b79b550878201934edb1151ed233a2756442f1483f2d99fae93
5717	46	2949deaf35fc1c65ef34de49fbbe21c4f60c5040c776673aac42f8bf58a435ea
5718	38	03b2459a430ec06856ec726708f0bb96cd3aa72dc56dd4fe365af205d5f6e731
5719	20	97406ef568f0f27dc82eaa77223a977d4349f8b444ab54f0ddc5a74754f68219
5720	35	d1a3b9f0c9346dcd8d5d604e7aa7ee8f71c40f87b34f34058ec43410761ccff8
5721	73	3008a79e4e14210b03f5881d5f109b3882e3a3d5a4b77b356fab2908772dbd53
5722	108	e4c1cbd704e2abb46d657cea547aa20054051bd6ef5433a799a70fdefef8ab4b
5723	18	79eb15074cb869609fe93ab285d3c963bfa21b291492901131bd8b211aeea67f
5724	8	9b62f60d8590a579cf46f8d67378c4c572b962ceccdb90c7a5f7b42b960782a4
5725	16	001ef296db0a6d5ce3283afdcba0e78541a87287523dbbd8cc3f14c2889f58fa
5726	68	1a8b84e9f0cebb22cdf81cfb62f0fdf24f1cffb3e22652345d90f9b8bde2bf59
5727	79	2195a9aceebeb3ea8d889bc9a9f79b6ead79029da151aa3f6f7ed9cc14f25e43
5728	77	002ba69eeb61d7e5cb04e911407e98494cb0a854b6a3a8e3d15fe4d289fc48ca
5729	76	8b817a1953b10a22032e39989cb7a06186ded43c4ac4f078915055848a2727e4
5730	268	4b11505fdedfdc782905f29b1187a3f6337d6748f123f6697d4a87a76491d405
5731	8	9b62f60d8590a579cf46f8d67378c4c572b962ceccdb90c7a5f7b42b960782a4
5732	86	e6d164dbd4df44e8e777c44ee913466342b8db5aaf53a58e129b4bfdf8d7ab44
5733	7	ad9e12546425576d3deae8c9b9dbf128d5d6ddaf5d7fe857934927deffa3b9dd
5734	48	2b85a7008d3aebf8928a96e2ea5df2032648b3847654719868b4b65218751f4a
5735	25	adb4edd384552f7d1fcadeb4bf19a2c78e38238556b0b3eb394306e37623264a
5736	74	cf2cf23745fde090f5049df49613645d666ff889dc1047752e6bc4082b41ac74
5737	17	dfac4e43630abf68c3a4a7573fd4c43008ba798dd76c3759eeef53e6cff8d2e5
5738	4	27e5788d5d9d73d24a81dbc0a5a74bfa82c9c3b3af99e52af796e90b468a8a3d
5739	1	01ba4719c80b6fe911b091a7c05124b64eeece964e09c058ef8f9805daca546b
5740	1	01ba4719c80b6fe911b091a7c05124b64eeece964e09c058ef8f9805daca546b
5741	50	91c0c3a176db1d3778b293af4aa23a4603e3d925a4a69edb0852e2e6e4d1d9fd
5742	25	5a2fa003e9737f22cec2701f8364945ea11dc75fe38ac7741eed0d783d6dd76e
5743	60	82a351fdb74dbb542daca236139e6162d33ad26442e6496e2805f0a516d15acd
5744	40	a08b3b13ced57cf0d49d598e8eb3fb92afd5140faeed43b534b6f0ae37adda79
5745	40	0cfb192e66d09539c709cb81ccdad6cf1be6aa59496b6ae0e6da06b626bd0371
5746	44	b5d006bd0a59d0b9d809700fb8a8b79efbc3efcb05d015b99403ed03e3e84fe0
5747	33	5eb808c6735e73b5164dace948b43d33178a6a9f019f12ca840cf53a0579f229
5748	73	178b35eda3a98b59eaf65d6282379f5dd7489be126f62c3578df03e79d86e08b
5749	72	bfbd717ec780b074c1377b036d3e857fcdc534f6d9522099d720c29d24740814
5750	127	4a7b1bcfe637a0356c892e3b2fa43e0317ea233f3a9c6be686912370c3530286
5751	160	17cf56dabda5f6b79204416dacc7183c01cec0b330ef57b190e1aade7488159c
5752	40	1adab153a75a919b8de01f04ff35b53e76f067de7fb9ff0085b98168b15ce4c5
5753	59	7a8445ce0ecbac21bfcf6af59a382db6ad9b6c0e16ef15b4ba74f1cb4e42b307
5754	17	dfac4e43630abf68c3a4a7573fd4c43008ba798dd76c3759eeef53e6cff8d2e5
5755	4	27e5788d5d9d73d24a81dbc0a5a74bfa82c9c3b3af99e52af796e90b468a8a3d
5756	54	d9f5f81c580bb638a5b22b318b972286db2aef84e499f25a4bbded7124a7cd5d
5757	1	01ba4719c80b6fe911b091a7c05124b64eeece964e09c058ef8f9805daca546b
5758	31	8c7af52d5e2c189ecf8e22db680ca877fc37bf3a5348205919115854a1cb792f
5759	30	46f83c070028c0bae87aa0f644674f0e3297dd5d369d0f554036865dc8484590
5760	79	2231519db79a4828b76bef5472acbc06f082fff98b4dc210e48164ec2e794c88
5761	56	0671b32cc93d1c6c2162cb2b7d4bfb897c98adc78d4a692b078a2c31cf413abd
5762	5	42a2cb25a122b44221a6234ec660a7b5fb7f9bde7b3b9e2b3c559a0d96fac739
5763	137	f28e7a7b4a831d714df529ea0587a38bf7735a6bbdd95cec92e52803fb641645
5764	117	5864e5a5fa33f826849fa812dcb80dfec69d1ba31f0429f18fa18dda6847d7b1
5765	194	ba4127740391d430feb86aa711c999aa5305b0bfb76748b058820bdbd6b4504f
5766	52	09755a488ed75f8787f9d0de4a77efb888c622163b692e1253fc6ae7cddb7d6c
5767	48	6a9ae4de7eaf0ab8152b7b87f3edfdc1f5121b6d011f2a4889f8589100a3ff3d
5768	64	e74394024c2ece914f0437999917223cefad932d07e7eab9884e79c1fd8cf5db
5769	43	9f0e226b981332f16e883e26eaded6de885fac05cef6d82baf84e053046adb8e
5770	40	cd133a1157920d6cde16505eaa665e227aefa56b8695a3d16b71c68567805c27
5771	48	c77312540cf14a00555de72bedf0e0116e3e7840f990959186147d043f284275
5772	44	8afe5b02e16c6129f343f1d547ba8c1172d60c208b22cca2bba009af54b6168f
5773	1	01ba4719c80b6fe911b091a7c05124b64eeece964e09c058ef8f9805daca546b
5774	36	1488f4f12109fb71fcc206841c5e4ca0e98294c455085d371a07a922fe4e96ba
5775	56	5fe1b523058945b041795e6538a57c7316a3bcc1ea3e27704804ace1861a7ab1
5776	45	cfb8c593f8f9d341199d0aff9a95b8d1ecce437d3317aa4b99c8571a41cb109a
5777	28	467f1c9bddba4c288e22a40e50955a48abb4429386cc4c63f8e41fb0f25dbf39
5778	143	1bd92818af35968c1f9f0f5287ad28951f1bc5c3ae4e5b2982b8eade2e45b124
5779	140	180b42dab8cea7ba70d0479c6b56eb9f9adee9a2229c33b2ab2a3edc2b59d8c2
5780	33	ebd9365da33650745adc951e5c293374aa482158d9bf12c8e1ed68b99125126a
5781	25	b165575c81c404fc803eb26b481ddfb0648838e9afe2503c582d8449c5e8ccba
5782	152	937609964b4dbd36c3de70239642e06891a88c74c214eb0a5470ea0b10c34593
5783	70	8ba380921300bb2d522e0f56707768f592f2aabced33568801da8e2fcd10ce20
5784	518	03410554cb646fae908d2ffa6fdd418309f58203374e577667e38c0abc66323a
5785	87	04633935fe43c4f15efdddee9ca51bf54311dc0f5133964254f4f71e1aed597f
5786	35	ababc2390a4aea63cb181337802acdd0a4f2e3a4f3068970433d95f8e235e068
5787	6	4893f40e3781eb896c82d046a08067a11e35cdf2f1dfaf26fea90b8db6676413
5788	5	42a2cb25a122b44221a6234ec660a7b5fb7f9bde7b3b9e2b3c559a0d96fac739
5789	1	01ba4719c80b6fe911b091a7c05124b64eeece964e09c058ef8f9805daca546b
5790	36	528b278b6b373ed529e1dfe67ce359dbfd3e0472ab305d9ed6b40d4b36a1689d
5791	193	b42a009cd49b8d85d6057abd4fdeaec813e8dfa274478248b3609cb77ad95511
5792	35	111c2e72eef4d03e593581a5bc1a4dc20ee1f7b6875a5d5cbf22d0544f7937a8
5793	41	94c2b4f877c118d87f8d36657d9abcedfa6d4c16d3eaf51b1dadc11e55dd12d9
5794	92	5c13c566e0275019885cbf370807e8d74606120c729e0581dade888e18b281de
5795	77	b27bf467af5e885d267663ed094104a879c3f37cc8c6748dc2ebb61afdc82383
5796	98	6fc99883098966fdb2c162b0a730c0ea97ed8635248656379c7e14e09bdac48b
5797	19	f1e0e78177ccb60eda77c8c10d8fea20128ad1951c08cd4ffad3e4da0acdf49c
5798	5	42a2cb25a122b44221a6234ec660a7b5fb7f9bde7b3b9e2b3c559a0d96fac739
5799	1	01ba4719c80b6fe911b091a7c05124b64eeece964e09c058ef8f9805daca546b
5800	194	e87d4b9285bad1d3dbba7604e327029a0f43e0649c6b404ad32a8c2c2e7c0ab5
5801	203	0aa99d2ea2ef5f44adc7c5d20dad40bb7a5ae39986734d1dad6428913beefae9
5802	45	9e22e1fad70ce749a72636dfb87bfac18c1823c47351b846edcfe581d1a9ce59
5803	68	e5e517549759f28571484ade6b45a0660e8e0dd4a9c06fa5720e676fb743fef5
5804	34	86373a66c009c5702b8cf9d4c226a3b1812442d86c055443b1a4379c22ddbdf5
5805	101	c334bb2201ceaa15b1832f741438f91a2139c119e83cd0f47b85a2a23d3673dc
5806	121	6d6ddbdd4231aa65aa7d01c5de8086215a7a3784fee6a3afa3de82606c45b5d3
5807	6	4893f40e3781eb896c82d046a08067a11e35cdf2f1dfaf26fea90b8db6676413
5808	185	542c2d88169f73bfea90f5a26e5398f50823932f070bf4817bd1d5024d90f7f9
5809	57	fcf95f611dfc22192237202a58ab20b33fe906b09f43be18c02ca6e927613713
5810	5	42a2cb25a122b44221a6234ec660a7b5fb7f9bde7b3b9e2b3c559a0d96fac739
5811	260	b50f87e7cd5d53a6e99280074eb20a88af04f19411633b970407538a07a1eef9
5812	254	e9093c4be47550626edf625e7acffc69778fa3a150048cc8a69edefaf0ac9116
5813	1	01ba4719c80b6fe911b091a7c05124b64eeece964e09c058ef8f9805daca546b
5814	30	71617b04be36b55e1883b5a5ec47c044a15679b9b9bd57f4e224e78b12e0eeea
5815	64	759c73653a84745127a9eaeb705b2919a05889864e7fb2614749fcfae8f63219
5816	66	76731cf1621fd1f3287a57e688b44e045c8dc92383f5cf94408d4d2aac38f437
5817	34	0f5c383b6ae8ccc7693b6c5697186239474931a15a24dfa2b6b7fd05b59ef3a3
5818	31	110dc556ed59ce28345243e23aa444d66f7a8c98a23b03127f0550f518af75bf
5819	149	85a69d64454fa3884b0c334d4071331391e3b4fd168d39c2716a825d4d4aa986
5820	6	4893f40e3781eb896c82d046a08067a11e35cdf2f1dfaf26fea90b8db6676413
5821	19	debdb365bc0b579a77268a6a67b60e40c00af103780ec1e75623a14edf37ffaa
5822	5	42a2cb25a122b44221a6234ec660a7b5fb7f9bde7b3b9e2b3c559a0d96fac739
5823	1	01ba4719c80b6fe911b091a7c05124b64eeece964e09c058ef8f9805daca546b
5824	57	2a65ddcfc6ad6e2a9b86eac5e30f3d0d5c0222cfc10d43a7f088c58ceb7e8358
5825	206	7a7d2713a4434234aeb33db4414683235ba924051a176bcd464d23650d247929
5826	5	42a2cb25a122b44221a6234ec660a7b5fb7f9bde7b3b9e2b3c559a0d96fac739
5827	40	9c61c3a0ebe30b401ce41e065b459938bba4982732637919a9bd804ed8d9a054
5828	1	01ba4719c80b6fe911b091a7c05124b64eeece964e09c058ef8f9805daca546b
5829	26	afeed8612f2138455b1af20e86d85ea224c5702b7ef99c910b3491eaaf26aeeb
5830	86	c3c92c89c3a58e86107c5144a019132d20a362c8e6fd8b8f2673cfc824ea5e53
5831	97	843456f7a0d61dd33c82af51883a7cb1600e4540924da0a0e741d8259b241a40
5832	55	9b3520833e5e65f3516e8e165046a877ea4421a4eb8b80328fe071dc2810a533
5833	79	b395306a750828e4ac97117ca13bd93a15e59b76734f04ec286dfc94f6d5a4a0
5834	128	979e30eb0fc124d76166c6d56a41bdb554ef7d08805d9ceaa5e2fae7aa37caeb
5835	4	27e5788d5d9d73d24a81dbc0a5a74bfa82c9c3b3af99e52af796e90b468a8a3d
5836	1	01ba4719c80b6fe911b091a7c05124b64eeece964e09c058ef8f9805daca546b
5837	42	562fa396a1c4488ec35563d0834b3d380769445adf07fdd163584356ca81d0a4
5838	51	f4a73e0d736185a36e27bad698461c3c95ac902c8923d36d13200422d2d1e5b2
5839	45	b73b57ecacf6a9fb43d9e45ba546723cc1b138e01e12a4cd47e844f4c778d91a
5840	34	95fbd42f4f89e2b7c20c12b156ff62bb737a4dc8c82f793e214b068c748c88bb
5841	150	e5fa72ac589f52341caabad349ecf75151df7e3916ee7bc5bd927dd857611cae
5842	33	4c69f279e489bcaf86488cb09fa4ece7f42b0660cd008e6958b9bdd36add2eeb
5843	35	69d603583e1537d4a5341c160c45ec679c3716358d145f480c5b5c487ee66bb3
5844	87	623dbc579edc3765007d1292de9088cecc9e382eceb7eb4e6a972f7ca8e1dc5a
5845	65	2c40eb67ed6b45937c6652ddd52510d619f4260fcda084021df3860769785ad2
5846	112	9b6a68c63c73b2e857556531bb0853c6286702dca6b8ba20ec68d4e6faa6275c
5847	88	15d49033ba207babb11e230b8159676a5e4aab7b5013225f165ca7bf79876dda
5848	138	e6770b0c42de14a52ec5436fd2b412f2854ee8c80cf5c802f130c72777c32884
5849	134	f89d39b4c9bfe293d9ec53c084d4e8a8a60026dd2e90ba198639bb57051b1275
5850	138	37587fe030e007739bf026bce737b539d17c8c3a30b4cd00aaf8c57f8dd4d98c
5851	66	3ffc9f6b59b89f70f04e7d86bf3ac6776353ec179ab5355fb3391f2abdc0f1e5
5852	63	0864caa97909e60697037bcaaf162577da22f6b148eee8f3fa3db8406347e139
5853	146	b0661517cb05331af4d8549462d00c1b2b73a6a525bce4a9624febe029f883b0
5854	149	6bc2ca0953795696105aaa475eac5dfbbf0a832cea9fcd4bef4760a96ca76045
5855	130	d7d35cc7be0d19f648f11ce31dfadd6b7a61bb89a26b6cff24f2b78a96bb2b98
5856	135	a0182694c64191c01edbc6a771c3810418d12fb69c2cf4e96899891bbb1c18c8
5857	6	4893f40e3781eb896c82d046a08067a11e35cdf2f1dfaf26fea90b8db6676413
5858	458	0f9cf39678b42e778568b25ee03a3b741277e07b0f7fdf526cec3c97684f0606
5859	99	77c98396150627763a4e1b83204566330e4bc41c1e034984dc5d39df9e645231
5860	5	42a2cb25a122b44221a6234ec660a7b5fb7f9bde7b3b9e2b3c559a0d96fac739
5861	68	a0328b9bde8faaeae98fa06ad5d0d482c793c0b03597ad15e6e33f1b88f93a49
5862	59	9c93682373058b48dd80c8c70c7ca86b9eb1a5594f288f949877a15de191679c
5863	1	01ba4719c80b6fe911b091a7c05124b64eeece964e09c058ef8f9805daca546b
5864	176	779c5b07a3867bad376c38f573bf27030cc6b9008f4d82893923b0765b0023ed
5865	1	01ba4719c80b6fe911b091a7c05124b64eeece964e09c058ef8f9805daca546b
5866	34	aaf06fb5cce6251245084a751d178b4042dfee80f1e3f8b1f94e45e974d8cf58
5867	57	dfbe0aa3c4a673ad5e8cd3ff753b8c01c74e03ab46fe2264ee7a3b303f8c3eb7
5868	54	cc7270de976a0560c8b82ff3cca383858393a4f5bb5079a8a32ec04f8e2215cf
5869	270	131f28b7962c22360db8b1c9274cf4c6489d169369346118627e51478094d2c0
5870	36	cfce391689eff4b22c0e4511737681a4467e2e41b51c26df82bedbbafd68646e
5871	4	27e5788d5d9d73d24a81dbc0a5a74bfa82c9c3b3af99e52af796e90b468a8a3d
5872	1	01ba4719c80b6fe911b091a7c05124b64eeece964e09c058ef8f9805daca546b
5873	25	6f43480afbd138c601e242ae4e84a3b029798e0420a10f3f0b6c0e519cfa3cd5
5874	39	cc71d01983f93b24d99b229f37468d01dd0f10cc65dd0306a0aeb8a9c80d40b7
5875	51	715cdd08a8b595a69ab831cb700ff75515952db7e818d291986c5cbd19a19203
5876	37	259f2413b68149dcac6881a3eb7a55cc24c8f61011390c43128f7b2578b079af
5877	15	971b5f88ef016d30c6da24aadc875db378d5816eb2451f7143021adcd6d7e874
5878	40	1b30d42ed3ff2904ff9e7eca1f54d55713c515dd66c371964be6b8cc68d113f9
5879	502	e80e08f39dcdab17949c2f311e9f263c7bc21aa8eed9bd397a241cd1df460a21
5880	225	4b5fab161e9fcf86a068979bdf66c2b6e03fed647415a9a9c454115ae8ae39ed
5881	6	4893f40e3781eb896c82d046a08067a11e35cdf2f1dfaf26fea90b8db6676413
5882	113	540834e6a714004c204b045f44bda7015e8d7c96023974ac7661c2c0fcc663d9
5883	43	66f2b1526dd9e35fbb2041d5e8c509a7046af353533cd59a5e48baa153dd70e2
5884	74	3e2bbb06df72b4f2a22e830a3405644981d61b691e4e07a9bda415204b7de0a7
5885	248	bea2077f33f61430f6f20e5521d361548854fd1bb84d41accc4c9d9d59fdab6c
5886	4	27e5788d5d9d73d24a81dbc0a5a74bfa82c9c3b3af99e52af796e90b468a8a3d
5887	1	01ba4719c80b6fe911b091a7c05124b64eeece964e09c058ef8f9805daca546b
5888	125	a1c7bcbba181915355fffa5da290ed445158776efb6888b40dc9a515515022eb
5889	6	49fac5a3039bbad287ac815d533cf3abd4b4217920cbe2c93bb34a6e30003142
5890	10	2f358f0371a6e732c4340332235199dcd91ebc46239a5ddcfe6f9a63e6ebecfe
5891	49	e2a879e7cc260f16a0ba424d6d3c6c0c048d16c114ce225f7fafaf986236ae02
5892	13	ac9daf2767693c3d2748dab96d89501cb65d667d71688bc3ef207991d1bd3d10
5893	16	6e3b132b5b9446aefe51a0dc1b5c5e9209c763260d2fe4c010cef6d82481753d
5894	43	55cf967c73479635922886011f1b0c100fdc07cc1cb60a95a10b321d06debb14
5895	62	ce91aa84b9be82a2a0bde367cb12b09697bcde1f77907be6a02e4216827a390a
5896	137	38cc3063a4e002fd7ce4a7d4d4500b41bd8fccd14b2771eeb7f962d2c56b08db
5897	229	f14a788d6bc9b1fdc1fbbcbbaf98dadbaf8fed87a9624f935b76def6d2179ee4
5898	125	0fde391585687e38bd407362b43e6db66b6d2c56fde0054422d5c1df31fb0eed
5899	259	217a22f31e30ff2140033d75baf15fbe0574c59772cd5ef0e82169f70d479e42
5900	41	b2ea52ec97a6c6d4f1f27535849eaf595f0671ff941e47623850f998ca21f611
5901	121	a83967f012dddbf5cebe25c0610d9d078712e1b730cfae028b21cbf2dd4150d8
5902	90	f9d1007e0abbad2ab9259c3ece4dd34b8b76d5a64b30f0a465bf6c9953a09299
5903	170	b8309e1a267db1eaad10c449de9eb86cf4466f904a1056df3d916f9e9a788c46
5904	172	f97a5818cf775e1d85fb0ee025fdcc52750ed1f8e847ad41036134ab781ba36f
5905	146	c2f76d762c889d7473e63f805c1ec1bf20fb40e5da585e1d3c4427937aea1b36
5906	4	27e5788d5d9d73d24a81dbc0a5a74bfa82c9c3b3af99e52af796e90b468a8a3d
5907	44	67c197694b734b4fe1f722659f09bf47863d16985973cb910413712abc52d869
5908	243	054a2434b6abdec91f4aa1f91b9ad1ea6c2a00b22041b15f414f90786b1d0ef5
5909	165	5b5f92037bddb4a96d13ae9bba2d1ff718c52104ad809dc08237abd4cea4bf9a
5910	4	27e5788d5d9d73d24a81dbc0a5a74bfa82c9c3b3af99e52af796e90b468a8a3d
5911	270	f1689aa8d025dd339649577861684f43b00ef143395b8cda89fa88691ff487ec
5912	221	00d492b36bd0a2d728fbe9cbc11924eb1f8da0aea7b6994f119c4313c8db55c6
5913	41	afb82079f677ff75e8a94d943628363e37db13895a8bbf6d4c7ecc9395090f85
5914	125	a1c7bcbba181915355fffa5da290ed445158776efb6888b40dc9a515515022eb
5915	6	49fac5a3039bbad287ac815d533cf3abd4b4217920cbe2c93bb34a6e30003142
5916	10	2f358f0371a6e732c4340332235199dcd91ebc46239a5ddcfe6f9a63e6ebecfe
5917	1230	9fd94d1c35d3e1124eb5ad8dd15907de55cb832623abbf6c3dc52426c2e73198
5918	48	520cd65510e392b9e3acc564024eced6ad2d79fac26ca06a533a9bc16cd3fbbf
5919	13	ac9daf2767693c3d2748dab96d89501cb65d667d71688bc3ef207991d1bd3d10
5920	16	6e3b132b5b9446aefe51a0dc1b5c5e9209c763260d2fe4c010cef6d82481753d
5921	17	74b3256389bc2fddcc0dfdcb4b5aef1850dfc45858fe0bc3bbbbd418ecdadbcb
5922	25	1e4184283603084bffa0621394997177cab58d735993030e48bb4b11a89fff80
5923	27	11b03321ac8992b03e6e0be196cb0df79bffbcc3707c27f1a13ba09e160cf986
5924	61	ca813b0907fab2b1c987650991b997b72ef70861a3ff2a9297eea19d521a574d
5925	80	964cd274410843679d6be44c1649fab6b51b11d6571cfa73a2c4577f07c8a163
5926	52	0bc859f089c35917be659f3410ba6b126f48f11d790d705975cdf5e51860f660
5927	91	f43bc78abdde0a0e2986fcd728ae0640ab78f736110f5ede8cbdaad0e9f18df2
5928	52	45bb9584ce4dcb163746c927e5d78b8fda02f73df8910efe8d259dd5de3f81cb
5929	50	b67b259afb4a7c5a610b610b019d95f6f799960fd539140d99af9c457ce38f03
5930	39	5dcad8c8cd6728aafc1cce08e58ecce96606037edc80cd9b5b9b8d230cfea12d
5931	68	a639497d7cfb439442b7e184f4f9bb121f762d94ead171cdd28a82521952669c
5932	46	eb7779f7d3de0084273a4e082426f89755ffa74ad36c40ecaeceacd71b801332
5933	48	78b4b0282a561d0c21ad40a7a73c819f68f1759b300af89a9c4a37e92986cbac
5934	62	77cd041b55f837c50f0a752c61dab55eb2fd74cbc314fe015e356fdd8c99d1d9
5935	79	a2b5599277d31df909e0bb57df953f25f5ce9e7be339646a4148b913577fd499
5936	68	695cb71a4fb1ea0c7512027390403113e35de3ef3ce8fad37dd82e393384ef4e
5937	80	8c366b260a027b95a449ed179a1a39ea200097325bfca8d300060141884d119e
5938	72	f2bdc8ac021ecd5cc43c4221a5fbf2eb71f7409882a6a37b3778d03c0fd4f81c
5939	59	539605bf6b118fa83da5ceac8a8d9af3a0f88988d148392c35d0fab12ff9fb1a
5940	51	ef389523b01d4822d85e377574b248a3b2c17d62a15dcafcf7c9f3b532356a8b
5941	5	42a2cb25a122b44221a6234ec660a7b5fb7f9bde7b3b9e2b3c559a0d96fac739
5942	46	7056a79668197b50d7a4da53384da9ab976eb472823d61c1e202e8de324aad03
5943	40	657bde03c4f82c26d6e631ce4f3e188cc142c2031b1b4e745f445bdfa0231637
5944	101	1aa471a01fd396e64cd85606fd2287cae357b45e9104bbafbc98cf1a833f7e08
5945	5	42a2cb25a122b44221a6234ec660a7b5fb7f9bde7b3b9e2b3c559a0d96fac739
5946	6	49fac5a3039bbad287ac815d533cf3abd4b4217920cbe2c93bb34a6e30003142
5947	10	2f358f0371a6e732c4340332235199dcd91ebc46239a5ddcfe6f9a63e6ebecfe
5948	117705	279a75e322333042b4f58c197ef5c4c26c2020dfe5f47fa7e18cec5854d82eb7
5949	234	8e5c83939a14d39c618f7964fbf7731a98fe22895492a6f074eeb40d5d03247e
5950	2919	2aef5342c94a90bb536c9f27ee34fbeeabbccda8760b2d640eb442ab6c642a53
5951	4377	fd05d305fc1c360b5ccdf2915e99b0662070935ae0afd1bff7b4630af0a10092
5952	52	41bd5dfd1452a6ce18b042a124eb78bc050e7981a7b26e12f7176be38ace0157
5953	93	ad96c0a720eeac308ce2fd0032955ebd85c85aede58bd860ecfba9e01cceda88
5954	175	800e7a2b38fea3a42b059d26de503de3f41b4ce4da7ce50cf4be2d8d425ee2e5
5955	220	0752b337a10734e8ce5fca09641c44579eaf3d7c799338425f32d26e44a73838
5956	216	61678f0d774dace698dac841d19f71319e30b5de0d7f3031e773ba99c9059812
5957	281	80df70f574317f321f82ecf4d20b9af5ef39581a90664d7ef318d3221275b148
5958	9	4b9004514dd8bb5287b58e385ae3872bb9ee7c89e61c0c5fe1ab850fea565a57
5959	54	e78a5fea05e3d554bb2736680d0bba6779c3a28def20f31df995f4ad88a378bf
5960	13	ac9daf2767693c3d2748dab96d89501cb65d667d71688bc3ef207991d1bd3d10
5961	16	6e3b132b5b9446aefe51a0dc1b5c5e9209c763260d2fe4c010cef6d82481753d
5962	43	55cf967c73479635922886011f1b0c100fdc07cc1cb60a95a10b321d06debb14
5963	151	eaed8d026696f2dc2db083b5dda3c872fd004ba561c5a58b0886e89bb9b6ecef
5964	30	87911f7d77d9b692b8c11c9eccfe6a224770cfa90c4f2536a321abeb7ab08808
5965	433	41071222b6b8433ac2a3566069a87eaa9a01c79e79f24e2d1c55d0def3799eec
5966	299	da74b8dd302946560ab8d8b49715ecb841b945f2522dbcbcbd4aad98d09bba70
5967	457	aecf546593f2b7e718190e613fd203186847b677c065004a914e7d32b8d35079
5968	456	6d5575087026765dcc3319340e138a4ba3794c26e8cbd8460958bf3e2adbab04
5969	429	905e06eb4c20e32ad9f1c62497067ba4ca4907660e50b1c45ab39943c2a34896
5970	424	dec006d984d092c077abb66cc484f252f498fdaa073381b8340b0056375222c3
5971	376	8690c979d9cb7498a1d598db85db30b38c3e320bec59f319cf90da25fe881ba3
5972	611	89623004d59a3dc18552c49be9f421af19bce050f7f79e843abee7325c3344b7
5973	517	2651abd9210b47537210a6b2d75f0757d03e4f406c2b5ca1248907f430c64a71
5974	383	9369a706c0dea12b29346f8b0a6e77d7eabc70d750d574ca40807e50bf9373b9
5975	403	5d0485ce6168b88cf28ad661a1f84987d0fc8125f54a1140b960db659a94a70b
5976	666	21f5cf01bbf2ed0625deb00191b6f2fab52b8d532ef3bcf7d3a6b45fc055f6e8
5977	270	6e0a157c31aa885961b670d893735ea79d6c4e05c34088b1aebb0caac94b2346
5978	389	02ffd53db2a52b92e45621bca9ec9045df18e4d9ed833c7ba181934906683b3c
5979	357	d93b215a199e1fd2cc2149ae860cc00c4c08e09b1571f33ea4025b43989b7c84
5980	281	5826f9942fc8340a3e09e076581ddae87761dca1510ee2ec34a08c82a211052e
5981	438	229ea3bc783d75b053cbb0112de5c31f83f823727614ca6719f2026c829cbdfc
5982	6	3a3e46f94276b6f6f4ed1f02af78bef6a2ee1c439dd5584b973948313214d2b7
5983	26	23bd448dcfbbb79e1aba8222a7a36e9fc0df2dee8084e81d9c574c7e2f8679c0
5984	48	bb3bd8755ea3a48c3b535d8e58d1b71abec2fb190656246eafb62511fbe1fb59
5985	237	c2937201783980f96a6bdbeac91fc37258977d98bb57e89a131c9a7d552d01d0
5986	98	8a2e8cf0d64a2f121e28e36e18867bb5925cd2f7c1e693e4cb85ec5837d9d674
5987	5	42a2cb25a122b44221a6234ec660a7b5fb7f9bde7b3b9e2b3c559a0d96fac739
5988	31	6387aeea19543cbd975729fb07744a53b8c20c61edcff69a29a36899825d211b
5989	34	a6454b1d349fd5c0c30f209c2158442e3834625d6183d03e02073021d9bcd0b1
5990	72	7b58e082e6d4d8dee144a33977e6e06aa157a412230a66c570d7de7671281578
5991	59	37b3dc01eccafb098a7f7cc89faee73c84f29007939afe8a84205121750719b0
5992	50	5a16fe3cb6969ab11e1334873bd3543d4e57bec1617b552aa5f26aebedbaf53d
5993	116	c41db5ada3ef96b9480adf1e52b6563535ed8b5eeefa46910cd89dfd7f23fa88
5994	60	50facbaee6b1c2065d3ee31bd071c5c68a95320216dc9c5484e323aa3c45c2d9
5995	49	628c0c9820252ef1b53dc252c2f4a45bc566e09c0a3a812d66baa083eb217032
5996	107	4a28e85cdd88a138a81184309f873ee7c30a4f7ea4365bdcf5fa81bda51a2735
5997	19	be85b684f1df85f043cf1e1dd945084170d0e4c5dd3c1b7674775b5c6e72868f
5998	5	42a2cb25a122b44221a6234ec660a7b5fb7f9bde7b3b9e2b3c559a0d96fac739
5999	55	b3af91ba4f872811ff6f015c6612c62afd7862f613ac061298be58dddcc60dc3
6000	71	ee7dae45f2f2026a376346df2e4720e6dd44fba8c66b9726ac9c54e7f532c7a1
6001	71	2061fbc4c70448a09b0b02a218c82725fd7d8305b13e2413db04a74c49117451
6002	120	57ba958e41feb203adb259819ded8ec5772a02ba9c533a993792da7a7cfaebaa
6003	109	e10d5ee1707f264d71da3dcf72beb089d5f42f09924a0b6333bfaf6aa8393dd9
6004	201	7c9346c95a22854c70ddb110a40b7fe8b1a52f3f5e6fc34572158a14ad52d9b8
6005	44	4149897c9ee8dc7a3bb60365d742b6129292de09121aad31c475c57b7f63cc7b
6006	5	42a2cb25a122b44221a6234ec660a7b5fb7f9bde7b3b9e2b3c559a0d96fac739
6007	30	b43ed9da701b8e37b1108bd8dfc58288ee6a1e0f33b09c26e26397ceec0f2b06
6008	90	3085c8e40e0d54a389e4e3e2d83970898ee30a1348ab4bf93e01093eaebdf435
6009	81	21bfceef819f89d52b74bf9e39e2813a8417e5c5ebd9359fbad7dee75a56b97a
6010	78	21bbba2ff6eba7b87fa2dc6d7826a19b45d817f927790e8eccead382d2fe5313
6011	81	1f9e49d6daf4f20a7698e7b3746e579b0093c1965234478d96dcfd40abc2bb9d
6012	8	22d11caf43e97ef369e6beed1a268bd05838f29b9dd254bf69ba64884147234a
6013	5	42a2cb25a122b44221a6234ec660a7b5fb7f9bde7b3b9e2b3c559a0d96fac739
6014	30	371755b4fa9df57f5258886aacc8a151ce1ef8b23a57af68f396d8d6442162cc
6015	95	338b4915ae4d37505089783a90debf10d90ad95a28d7012c57251458f0b59a23
6016	59	4a9c9ede662871ac6c634574abf919391641ed15e1c622f11712e65608fbb13a
6017	59	2d87dab098cbbc196b652533f5f6eab444ece68c47317675b007edb80f665393
6018	69	ebf3c3f72ee033d388ab9905a731fc8ccf6208e99629792279bae2324219cb09
6019	5	42a2cb25a122b44221a6234ec660a7b5fb7f9bde7b3b9e2b3c559a0d96fac739
6020	22	e3e8ad6c1dc995e1060c066a33fa36c3100feaf57eaabd04eb6f0c537e2bd011
6021	83	5270b2a42ed638db0e212fb0983376c629f9f91595acbcd59764e4209958fb12
6022	34	5e04e20e1a752fe452b10659653a626d79984655c3bdd71efbd3ddce33dc20f5
6023	62	b62835b0a52ef63c4d51a7d62c65c5755997e61fa474aa958d55c1531936b64b
6024	82	b8d532366a0fb62fa2e725ba81b9eaeefe9759e71e3edd7ff406c7f56c15450c
6025	124	6d743c7327acb59a84a6fc9d7c52d2f51e4eeca3a2941585127ff9e22584c98d
6026	15	770eb94a0a9ebd9fac44f4ee48aecaa709ef57bffdee2384f286492b07b3683c
6027	5	42a2cb25a122b44221a6234ec660a7b5fb7f9bde7b3b9e2b3c559a0d96fac739
6028	119	a6a175bd7cc0decc6916b20dd9ef77782a7d06562bf64af83c38236e5eae4b9f
6029	6	49fac5a3039bbad287ac815d533cf3abd4b4217920cbe2c93bb34a6e30003142
6030	10	2f358f0371a6e732c4340332235199dcd91ebc46239a5ddcfe6f9a63e6ebecfe
6031	47	cdc477abfa3b7a4a573ca6ac24a247ad06e9af4fc13f440b56dc5a9df351c70b
6032	13	ac9daf2767693c3d2748dab96d89501cb65d667d71688bc3ef207991d1bd3d10
6033	16	6e3b132b5b9446aefe51a0dc1b5c5e9209c763260d2fe4c010cef6d82481753d
6034	1	01ba4719c80b6fe911b091a7c05124b64eeece964e09c058ef8f9805daca546b
6035	43	55cf967c73479635922886011f1b0c100fdc07cc1cb60a95a10b321d06debb14
6036	21	85bcfb816a3109df49f805e692cbb5117fb575d4290f58e739e5eee7e7cfc7cc
6037	29	92552ee7b51f34cc1c6814a44f4dc40767596d5b1eeb97fd57bd427271c40b78
6038	22	2f195212e0fe5fe590b5101cfa7d3f6bc16763a7de8930482ddc97900fb7593f
6039	29	f2aa7af92a433cd8c8af58e14a3e6f9d2f504b2a7261ce41801f1a4d187aa09a
6040	25	15019ba9b0c9b032d5089418bbad19fff02b81e3005d1b3d4bebb55a90df613a
6041	27	5c3bdb7dda9ee1a79debb6be84f39ed248608db33245dc23378b2074b1f19aca
6042	5	040190a3058d9b1e76b3c5537e727b5bc36db0554b871e50dbb8dc95b8698260
6043	23	108b136ce71b378d1559dba5b79c07ae9bfc21f488756b1ca6dc59cdb460fc7c
6044	19	dfe4387cf94a65b51e72af445324df59a668dc909fd89e3df5d2d72b7953d228
6045	55	19566d82672947647be0432c6fd8189109af6b362aa354691742402ae904edf0
6046	27	40947318c11e94184d995bab614b62f60f6f58600ef102843f78b16719ef027a
6047	22	f0a1c0019bcee5cb4c42d0ca26722bf2443be6a04450192d77b36a535a6e4bf3
6048	36	4ee9dbdb4a461d9005dc72fa9b173d047e2cf60f61180a44b9df4dec2b0cc679
6049	43	043914749c2923097ba4cca155a43348964c43abb054ef51869a8525da84fc7f
6050	40	dca86fc6636bba48f4a4c6e8274a4afbf7b18aac29cc44589e3726fa1a5a7182
6051	32	3e46c618e46599149749ad099776b535b712a4ddc3f814f3e911e246bbf405e3
6052	49	1788043c93dd457eba5e1f9138cefa4c352c39334f9508feee013a089f94da64
6053	37	84257ab52ff0d9e679e1b127418f899b8b8a993bf31fb950cde42ce5024f7733
6054	5	42a2cb25a122b44221a6234ec660a7b5fb7f9bde7b3b9e2b3c559a0d96fac739
6055	75	417e28ebff796e59ad483ad3335319dcfbbdb1ad280e5cd3927e0cdb9561ec48
6056	1	01ba4719c80b6fe911b091a7c05124b64eeece964e09c058ef8f9805daca546b
6057	89	2f45031d23bf2ef7b2523794ff3bc35fb03429507e782b72705e823e997ecce7
6058	27	8349d2e95ca5ab72c7f6910019e509740102b3a6c29b96513b7be9a5702e011a
6059	22	9b7cdea410bf7459e5221f370c61723ced092b48da484f9f5423fd3cb71a4e3d
6060	48	57c5650514a550fbb4b16c66da634a64956f5905af6384361de979ef2c48880b
6061	4	27e5788d5d9d73d24a81dbc0a5a74bfa82c9c3b3af99e52af796e90b468a8a3d
6062	21	40ff76acca22bd3e522a13613829db80a627830b51f69e5b537e3e0d5e9d71c8
6063	22	9b7cdea410bf7459e5221f370c61723ced092b48da484f9f5423fd3cb71a4e3d
6064	21	6f542f28668a21c3a3f4fe8ab1c099e03e6d3fd81a2187ba91811867bb0ea15e
6065	43	e55b90c7dc980ddaea803d97dc3ca55700293881b0264ef9163f62a625813dfb
6066	22	f881e8a2523f4e83f9f18ea725848729ce6bfa3bac2129e70bffedc615683ebb
6067	45	da79e88edb436bcedc05e33259f42ad53f3aadec67d242d03cd7b2c5222e81c8
6068	4	27e5788d5d9d73d24a81dbc0a5a74bfa82c9c3b3af99e52af796e90b468a8a3d
6069	21	c99ef02411b24e35f028ae5fb899186b6532ee7263dbf2163fd26da537182c6a
6070	22	9b7cdea410bf7459e5221f370c61723ced092b48da484f9f5423fd3cb71a4e3d
6071	21	6f542f28668a21c3a3f4fe8ab1c099e03e6d3fd81a2187ba91811867bb0ea15e
6072	23	2d71dfa1460cfc7b0af91c3db84287eadc7b581ca5055e9127e6fd4566c971a4
6073	41	c95b2d967bb1a926c3fe3c862798150bd44209d5ba8974e35d3c78fe0fd1225a
6074	33	59eb01659349ad78f711810d54de1503685569b4f4f17edd82b940652af8da67
6075	4	27e5788d5d9d73d24a81dbc0a5a74bfa82c9c3b3af99e52af796e90b468a8a3d
6076	27	e4fd91a580d7462f57cf87ee0e80bcf746fcc26863a765557ea71b771297d6d5
6077	23	8d2f20c274e5dfd35b3723b06ac94e80073cc4be7a1c921a78b37407d91f0af7
6078	22	50ffffb59dddff15a5ea3bf8819dfa535539ba065e754c0cc859bba9c8d28f23
6079	20	cac2f1a704c437c92a78e40842bfc11ef6b8b2e67f8ae10b5ee85e302165c08a
6080	23	b38bae44020bf39df05424078b655f0b5fbf6c8f5e9febe964e5c123206779ad
6081	32	541908dd6fbd909bf891da1e4abc29f30f6cdd068f4c40014c52575baefc08bb
6082	37	2340c73f2164ee7bb10364d180096e3da5a3867697aa929d0f066a53a7204e40
6083	40	fec37968c9eb46f53145981be9fb88fcdfa047fcffa025334c72f1d8d94b4d02
6084	6	4893f40e3781eb896c82d046a08067a11e35cdf2f1dfaf26fea90b8db6676413
6085	4	27e5788d5d9d73d24a81dbc0a5a74bfa82c9c3b3af99e52af796e90b468a8a3d
6086	44	17a4f8eae92d4084bee868b828306b533e29020822800ce622ddbd291596c652
6087	33	15703dd5bf2990ef38fde9871d130c95ed7bfa5361bb3c31f4c880ff3bea8793
6088	39	897f2ab8eecea20361cfdb450eb7b7a732dde47bbd1ade57406663bb87e00889
6089	6	4893f40e3781eb896c82d046a08067a11e35cdf2f1dfaf26fea90b8db6676413
6090	73	1cbaaba523d3b09f27afd117e4fb5ef78d0de716b8ea948b490d4aa4ff6e17bc
6091	17	dfac4e43630abf68c3a4a7573fd4c43008ba798dd76c3759eeef53e6cff8d2e5
6092	4	27e5788d5d9d73d24a81dbc0a5a74bfa82c9c3b3af99e52af796e90b468a8a3d
6093	1	01ba4719c80b6fe911b091a7c05124b64eeece964e09c058ef8f9805daca546b
6094	36	4b65bc7310f0d0d6398696827ba2d0b4bb50db9a33d2672ef27d623c75c0d283
6095	47	227c9cca87e9d557fbac1cec51d6ec3626bea807dfda86766a0886e9381570bc
6096	17	cb341a2aea3d1db4fa6f43b5fe2b0cfb59d8822f1f08e0b0b498134e0016d712
6097	40	f4d7ef7fa3452b5755169e4fa4517da653eaed998970a556956a1a2e53260e4f
6098	47	5913ab1323decbba566f345697d9c83ba24b305d6001e01199d8ceae55befc45
6099	27	73628a9ac6effc0ad5081816033172993e8e3722edde9c6dbd8efe965a0869ed
6100	6	4893f40e3781eb896c82d046a08067a11e35cdf2f1dfaf26fea90b8db6676413
6101	40	2342d6b98aff229e840ac4edb5635753df57fcf5ed6c282963efe47cd81ca36a
6102	40	0f1dc9b62083d4ef7aa3961ec0e4c9ab77692791cc0f53eb172d675256c48fb2
6103	4	27e5788d5d9d73d24a81dbc0a5a74bfa82c9c3b3af99e52af796e90b468a8a3d
6104	1	01ba4719c80b6fe911b091a7c05124b64eeece964e09c058ef8f9805daca546b
6105	36	431f1412b80ae9a79b92f6ca15dc52b5cea97ddd87905b44a76493562da329c4
6106	43	b05fae20a05806867b9741fa5503889785cd6b88c6e8bbb6f0a87cbd747caa5f
6107	15	09401888977133a81078aa4aff5268f96cfaa92fe9def0d76a723c04c34ba8b2
6108	38	75112e113f9269c3696b54e28df1e27cdc04d936e4385797c946609a73a5a26b
6109	25	20205dd3390c0e22c13a1cad290794c463aba60bee2e8fecb22a63a4874da820
6110	6	4893f40e3781eb896c82d046a08067a11e35cdf2f1dfaf26fea90b8db6676413
6111	35	40ccd0453025ad86a1c81c18a1b94db923326598b81d041b3e98cbb576d8d219
6112	35	deed09d278583fe7e11e544e39304627953d3a457f2b3bbf49e65770a3114056
6113	35	0f1e1d36db5c5c8164ada759256db7a1a3c4161e0d436d40d5737c8b914d94d0
6114	4	27e5788d5d9d73d24a81dbc0a5a74bfa82c9c3b3af99e52af796e90b468a8a3d
6115	1	01ba4719c80b6fe911b091a7c05124b64eeece964e09c058ef8f9805daca546b
6116	56	c720dca455ca371a1d42861f789c26b0ef5d41eee64f84e084fb24b16b044c6d
6117	40	7121273b7cca8b16553a04c51cfc46b05b49e9b6a730bbfa7c6c131fabed6f66
6118	16	02d3acb477e1e03901ffaf86810c0ee94b38e9ce90739a91e0624081f0bb3e94
6119	39	6a9177b71c8925f76c482155ba24adeb5c78934a2ed08b3ea345f528f7c01245
6120	26	424717ebd9fb8d54c93d5d13efadfbaf7c12b302765d36ec278ad157e14be28e
6121	37	1ae1b2a9c02d7fed402c0ca02d7f390fc9b1081f748379d54067756001d34afe
6122	51	877c63c39c7e18bc386a00a69e84c8e97805281a4a37db315d6379e41f761d52
6123	6	4893f40e3781eb896c82d046a08067a11e35cdf2f1dfaf26fea90b8db6676413
6124	36	e75318e225eb4af832c58dd3d8d0640dbbf837cb1e2e4b2921acc3a941a32edd
6125	34	041d27272eb6f9b9303e307b9caf1e55b03c35cd76fa7b5cdbf6cc085a50bfbb
6126	36	00741ce933dd387debafd82e4b656fa0921ca5009a815ab6c69c2292c8deff8e
6127	37	55db1f8117abf7b27674bc06eeaff5a031eb3344675401afe9faa04b64515945
6128	48	fea7dfb999f1d129821eaac030680bf33fe1129d98c0be0c3f3c4aa19f8710f8
6129	69	401bebdfec78d3acf435d38bc187c58ad05c38aacf93623bd63bdf3a2ef93aa0
6130	4	27e5788d5d9d73d24a81dbc0a5a74bfa82c9c3b3af99e52af796e90b468a8a3d
6131	1	01ba4719c80b6fe911b091a7c05124b64eeece964e09c058ef8f9805daca546b
6132	42	d9db1141cffe59be45aad589f362e661b92a7f1142a08c6a9bde7399eeab9a6d
6133	16	f1527ae39357c7c37272c87dd4442dac688af3b34a4c8c68693b65e2b93cbaac
6134	80	b4c0065576bf1781c85ccfac1d195b43689f1473513c7a3d87c41e17c5bcf1b5
6135	6	4893f40e3781eb896c82d046a08067a11e35cdf2f1dfaf26fea90b8db6676413
6136	43	d624962efec6b5f8f71ba91b0a4567fe678a62aad8071eae0769559aa7b98abd
6137	34	53eebe92d06d345d3d0bee7575a3b77aacb808eeb5eedd746a354c217e3c4aff
6138	36	378002712eba922bb03c9c47dda421f860da4c1674fdb71f2701001d50b67769
6139	33	89ef894971d1820c8bfa6c2664ee13cbffb61daaa50c6e73ae5d739d81bf2d4d
6140	33	d369f8cb69cf0eab6a1dcd15c57741ef6d53665cc497aa893071df71231f00f3
6141	41	9799d7d913933952594592300a5900cb7ebd745c1a221f8039404ed9192d25f0
6142	1	01ba4719c80b6fe911b091a7c05124b64eeece964e09c058ef8f9805daca546b
6143	39	a86251c95b0bf44dc4aaf9790092f2989edd6c8a7723ba055fdae83542e995ee
6144	39	3d1b8716a33cbd28f5b1de9645cd50a454722b13f75aabaed5e71017294ed371
6145	33	0c75154bbb5de9148540d3f1c30be881057f82d6b3d0dc194bfd80c24af73214
6146	31	db2614e696f9bd73ad3786a762ef301c3b09e983279683d45d81a444d6985768
6147	41	f731fa797a658d00d9c262a0f60104715d1fee36073243d586d3e5b762b5b570
6148	15	72e2a9f41baccc4326c11b7639860e3ef654bf2cc8906851475a9a29990688fa
6149	59	565896d2716c535e187da8216b44fbe4bcf2451794edca2d92472984fda4d29c
6150	43	4dd3a52bbea63e12cb846daa9be7e70d556644f33eb5e2173bc4168bd0dc083c
6151	6	4893f40e3781eb896c82d046a08067a11e35cdf2f1dfaf26fea90b8db6676413
6152	1	01ba4719c80b6fe911b091a7c05124b64eeece964e09c058ef8f9805daca546b
6153	42	aed4b6fff237a012bfd606600792f5138be7c612d1449e1d90ad025d9e6f2526
6154	16	f3b3131a0efba8abe919a55def5d29bcc0497268b24eccdd7469f5eed53707ee
6155	39	8f8489373b4bdefdec8dcbadb437f1decca041416cfbdb80f81a59e2ba7814ec
6156	51	be4d8205fbfdbd322e037a01d5e5ade3507910ab3d2a9f3bce70674979628124
6157	6	4893f40e3781eb896c82d046a08067a11e35cdf2f1dfaf26fea90b8db6676413
6158	44	39b869e25e8f01c16f74a088511e1b9da51a9bd61ec4248d5cd2036551e82cc9
6159	42	ae36c8f67019529e4fd27ed3676e7de0aa97b5063e13de4305fe9e1d6e0c8449
6160	48	cf2db155e3c7b464e6bdb51ca7ee655637b17717a0cd97454e64961c23385996
6161	4	27e5788d5d9d73d24a81dbc0a5a74bfa82c9c3b3af99e52af796e90b468a8a3d
6162	1	01ba4719c80b6fe911b091a7c05124b64eeece964e09c058ef8f9805daca546b
6163	43	c0a53ac7e6de3d919441e7a0d78f2c320cdf1ac4a2f5cca872721aa362af3f24
6164	16	f1527ae39357c7c37272c87dd4442dac688af3b34a4c8c68693b65e2b93cbaac
6165	85	ac3111662e09ae9c6145047192a26f95bd69e3b305aae4142f2cc118ab2ea10a
6166	6	4893f40e3781eb896c82d046a08067a11e35cdf2f1dfaf26fea90b8db6676413
6167	39	0d594ab757db227dde1ace78298e79a2de15c485bd17cae26894dafea7c0f05f
6168	38	d3ff8f95f69858ec8ccde6d8031abb3eaf14ee7c147f7f7a63d88c676d78b28d
6169	22	341e30307bedb354a7bb9a174f17bcb1d08b0559973a532850f564a5f0e4e367
6170	79	f458f69af5d45bf02935be94749c0fa2bb48afbe6fc4407fc0be13085fbc568b
6171	84	e0bed397f9163f8519df700ca47dd6223e960f4c4c43f2fe9bdbc6a71eff00ed
6172	57	5cebcef5bd6173480e5c45aa559104d09718de45b733fa25cc38c6ad069c9a0b
6173	22	9e1b278ab34827996f51a12420e2d961643fe67cefb6601298f78414582c1540
6174	44	fb310fcaa8e2a787e5a6f535fab6fbbb1e135d4baa1ded32726a1c3976415065
6175	45	f213506e83f111d8a9ff8a2da7d52b3589d3c5f8d6ebdbe6362ba0b8e80d4b7a
6176	4	27e5788d5d9d73d24a81dbc0a5a74bfa82c9c3b3af99e52af796e90b468a8a3d
6177	1	01ba4719c80b6fe911b091a7c05124b64eeece964e09c058ef8f9805daca546b
6178	29	5f2b0db328597af10f8d7a7ac0045b46f7b31cced8dac9fdfbb7604302843887
6179	37	09f31da3e0331e3bd7352abdfeba5f00616a495a421a0fc46756cdd1e3ee6240
6180	66	404347b1546c1609e5f8ef81b460a9e2fd556ff72d774d2787fc5d2952ba606c
6181	4	27e5788d5d9d73d24a81dbc0a5a74bfa82c9c3b3af99e52af796e90b468a8a3d
6182	1	01ba4719c80b6fe911b091a7c05124b64eeece964e09c058ef8f9805daca546b
6183	47	95ba69979fb71aea7f8a20d51b72b0c5b86741d5415972fb23a24aaa4bf41c5e
6184	29	5fd99e93c35dbb699cf8c7854e6936452d52bff3f6125501afede8b11d652df1
6185	29	ea46ac202b291984c3ae2871044caac1e94209087b819f5725240ce3d6678db8
6186	47	2e06db9c5cd71e1baea334d4faa823e5ae4cd37a2ed0e563133115961ac6695e
6187	49	108845bb5ac5a3200883f7b6a5d2acb1f83f193122c80942b243c964b61c6567
6188	22	ab6468f2f99cd58080d386dc8a64aba41b17b590377b12dd112118277d042a11
6189	51	7ce6855c8a09d6511af0ed20b6487dfdc4828543cde041b40c4ed4dd95af6859
6190	51	d74470f751f86c3f8620d0731041286cda793437951eab770f77e5d45d8763fe
6191	69	a7e5a30bc74575f7ca65d4da7b1f25b08e7b485640f936a0233914dac883acdf
6192	4	27e5788d5d9d73d24a81dbc0a5a74bfa82c9c3b3af99e52af796e90b468a8a3d
6193	1	01ba4719c80b6fe911b091a7c05124b64eeece964e09c058ef8f9805daca546b
6194	32	ba6a2e88741820f07b47e054f952eec2e5b469c7ce73afcd21f48f4ad001d1be
6195	36	9ca0425627a0c6c6c696230bcc30c2e28c7c9d105f82369f498b8b44d5ab7440
6196	59	208e3f3206751ef6de99b58e75ba7a42d9c581b5ca71fa8941f3c4105f118b5d
6197	64	40f6d636459d037a5b60f179f7a9bdfbff57a868631df83ec3213603921277bf
6198	58	0f68198301377a61a12e8049e95b0a2f88817820e8611f387d24dd704d3b4747
6199	66	d89b82ad59f326d17d75e23d9687e887b7a6d13a06c1499d6458d64f06d66294
6200	66	568f44c17fcb8ed868740ff0ff3b03a5ecf6b378251d2e7db1ef19fb084666be
6201	17	1538d3b15fb29ce932368ab542c60c5b5ae5558c3f1369afdecfb1c8510a5425
6202	4	27e5788d5d9d73d24a81dbc0a5a74bfa82c9c3b3af99e52af796e90b468a8a3d
6203	1	01ba4719c80b6fe911b091a7c05124b64eeece964e09c058ef8f9805daca546b
6204	22	f03a40f57073356cb3f524456738e3b394e0a7fe0f00c4247e750582f101ada9
6205	96	600ffd095f9e02381262b56b61342573e2e584c6a909d38bd6953f7cb91a27d9
6206	4	27e5788d5d9d73d24a81dbc0a5a74bfa82c9c3b3af99e52af796e90b468a8a3d
6207	22	b47bb58e55ee5c8accca1332d121d6ee84087c84baec905a9f0c4bd0cfc1e9c1
6208	68	139520d28258103c6043c6e2cbf2198b3551bd7908f9b337e5c0983f5d49d70b
6209	4	27e5788d5d9d73d24a81dbc0a5a74bfa82c9c3b3af99e52af796e90b468a8a3d
6210	26	2e88f8b02aef68ad52e2aa708af68dfd882824fc9d5c0dfc9f431861294a35a2
6211	36	f7fc4374a912d47fefe1d72a7d9d60369b0a30957e45810240e4f3f5984b7523
6212	36	32eb88ae42304c78b575910f4abd4f9b94f7332b2ddcc68f61131ea537937268
6213	48	e334115c9872b30e2e612249d707dc5a19e9e794761f64fdef240bdbc462274a
6214	46	d91fba3a43af3adbd0b1322639d4a9e957346328f815ec334d13c73e7a84f237
6215	75	b025909128f7a2d79725b28819556fed3a6e0566c13fcdef94676f8b44b280d3
6216	99	d8031a230b06ea3cd366db47c30ed5c13462058f95adf6688e6bc8671052b7dc
6217	56	64c1f94498ab565a9be7de09b294a697c7f5e1c44cdeca6b1ddbb4463f6621d4
6218	36	da10e33379ac9b42dbbf0e855a0fb8b76dfaa5220519c3e2ec1b3c4b97a59fc3
6219	14	eda9fec78e386583eb86da1b4a5442aefbeaa19d48068f9edb369f3866cd51ea
6220	4	27e5788d5d9d73d24a81dbc0a5a74bfa82c9c3b3af99e52af796e90b468a8a3d
6221	36	53e011955a63a6f0e136789b64000b3f87779969d28e331cf2754a006e94f880
6222	33	9882fa8fe7ca6e349009e11b714fa71a18fc9fc7a88adcae1421ca5d6990b12e
6223	32	a9d1f1a7717e63f85f332c9af0636bc4835640bc267cbc10a66c36bf8fe60d64
6224	61	3e50f181cb1de0cd4122af72c9ed60cc64f38f5cc8b7540c002d825ae9f5f763
6225	56	f83eb6bbc8f47c3ac0532fd541e65d40f6f9c4b3a45cc2e994fa9c33d5bcc12f
6226	62	654a54f0f2b653b459d62fb9adeea9f746e199a998350a7b91b8aba7c1b23f37
6227	6	4893f40e3781eb896c82d046a08067a11e35cdf2f1dfaf26fea90b8db6676413
6228	16	3562e75b16b588a5ad0605da306a0ea206dc86333e4db5726dd0b74652fff1d4
6229	4	27e5788d5d9d73d24a81dbc0a5a74bfa82c9c3b3af99e52af796e90b468a8a3d
6230	23	82255aa4a36ca5986513c15f2c14e3032a20756706f798c66e802648b78d796d
6231	23	14d4dec242c02ca8006b578a7dc618a0cad4ef053faad45e97e54331d0e97a8c
6232	27	406619b92f36bf6f3013492c95cd70eb07c63394eae850fcce7e04f6e8b5a16f
6233	56	da9262e5990507f8c207ea3415ddd12f908b37677dd70f9e739e906cbd9d414a
6234	50	0c536233cc24510ca12aefc3d2556a71693782097ede294ab148c1e641258ba2
6235	16	17ce6490f9e97c4ca8a7fe2a747a82cc4a5435a2b219876c5baf05414719d2d8
6236	7	84e4208cd6ffb8c4a3547b2f54ada19978c3f365e78f9502ef5145cdd2aa8543
6237	4	27e5788d5d9d73d24a81dbc0a5a74bfa82c9c3b3af99e52af796e90b468a8a3d
6238	1	01ba4719c80b6fe911b091a7c05124b64eeece964e09c058ef8f9805daca546b
6239	27	06b9d4f9788233a7bc44246888c91322f30b1ee914b2cea0dc50396f727b4760
6240	28	f8bff1a29188bcfa9ac35e68612ddadd18e194c47b33f6146f80e8d3335b0a16
6241	58	739b420e547916ac37a415ce58509b01700eb309239bc95b876e763d8903895f
6242	68	54cf056b646ee50481059f4a158cdaebceac9caeb3634b9289ca217e06d91443
6243	26	29fcecd3152e47c1151e1f81e2ffbac8364d9dfe84acfd800356d7d2f0f4c8cc
6244	43	60b47b0b702b5fbc5461dda56841f2f20cc92d6e76634d438e48002dfc2ac50e
6245	49	a7f300171277936dc8b29fe4863f8dd1bc23a026c74eb19691ac54eff1e83f40
6246	66	81707cf99a21c24c018cb1c7468cdae1a1489ba5b959cc5176d01b28fb70359f
6247	50	275bbd655fbd68f5af7b4d9d16b8fba18b4a47e2abae2524d5ad00db8be87547
6248	58	276c1262918931f510bd61be392f278e65869effe628a68947d54c1b29ae5eaa
6249	9	fef69007a7e75ccdb2c19efa9d95c43bf787f33a2b9c8265c4a5ce642fe6dbea
6250	47	f9457080b3f96306964fac2d89b25be4484cb1415e251618d57f9c9681ff9187
6251	6	4893f40e3781eb896c82d046a08067a11e35cdf2f1dfaf26fea90b8db6676413
6252	8	1c6d114d3f82101c49625b55a352b1eb926df06575b7027dd1f6a4fad77e0c68
6253	32	0b2d25bd97b989e122b43186fb337efe3b5aeaa7b8bb5035380efd3a09c1512e
6254	7	7d72fda0390def145876b132b99b74cc30609388d6c5b6670a73081f35022b5a
6255	71	a4d9330240c74c987bf879b328cebf1fccebe2f5da694d1b9b03c5a2e21faf85
6256	59	c3f32600261873f542d576b657f7e18d6f607acf25bb1a0c29239191f36ac1d3
6257	65	6ab4882f063e5beeb72ea3885b35176d4110a56dc80805a80f7f04ac2257c676
6258	59	a3ae79ae6da700e1e6c21fa36a4c58c0a20726fa93d49a0e8037a352506f50fa
6259	10	e6b04491469722e8363a94e4044538e013a2a217e36b1e568ba60acb7b4c8f2e
6260	8	9b62f60d8590a579cf46f8d67378c4c572b962ceccdb90c7a5f7b42b960782a4
6261	6	4893f40e3781eb896c82d046a08067a11e35cdf2f1dfaf26fea90b8db6676413
6262	50	e41ad6e5557a73d75a29598b12cb482614ff5f32940eaf7b65f6831da4fe8c24
6263	4	27e5788d5d9d73d24a81dbc0a5a74bfa82c9c3b3af99e52af796e90b468a8a3d
6264	1	01ba4719c80b6fe911b091a7c05124b64eeece964e09c058ef8f9805daca546b
6265	31	bd3f8a851138fba02e65c56189fa9565c72ae9639990141074cb9b5e834df5f0
6266	28	f8bff1a29188bcfa9ac35e68612ddadd18e194c47b33f6146f80e8d3335b0a16
6267	30	a7ce7f719ee69de67e4021aca437cd4b07be403fba0ab4933a8157e044a41a52
6268	12	30e73efe74019d4f92c5054775cffb7f7ea4cc780e136856d51e746b8216e9eb
6269	16	1b06d073c49bf010959af122bfcde16b4ac175a17bfe8e21c235c060842fd78c
6270	13	53f0e15bc2788d0ff70fc9e1dd7f7afe965fdfa455aebcd0cf0ab7436d72727e
6271	24	8ed8fd07fa6f82dce576bb61cbe7766bd79eb013305b7c5decaa8ac328daa975
6272	24	ff06609877911b272fdd4a6129fb95375da932f512b4988b1b3914d6930ba0e5
6273	32	da38b1a2231e2c018114d6c5b13d9c5a654fd814f99e143888c16ac5794db916
6274	24	6bfeaadfd2132ffed6f4018ae0affc0f146f1d9673ed3f09c21b151061b12543
6275	26	984d7cc3c6da60cc7dd2a69c23949f59f739914bcffb5c6936a97b4a91088397
6276	43	d1eaddfd7d81f4ec4a0b62ed92916329fd92c5703a920c3ce462e2c2c0fab790
6277	37	c29d77baa04f19c85df05e710ddc51697b5751e2a8d5df15829fb6351c5a5146
6278	7	ad9e12546425576d3deae8c9b9dbf128d5d6ddaf5d7fe857934927deffa3b9dd
6279	4	27e5788d5d9d73d24a81dbc0a5a74bfa82c9c3b3af99e52af796e90b468a8a3d
6280	1	01ba4719c80b6fe911b091a7c05124b64eeece964e09c058ef8f9805daca546b
6281	28	dda8cbec241e8904b587332a4cd1e15c834513c75c3397cdbca9d1e28a834674
6282	47	227c9cca87e9d557fbac1cec51d6ec3626bea807dfda86766a0886e9381570bc
6283	17	cb341a2aea3d1db4fa6f43b5fe2b0cfb59d8822f1f08e0b0b498134e0016d712
6284	28	747cc457968b05c7d812d0f0791b4fd5736b78183f99d64c55e5ae36df21ff52
6285	37	c33175f73fc73d4cb33b9b764cdf9290495aaddfd35dbfdaf8a4c300408aabc8
6286	39	a2eda775ffc9cdcc7151e09f89e8e4d84c6dabcf84dbda0436f683333d0e9d49
6287	6	4893f40e3781eb896c82d046a08067a11e35cdf2f1dfaf26fea90b8db6676413
6288	45	36e3a395804795aa7c24c1d6ce3b24d504c70c48e5d007e094bb46ab97803a36
6289	10	c6876a3ab52ce88509d9b4c5b6b41da2d9070252ef35e9ba12255b236d85ab06
6290	30	556a1c2e3cb6e7088022031277c6ac177dcf3bb1736c20589c7699f53d4ca7f4
6291	94	6b110fc9a1c8c8103c992f1bdcb2797a78e3a369c0c154214541fdc0c0a9a624
6292	7	84e4208cd6ffb8c4a3547b2f54ada19978c3f365e78f9502ef5145cdd2aa8543
6293	4	27e5788d5d9d73d24a81dbc0a5a74bfa82c9c3b3af99e52af796e90b468a8a3d
6294	1	01ba4719c80b6fe911b091a7c05124b64eeece964e09c058ef8f9805daca546b
6295	33	59be4a7e6d1e4d373730ff9a0c615bb6b7fb99326672acdeef0a261722edb6c7
6296	34	b4f00e065384c9f599904c60a30a9c130665fdb2ac019017cf8a9793cfc9c17e
6297	43	b05fae20a05806867b9741fa5503889785cd6b88c6e8bbb6f0a87cbd747caa5f
6298	15	09401888977133a81078aa4aff5268f96cfaa92fe9def0d76a723c04c34ba8b2
6299	26	759f0a21b415741a4dc3954713db8dab2a4ed8dd9e821531d051f21828c1a7c2
6300	35	05432ce37a359ed0919b913a168f196e97be9a50b4a7a3f4846fc0840a1be513
6301	37	71d8652171195095670408850950386b12bf1eea30441b6c13558142ce9af781
6302	6	4893f40e3781eb896c82d046a08067a11e35cdf2f1dfaf26fea90b8db6676413
6303	40	b9d0dafa6aa124277bb7a03ab4ea7d1268d547582022c54959da8dcd8484db02
6304	89	fdb5cf342b7eb622f1204280350c369d7be697a0c5298b78a279ab8e70b1cf45
6305	64	8f5c0936c2744441b92a8b36471d5a3034f426be5f3fe209dfa23eff9ea270e0
6306	4	27e5788d5d9d73d24a81dbc0a5a74bfa82c9c3b3af99e52af796e90b468a8a3d
6307	1	01ba4719c80b6fe911b091a7c05124b64eeece964e09c058ef8f9805daca546b
6308	33	d8eb3e6c0acd8e26466dec63c2dc391919bd4fa94c5d94da783ad21a145ea7eb
6309	40	7121273b7cca8b16553a04c51cfc46b05b49e9b6a730bbfa7c6c131fabed6f66
6310	23	188bdc1ff25c510325fc3982306a22198f7a9400f991ee5a13c78da3cb20b11b
6311	86	00ee248357f0c6516cc9b48e95636a93d4a3e9b89c196c34e885525fdb048b46
6312	56	4be3b45b72b5226f0fdbf093baa1fec70ac6715575e8b9577d7b2bb62c2465ba
6313	14	1792f847bb21cb292dd09f7fa6e7cac4a8c14d97d389633b3d1520ea14b5b1dc
6314	6	4893f40e3781eb896c82d046a08067a11e35cdf2f1dfaf26fea90b8db6676413
6315	25	d3c0c41afdb81f6cb6f0568b2f5d2446ac254072cf20f0f91a8d1d68c3052e81
6316	34	f5a29f3209fb14f56ee9668a3ba5c1d597359e4a282653b5729e782116fc9004
6317	36	44c1ae2b7870bb15adc42e7f2ee6feca51fe5bf7c3f1c4be70e3b3baef02dd04
6318	50	bdc4bffe5ad38347b5a4c20632e691dd1fd6f39055049418d3fb06022c7a2faf
6319	41	a87adf4afe1988f8208a3cf37eee6b83c979316b3d0de1cd971f0845c4e0909a
6320	81	63a674b24eacd5b25e58e508cf43e000532e3c4042da4d945fc5b02c25291c02
6321	95	110ef711fc9cbf374c61c76ef308439317ab54f6cef74a8b250211c5b722287c
6322	37	55db1f8117abf7b27674bc06eeaff5a031eb3344675401afe9faa04b64515945
6323	46	7f67f7d8009f5f994234a1e2b4b33438a1db9455070f5c3ee8a4fadd98280684
6324	4	27e5788d5d9d73d24a81dbc0a5a74bfa82c9c3b3af99e52af796e90b468a8a3d
6325	1	01ba4719c80b6fe911b091a7c05124b64eeece964e09c058ef8f9805daca546b
6326	30	e7fdeb1fc18756ec3b3bbb014e271c6aa1f73b979c82787f46cd90d603824b2b
6327	75	086fe839a9c4ab47e1616ee546dc821d27284f98df4ccc9c2fe5dcfe9ed0afa1
6328	54	e21d55c4b55afe67f70622e6a690ad59c375dd99e1ae97a44828ac6469d0125e
6329	54	965dfdf3f06bfe96688f260d75fffa3836329da5e4bc69bb6e39bbd6f51f6634
6330	40	0367a4348a640dcfd90e4b231286fecad864c6e4f0ed745da0bc6b7ec263e063
6331	47	da4e68eedc73d57f764b4c9403a1a321bf77327d070436e60dba899a2b0e7459
6332	66	b64983bafabec4b66c5e799edffc26279a8161a5d3ffba48976eebb12baf43a3
6333	58	d7201f2a815d5b068ce854074a91d952ad6c6bcc013ab8d7333867dd9f12380f
6334	105	92e24381a06a6a8abe3dcf4b254cc311254003bc2be42e1bbafb50b74d1ee0c8
6335	11	ca630c6e2aecc7690bc1ee1ee131cf9e1b13e92caf11c9dae2620692c855ea04
6336	39	02267a3533f21dc5add716ba1ef65ea519f4bd4af5628f4f3b523d3357f0323e
6337	6	4893f40e3781eb896c82d046a08067a11e35cdf2f1dfaf26fea90b8db6676413
6338	10	c6876a3ab52ce88509d9b4c5b6b41da2d9070252ef35e9ba12255b236d85ab06
6339	27	71088dc49eb0edffc4c99f71dce7ebef198d3446605eb6fd764b04a7cadaa5cf
6340	94	d631c8fe24573dd0cd4054fba62e940d3c2a8eb326954733bf540e68c581444d
6341	7	84e4208cd6ffb8c4a3547b2f54ada19978c3f365e78f9502ef5145cdd2aa8543
6342	4	27e5788d5d9d73d24a81dbc0a5a74bfa82c9c3b3af99e52af796e90b468a8a3d
6343	1	01ba4719c80b6fe911b091a7c05124b64eeece964e09c058ef8f9805daca546b
6344	27	1a633bf526c1d9281bd3f7e51d5f95b9065f286db21bcb940f776ba84b3b8aa4
6345	38	f7991ba699d129abbc39fce3940ee6bc4bf6b98f56abb68602a46c9c25f0fd53
6346	21	6f542f28668a21c3a3f4fe8ab1c099e03e6d3fd81a2187ba91811867bb0ea15e
6347	30	42ee6d47fb6187ec25a99666bf30fc7e255834644b16c2ff62199492e3e91e45
6348	171	ad91a45956d26a0edb7bf0dc53ee1699679e21e491ce4f2680edb58c98864c35
6349	36	41dc53a249cd33990d7a985709b3cb8e3654e4562379da8aca577e4dea6402bc
6350	38	120799887cda07552c2a23905a4758b4438392ff8e252dbd2f5177f84bfe10a0
6351	74	090d6b5e64d007ee61d18d10b7fc5fea0431d12d0b5d97b43d7685deecd19a9e
6352	36	6ec11c6fb344137a41da26ea360550f1e14cfdff3016fe6e4c79f97f584fc309
6353	11	ca630c6e2aecc7690bc1ee1ee131cf9e1b13e92caf11c9dae2620692c855ea04
6354	103	420cacdc1a287554c9a11e135fcddbe2150e1b1dbe3caf15a69e4d6e7d23df05
6355	36	6ec11c6fb344137a41da26ea360550f1e14cfdff3016fe6e4c79f97f584fc309
6356	6	4893f40e3781eb896c82d046a08067a11e35cdf2f1dfaf26fea90b8db6676413
6357	4	27e5788d5d9d73d24a81dbc0a5a74bfa82c9c3b3af99e52af796e90b468a8a3d
6358	1	01ba4719c80b6fe911b091a7c05124b64eeece964e09c058ef8f9805daca546b
6359	36	510f27d89630c1e693f48d64e7790a905aa669c80760870ef954e118f365621e
6360	32	03ecd15b49e1ec3472456e2e3f36a91fac08d33ae6817abca9fa6f39eebe3b2d
6361	30	c35a2ddee96580e28aead1840c260b926accf98e5f430f65d697a511cbab734e
6362	24	ca50622e36579fda9ed3b0757c096f8ec6bc2d2165c67f91d4a816731738fa76
6363	22	506a586c0c3d3e0b91a9d330ac4b6afbf5692068b3021d26591c164ada0ffcb9
6364	67	429b35538fc9872b20e9f2fa7e003e4dabe4ae31ae72328b1c77a26418ecf10d
6365	17	dfac4e43630abf68c3a4a7573fd4c43008ba798dd76c3759eeef53e6cff8d2e5
6366	4	27e5788d5d9d73d24a81dbc0a5a74bfa82c9c3b3af99e52af796e90b468a8a3d
6367	1	01ba4719c80b6fe911b091a7c05124b64eeece964e09c058ef8f9805daca546b
6368	56	8b1a8f2b3358dad0d0d535b5a65a4621d87eceb0f52e5d08bea0238fd7bd493f
6369	38	e7c5791afb0f717f4485a522625543e943a207581f6559ab901b7a844686358f
6370	30	bfaf984fbfabd07385129f40b23ef2cd07c4f1b2b22dfd8ba463c41c043a1cf3
6371	30	c35a2ddee96580e28aead1840c260b926accf98e5f430f65d697a511cbab734e
6372	38	8d3141e08ef5af4bdf1e99bd10b44da748a1e183b258fba27cb4f97e740144f5
6373	29	760ad65d339edc7eec282eb2b786fd82fb3bf3e35ccf7aa009fa12bdf4bb8d07
6374	22	506a586c0c3d3e0b91a9d330ac4b6afbf5692068b3021d26591c164ada0ffcb9
6375	67	2ed11944e845e933b17ea10901baacac98a5e16fa99d51a874bfb4ae21191975
6376	26	8f3ab2c407bb05036ab00868bbd3eb96357c430a4cd05e0be835a32eaf017987
6377	4	27e5788d5d9d73d24a81dbc0a5a74bfa82c9c3b3af99e52af796e90b468a8a3d
6378	1	01ba4719c80b6fe911b091a7c05124b64eeece964e09c058ef8f9805daca546b
6379	59	023c0d034b51725f4273a18898c5bd7fc725be065502d25b7aa42b3ce7a8a8d1
6380	49	cf31cfb54aba6d0d4bf268ef4241e1585da3708be328a75c5c8c06639dccf62a
6381	38	e04fc17624640f7e9ba0620c85a35a39592bda9e6a0a534460b3af476a7476aa
6382	1	01ba4719c80b6fe911b091a7c05124b64eeece964e09c058ef8f9805daca546b
6383	23	e9bf34000a1e387519174d6bfd32f5c995b5edfc0007d1801f79554f0807061e
6384	24	ca50622e36579fda9ed3b0757c096f8ec6bc2d2165c67f91d4a816731738fa76
6385	29	760ad65d339edc7eec282eb2b786fd82fb3bf3e35ccf7aa009fa12bdf4bb8d07
6386	50	545901538b2df7373134bb0b1c2fbe415498ec9723db3d5f9743331671fc310d
6387	1	01ba4719c80b6fe911b091a7c05124b64eeece964e09c058ef8f9805daca546b
6388	28	9c1bc4306f9799e469c04ceb188e83b477635aac1c360b35e2ba47bdf1c7c6e9
6389	31	c8e482009a3c14af876931031225140546075d90c5e81114cbc7cfc5ce298ff0
6390	32	037dfa9c1bdfe40c9f45980c048d3de0d803c42c8663845d9b07a673c65a9d39
6391	11	ca630c6e2aecc7690bc1ee1ee131cf9e1b13e92caf11c9dae2620692c855ea04
6392	31	0744fb41de6850f2e6445ede0926d87ce01e5f54fef822fb1f0fc4fa3936cb60
6393	76	642a1f8e53f384649daa24b9e7c448ece8fc95cdc5b854ad82c2adffc927b6d2
6394	34	83a9d546b34fa55aae63a50e592bb9afd0c6acef6db48e8027786b9cfd4019f5
6395	8	9b62f60d8590a579cf46f8d67378c4c572b962ceccdb90c7a5f7b42b960782a4
6396	28	4b4ac988cbeb846ece8fed3215526a5da3e1645062600d3a85ab2ad94d8bb030
6397	6	4893f40e3781eb896c82d046a08067a11e35cdf2f1dfaf26fea90b8db6676413
6398	1	01ba4719c80b6fe911b091a7c05124b64eeece964e09c058ef8f9805daca546b
6399	21	6b877d58c6a0c032ee49a8d29b47405596a99e509de576356e486eaf9c196bd7
6400	26	6d4965d776bf1725ed8fe867710554ea8da31ab4144c199db49a8dc083edb535
6401	23	8fb085219322d42c047f9cba5da38f108cafc33f3aac7174e5c3a21443c95430
6402	20	86134e96d6d80e006b23f073a0355354b21a4f8ee509d9d119d1921c1df3b223
6403	1	01ba4719c80b6fe911b091a7c05124b64eeece964e09c058ef8f9805daca546b
6404	72	60df4d1e4eca64d7e30355467bebf9cef703b34095132eb45af74fe27631c475
6405	103	870f6bf18a03ac97c904374368bcc7e07d2396519fcd2622d0d4fbc864d272f2
6406	68	8f127bfe7afe1150a24fb603f879c88fec3a05cdb877ba734056f346bca0059a
6407	16	df81fc99aa8ec675fb88278b61d278230a80521dfb4b588eee4fc1d4898e1987
6408	4	27e5788d5d9d73d24a81dbc0a5a74bfa82c9c3b3af99e52af796e90b468a8a3d
6409	1	01ba4719c80b6fe911b091a7c05124b64eeece964e09c058ef8f9805daca546b
6410	42	619d6b74054ddc2243761d49c897c75bf39a0b23d12f87018a6c80b45c126362
6411	28	e753b3016a8f1526abab95eb5211107b2c484f5f04b2705fe6dd4c32d3ff83ae
6412	30	c35a2ddee96580e28aead1840c260b926accf98e5f430f65d697a511cbab734e
6413	24	d6519eb046dd5705545225c2b9227572af6776c9b65bedff864769f72b6971ff
6414	24	ca50622e36579fda9ed3b0757c096f8ec6bc2d2165c67f91d4a816731738fa76
6415	29	c8025e327cb01913439a49cf97abe684b7977e43d0dc5f69ff7177325165845f
6416	17	dfac4e43630abf68c3a4a7573fd4c43008ba798dd76c3759eeef53e6cff8d2e5
6417	4	27e5788d5d9d73d24a81dbc0a5a74bfa82c9c3b3af99e52af796e90b468a8a3d
6418	1	01ba4719c80b6fe911b091a7c05124b64eeece964e09c058ef8f9805daca546b
6419	50	a92ae0bbfac810e0178600da03f6e702ddd83e714270405f5ff713d4c47c44e9
6420	44	95a2f259df0708ae0eddb4c4fbbfe2eff5093e38befc475a7b79581597653d7d
6421	55	2a581519c2a620e3be02aeac7e783f2416ef7501230810a2de147997e0de0e14
6422	61	4ec55abb4f3605486cb2b8903c6afba0366481236e872720ab3bbf051d59e3b5
6423	60	412ba33162305a10aa5a4fd191d9b73456a144a87b29204746b1f16ae852a90a
6424	46	c6d7a8a52b3b1b7c149b1e310d4bf481c8bb07252bd41f027f27fb6a81bdde52
6425	27	3ef87f81a6f4ab0ab587f4c671fa8f9cc8ad08d6dea6426cf9c07932b7c2c038
6426	27	ba38b0011b86f3df111a805e4d1578509adcef46d735b2e0eea4c9e61648fdba
6427	29	315d61c530556797eb494a6e1b04dff31f14bdf50a5f5f83fe32f60aeec6f36f
6428	29	8ae7b87dcfe8233ed1d97becdbaf520c22e8759a040aed298eb6ad282f2af238
6429	79	5ed441c14074119979c1a43c021d26f161d57e1821c1f9adc6659706752e3f74
6430	6	3a3e46f94276b6f6f4ed1f02af78bef6a2ee1c439dd5584b973948313214d2b7
6431	1	01ba4719c80b6fe911b091a7c05124b64eeece964e09c058ef8f9805daca546b
6432	61	3852a74fa7587422371dc93d5e6120f1c8e3e1a8c72af62b4eccba299292f1bb
6433	39	13ccb6b6e9e9e8595ae080a1293309c7df3411c3de5e075ba8e6c27ae0ad6aad
6434	23	e9fa78cd6c777fb51b41fadee53ce084f3043a76362ca59867b4246eb5f4b0f7
6435	97	43fbdd344c395128cfbe8d2c332e1c854fd04d6c5c986a9849e8aacee3e0cab1
6436	29	5fd99e93c35dbb699cf8c7854e6936452d52bff3f6125501afede8b11d652df1
6437	29	ea46ac202b291984c3ae2871044caac1e94209087b819f5725240ce3d6678db8
6438	30	f1ede65168f99c705e80204552c8f4f279d20df1f4cc979e553a60561835e22e
6439	134	ca80c5e7dc8aa7d302d23984da6cdce1e1db9a5236afacd0f96bf341bc6f834b
6440	23	e9bf34000a1e387519174d6bfd32f5c995b5edfc0007d1801f79554f0807061e
6441	50	545901538b2df7373134bb0b1c2fbe415498ec9723db3d5f9743331671fc310d
6442	21	6b877d58c6a0c032ee49a8d29b47405596a99e509de576356e486eaf9c196bd7
6443	69	32112afdd7feb256e68bd594dc4ee61fd5beb1afbc593bafcd8c7abbc629a67d
6444	6	3a3e46f94276b6f6f4ed1f02af78bef6a2ee1c439dd5584b973948313214d2b7
6445	1	01ba4719c80b6fe911b091a7c05124b64eeece964e09c058ef8f9805daca546b
6446	37	e441664d3a56be0911bc7d11137eae8c63c2952651b95989550d5bccaeacbc1d
6447	91	33d40b71643ca6f2aa6f0d8d091fd977decadfd27e8b434775dbb5572ae0f752
6448	25	83bdf7896462c3a0eb649b15b4e7fb67697a8fd0e19807c398229f1d38008486
6449	65	c7fc8aba278ad22087ec89c83bd14088c9624e0884e329525d27590854fbc426
6450	43	63dc3fe85143b2cd3d8a846d3f5d0fd507d0fbd60b7bb170da1334805094ec53
6451	64	15e67c8f3a2954e9903422373cd3b608e4cdce0a12b13ccfce47303012fcb604
6452	6	4893f40e3781eb896c82d046a08067a11e35cdf2f1dfaf26fea90b8db6676413
6453	1	01ba4719c80b6fe911b091a7c05124b64eeece964e09c058ef8f9805daca546b
6454	61	65c2aebad352dbd1ba319c1b48f7842698d041e0e7fa3cd48d08e61ae8670519
6455	76	4d198d85b59b3c4011e17507dd75254511d0b7e85c3c34bd6d8bb211d2b09ae6
6456	32	522ca9c4f706ab5f0a233f5f15006b7c1b05d634946df6cf086d7d3495a00376
6457	41	67718d8f961bdaa499e82b57252a072ff989f1b8b21eea5e9a4f37d58347a92a
6458	57	07de39f9d964adc3df292b100dd6f3319536f97e5cc2327026469aaa55329df3
6459	9	fe33dc731e7d07b1f0c05cfebd7e1922023e6077bc0ae7ba30148f50833a25a9
6460	27	3f80ff868b969ee67dbe7d799105aa6b70ece4ea736b90df2b6d886f8b83b545
6461	46	507badd8271d8acd6a2f324066adb4283d839aee8ce07c2d9898f0c30febdb48
6462	6	4893f40e3781eb896c82d046a08067a11e35cdf2f1dfaf26fea90b8db6676413
6463	4	27e5788d5d9d73d24a81dbc0a5a74bfa82c9c3b3af99e52af796e90b468a8a3d
6464	1	01ba4719c80b6fe911b091a7c05124b64eeece964e09c058ef8f9805daca546b
6465	55	ff5dcc245f11cb142de587537e90268479ab78c756b3caa0523e1bb6518d1a32
6466	50	797b594916812bdad4e4230d0c8c69649cbbbd39b9c024c1d06a949135831b56
6467	19	f72a8c027ae537f3f32191f267328ea7d2db450ebbf3c55b21ad236422512666
6468	76	a8db07a5deaf7372e5df3877bc182a5f6def295381c68b8a7f4c15f643b61c62
6469	70	764457e932f57a7f9a8caa008459409aab54419b569b673bd394e3d0d1beb875
6470	26	df5f47aa2271830d69b3cce64dabcb37c5887dba74061654ed042d1b1bb9fbb5
6471	12	30e73efe74019d4f92c5054775cffb7f7ea4cc780e136856d51e746b8216e9eb
6472	24	9320c37cfeae0777f461adf0f4bc6f871fc47ad7ba088266826cb9ff37c9a896
6473	38	aef2997bf91fc00bbc58a442d8e83466c0123809c9209bad7fe17b92e5249493
6474	47	229bafa617a875b6094fb8f2c6048c114bb2f900cde24a663a0be981140b4986
6475	37	b118b1b37f80dd8cb2cfc2bca8e7e643cf1fc0a8ab14a54b2c7aafcd7801d4b3
6476	36	9d50ad22f6dabb1e8925ed4e38d8bc4e784341cdaa8c4d083aa92a5e85abc82f
6477	84	f6f7c30b6f37dc28a86eee10867a4c5a7090d93c7d666da32973bf2892b732a3
6478	30	c1fe3bfb5276cc9abfd6d9157e995f6e1a91934c274cc4762a93aff06cc5efbf
6479	7	ad9e12546425576d3deae8c9b9dbf128d5d6ddaf5d7fe857934927deffa3b9dd
6480	5	42a2cb25a122b44221a6234ec660a7b5fb7f9bde7b3b9e2b3c559a0d96fac739
6481	1	01ba4719c80b6fe911b091a7c05124b64eeece964e09c058ef8f9805daca546b
6482	19	264e410bd54f4ee481441014958c16f76fafc6c8a3f4a3186ded817f037e485a
6483	30	0baee3c1bb3f4bd0b9143c1203d5a32315fa9f545d4a5651f4410486dd309de2
6484	28	e753b3016a8f1526abab95eb5211107b2c484f5f04b2705fe6dd4c32d3ff83ae
6485	29	5fd99e93c35dbb699cf8c7854e6936452d52bff3f6125501afede8b11d652df1
6486	29	ea46ac202b291984c3ae2871044caac1e94209087b819f5725240ce3d6678db8
6487	82	1bb95a038e7a964c36f6b0cea0e8d358c9ac4c6b73b68766b22cda2dec9bd406
6488	4	27e5788d5d9d73d24a81dbc0a5a74bfa82c9c3b3af99e52af796e90b468a8a3d
6489	1	01ba4719c80b6fe911b091a7c05124b64eeece964e09c058ef8f9805daca546b
6490	39	88e1e175e47813d64352a7cde17a37967b8155af871333570e9f98add5dcbc9b
6491	68	bbb967e36375def735c091d7a761e53dfbef1701d8b04f2ab0e7d23c32b1c723
6492	16	45c5b8c28d63f0593dcdf37dc7ed286a1a04fe1179c1fb8929e5cc640c2da582
6493	6	49fac5a3039bbad287ac815d533cf3abd4b4217920cbe2c93bb34a6e30003142
6494	10	2f358f0371a6e732c4340332235199dcd91ebc46239a5ddcfe6f9a63e6ebecfe
6495	44	d2c5b29c2d2f02381242a817b4f4ce2f52a57d9228218fa48006dcee76e200c6
6496	13	ac9daf2767693c3d2748dab96d89501cb65d667d71688bc3ef207991d1bd3d10
6497	16	6e3b132b5b9446aefe51a0dc1b5c5e9209c763260d2fe4c010cef6d82481753d
6498	2446515	a1c65a1ca984645a968ef35a17e905f549ceb47ea18efd585006d2b5317b5990
6499	57	7ad97ed1d21dbe36424f2f1b9eae283fce06e5c044db241abd6ef90771c64492
6500	61	c4aa0acc2f41688b0987e3b693ba60d63a28019de4e672fbfd2537f27992d386
6501	108	c04db136768bc61e5c5f87f6986bd41a2603968cd2ac03c278595014e9a48fa4
6502	286	273e3602b1048086e1def3948c3f5aed8e71c9b7d9371c1ff7728f7a02ade2ba
6503	60	f14476584e13b10c32f4d3810fed46b31f0a2b4db61e85bbfa0ccaa116d41f3e
6504	106	f637fb68fd0802a932f3181e12df8c1e7ba2254ed48efecb21c1d053bb76617c
6505	1	01ba4719c80b6fe911b091a7c05124b64eeece964e09c058ef8f9805daca546b
6506	132	6679b4b55f12653e5b87e775279df72482f2d0666b3005b70017e009de4f1b84
6507	43	fe0224424688fc85d70928d47c1ca56c70fb0cdfab534ade4110cfb90fe9f4d6
6508	63	a0aeccdcf6687e2e60d381972fee4118874e446bdd6e91556290f2ec994498cf
6509	54	411b0f2dd84e974f3cb15bab3c0f1bb76155f38e8bee8f538133bd837b07c0e6
6510	111	5b110ce0ad219e82d2cb0233f23b6238f4e1895f9f90e0a33ca5d8fcd38f1d6e
6511	4	27e5788d5d9d73d24a81dbc0a5a74bfa82c9c3b3af99e52af796e90b468a8a3d
6512	25	c6c85473e9b1a938f64bd2df7f4c80bf4a3278b8699bce6f301d950566356d05
6513	59	b77a3fcf9a3c7a83f2ffdbcee8cb235bf5ed193747be5defb890315dcc7bebf2
6514	66	dd0adaf36ef9d24c76914a8e6d1e8a980c182494b9918df63018d8be58f28a4c
6515	52	31b18020975ff722db9272f97f8fd7f7598ae94af376e9f29b87fdeb33243194
6516	50	113e0fddbed5688c0cfc3e735bae012cee51cba13c15adeed8635cde7f3a9d98
6517	149	073ad0a2055a918597e6ab01c8576a2d89e88814640b20e10111b6e619c9d20d
6518	151	5d8853c78d80c8a4cb799142e62483cf54ca99d7030d1a080a1d6d28d90d0e28
6519	41	af308c8c00bf357b5feb6b1d68cd9de797473f6572537b3fc703d6150d6ae050
6520	6	4893f40e3781eb896c82d046a08067a11e35cdf2f1dfaf26fea90b8db6676413
6521	33	4e10f9d16c93bc454235ac7b261fd80f9ca57ae7934b02e1435f1ad16c10f952
6522	47	08eff683a99eb9e39361024d07dfe54d93c866ec37dc99c92a6eef4f3b92aef1
6523	51	13490b5f7b8c8b19e4f0029477f2c89d2a593aa6522d3e5d30a55e12ab6562fd
6524	64	dde445dd71c73652d2262c2b6153786ee3c2bda4907741adec1cea15bac10c70
6525	108	2094a2c67350c40ddf459d77b76b81c7bbff7dbce04eb81b38a38c9e43465d43
6526	52	bb5e91abda61edb126e6026d07ce7427617928ce3d1ce5e7060d9f50b214bd87
6527	25	4aea6d54f8c4c7f9b9022aab6b19d9a21b30edf084b667a69ed72cac2d2b1dc0
6528	7	ad9e12546425576d3deae8c9b9dbf128d5d6ddaf5d7fe857934927deffa3b9dd
6529	59	e48b96df7fdb81b15723c30f13b62d6c191b2b16b752a1b8bff178b50e47ff52
6530	18	a500004fab18705fee6e46d46197422a498f406acb3adbaf355563ee7cab74ae
6531	4	27e5788d5d9d73d24a81dbc0a5a74bfa82c9c3b3af99e52af796e90b468a8a3d
6532	43	f951a669edcfae9e3a10bc0536703f9c34f1fece3fa3250b1fe00f459030fd5c
6533	67	b937742300178465a0d635d4f022dc1ef32a1fd203735b7cc91222baf963796c
6534	143	2b6c08bc65275f31cd032fad04740e71bba407428e687fab3e8c3681702839f5
6535	80	52138d8fc4750609f59f9f01a6369826a18f98fcc2f50ef1f4e5c9561b1741ba
6536	4	27e5788d5d9d73d24a81dbc0a5a74bfa82c9c3b3af99e52af796e90b468a8a3d
6537	41	de4e9284f4831621204a885739227f316c13b3b8845acf004974bc659a780dfb
6538	53	184f9c4e16a9ad6eb8bdbc86c8efa5f8842b56c293998fd15cf08f64bfac224b
6539	66	cc864d54fabed97e6092debb182149cc49cd07c3077f0f002c69bbc1f55cdc06
6540	70	a424d3e7ce301982338b5b4d1e9a2154aba96461b5bbb824cd4e7b50a62128a2
6541	37	270d72fb8aeefb9adc819159c66e6bf78596018ee0be3b0161f9f440426a07b8
6542	45	ee2b6a5c2e6ebacbc53b92c32ca150da7e49c02058ae1b827d3375f4b8afb5b9
6543	4	27e5788d5d9d73d24a81dbc0a5a74bfa82c9c3b3af99e52af796e90b468a8a3d
6544	63	71d33545ea7f25c3b3b284931c6d9cba0e6692b0850ab221dadd2f7a04a6ff15
6545	31	907401fcfe23462ac7558a304fdc55ac6e7bc9ca796855f6c1209dcbb81173a9
6546	28	bca17293cbb21d79c8bc0515f21847d4fd34dcff676dc568dc9dfc5303f17d23
6547	64	788e14f026b7f0390c830af5c784b1328c7b9bd9cf71696d07cd5309b3eb4a6d
6548	37	b045762ab81ae5d39dd25cb42c4448358bc2a8a6bcedfe35bb29f1b2ef7005ec
6549	67	28f10c2b57a83843395cf5d5e5cc2d3da3e5c3fad6c1e6f7b605202393e1ded0
6550	45	318fe2561501547d69031851d43d6b57aa4f6dcde2fa29fdc46bce75ae24b913
6551	85	4fd6c386d837000baff79aff7ab0334a31508049f66327548525b8372aad0513
6552	105	df9ebf90cbb4cc6f6781ecc8e279339b6ba3cc8a3b263e49543203838d2a94aa
6553	35	ff9fef02c8e2267b7fb7ba0cf8e63c37f5bf3e4d8657715b68b53db6a605dd9d
6554	38	601ffca112af783bcbd690609b10cac5aa00fa8b72e10905d324013d0715a89d
6555	18	a07946bdca5030ae78a657de1570347661e51bda5f345bab617eb3c21fa09bf5
6556	49	54f36690d5106db6df90df2faaaf777c3595e120c397b094d856575ddd7d9164
6557	184	d6eb842f50be6a7c4121eeabe97f3d4eb42289802525acbdd70cddf29e4cb134
6558	89	1ddcbe64cda2c11f24c3f5dc13d404d331aafd5522c928d4d2e342d7367c68f0
6559	147	649b83ed948c4198d4a67661b4f2c7d2e81fcc7beef759da90206b9175b38bf4
6560	41	a0b034dcea6867e73f7d90740ed7865d6839b4a777a260c452348ccf53f22545
6561	48	b470032f8069f4e3e481e59087fe44e6dce54330757d91eda61e649e873a1f44
6562	210	0497fad7f06869957b58a51310217c34ead160d93bf2aa4cb0ad94591030a93c
6563	8	9b62f60d8590a579cf46f8d67378c4c572b962ceccdb90c7a5f7b42b960782a4
6564	28	018592fb3248b480a8d3b8c47b2cea50f5619fbdea62ecb9d2d70d2c8e09963f
6565	135	51287834e8af7d7b058a1abe5db0b2b64b0d071492ef886d8c89c1ece4961512
6566	107	9858808e336e68b727ccd5ee9d6ce423c7bb3032e2881a0e2b4a98884a1c2ff6
6567	145	c68f61c73a48a6d0deef590a771c5d1f4235bf2bafe65d69ddaea31a65d6380d
6568	8	9b62f60d8590a579cf46f8d67378c4c572b962ceccdb90c7a5f7b42b960782a4
6569	21	a0464d08bda7a181565499b6f0233d4037447631d86695c2308cf87d9e09d619
6570	6	4893f40e3781eb896c82d046a08067a11e35cdf2f1dfaf26fea90b8db6676413
6571	5	42a2cb25a122b44221a6234ec660a7b5fb7f9bde7b3b9e2b3c559a0d96fac739
6572	51	755e9ce5290b06d0e2d3bdc3328bbc9f2e94e541df5d0beb9a964d985776d044
6573	55	fbcce4c8efb3bde977165547b4e8a598a650a948a51cb1608a532e4930edb57c
6574	130	1beb09e42ffce40d3901a74364352f739d0b42fb8b1765417f96d8104d0baed1
6575	127	ee81cd8d8be1bb1657f8cfb50b1e8c4fb1e5717fa67674a37497e7d84fd7c30c
6576	23	dcd4b44028e4864369d1e195f4eb38235ca3fcce90952392626d8a2ebd573a64
6577	5	42a2cb25a122b44221a6234ec660a7b5fb7f9bde7b3b9e2b3c559a0d96fac739
6578	45	884886da3ea81f43941e55fd5cc20520347eb34a60c2d6f4f6a70ecd1983ae4b
6579	80	7dfe7bc66e17089443f83d8f04434a60aa6ce90d3754649846f879791fc277fd
6580	99	e591f5e6570c72d87a1500e38ebe2d0b6559f00248d0468c0f5d547ef4b4022d
6581	132	1bd5fc725357dd32b26c81d74ad1af226eabb37ac728f450f39fa220a258e796
6582	19	debdb365bc0b579a77268a6a67b60e40c00af103780ec1e75623a14edf37ffaa
6583	5	42a2cb25a122b44221a6234ec660a7b5fb7f9bde7b3b9e2b3c559a0d96fac739
6584	176	da8e77bb14ed2cccb2495901b37a26da3d228351c45d6cbf37d40c49505d0e8a
6585	113	0caab883afdb951d4d85ff4ab8c64847e1a502cdc5200592a4ba0435dd261446
6586	6	49fac5a3039bbad287ac815d533cf3abd4b4217920cbe2c93bb34a6e30003142
6587	10	2f358f0371a6e732c4340332235199dcd91ebc46239a5ddcfe6f9a63e6ebecfe
6588	44	295942341f701b4749fbad2bed40f4b9f15b0e8ae4ea3ca5bfeda5968d8a90d8
6589	126	d3fd8d038f4539c783ad220c6b7f7dcf9a8a2dbab018e796e90dafd1392691fe
6590	53	bb193e9bc6a9106a21a121805a8d34d526d1bb1dfffa2d799bcdaaa677d5459f
6591	91	8d90a24358973ff7a1400770b0a3087458b07a11da0af3f8a09cd3cb7ffd4323
6592	84	8601db4063705e858158aeae941494a592a33788094c54d98a3e65666534537e
6593	2	412ca345ccf75bf9c0806bce695be8de808b79984251a7a54d202cf6101dd451
6594	138	1d8de65808b482c54b33bf7d9ad237773d1dda96cadd0011c00d1227b2f75863
6595	135	ed135746fa432f6cea5f5b2ef7b1e1653739c8ddedb7940a96194d745b336522
6596	129	e1d332a9db9d93e3b73809327b367b7cd5296262d32639c3192445883230e380
6597	9	4b9004514dd8bb5287b58e385ae3872bb9ee7c89e61c0c5fe1ab850fea565a57
6598	44	e2ad34dc3238453d25ab37c8ab39add681a5235a8699c05579755590cb540d1a
6599	13	ac9daf2767693c3d2748dab96d89501cb65d667d71688bc3ef207991d1bd3d10
6600	16	6e3b132b5b9446aefe51a0dc1b5c5e9209c763260d2fe4c010cef6d82481753d
6601	25	4731befa9e211312a501fb2748b4fcf5c97d90ca9548a7f743d31a4ebc3c00a8
6602	43	55cf967c73479635922886011f1b0c100fdc07cc1cb60a95a10b321d06debb14
6603	16	e4600f39886e96c2846119f0b432ff11dc7f4c27948e0a343c1f47d430b3146f
6604	18	7abf11cf216ccccb154644c10e8e6ac399a104d10e0b811e718ab61357344b79
6605	33	2a53cdc4ba4be753d164e77fbea5d25397989238a47b48cb7541ad1985221137
6606	30	7b723a701d64a7fad2612ecf0210e0ff8a42cb3eb6d1b7374c8d02247d84265a
6607	44	6b0856bfa07b3e84f72434510ed82d83a23d34cdcf619e978282e5e658d4728d
6608	42	6b69aa351e40bb0128f3e93948bbdadfad0f0ae079aa483de3f3028314981f36
6609	36	3bac89f1d93552f3c555e76ea42f42dc74fea34cd6f76ed2f9ee494c1fbf3496
6610	50	b1dfcaf097643455e5d3fd403d514b8e4dcdd12005a95ca9cecfeca607f33eba
6611	38	0d03f50eac463f894595f08626fe95a4e1642bd4e2b5363356ce8739e27fa5de
6612	52	1c2824b6bce2233cb6d62fc7872146d77b4879e6eba6d2f0c4ea842e590eed33
6613	48	7dd1c729737f3abb12e86d2be8e7229b4cc58b6f9b9faaf4bc9704bb6caed5e5
6614	46	591d5420f3aab7059577b0edf1519aa67a843281a8a894256da33a0e5b1dc969
6615	66	f2863268d02e1be2143df61f83a64c0121fd834a4e46abcf0ca90f175ba224db
6616	46	5c115f4c06eb198a53e2bc62dd8353923193154f8a7251b6623f42730886ffc5
6617	45	55f9d749b6d339d893cc23abcd4c927f3d88d0c76ba340ac92ddd43d5eb6810e
6618	5	42a2cb25a122b44221a6234ec660a7b5fb7f9bde7b3b9e2b3c559a0d96fac739
6619	112	2a6bb31c5c727a6d3e577a0dbe4496597349479e47c985f526a2a583085dcdf8
6620	86	17f6de9f0f91a3e7f5fff86f295729ff1f3cadee38f6bb59dddbc5de8ba472ab
6621	79	6120c1f73bdf504ba615fb8690f53ab880bcf2aa2730cffba95c1b29f5730d2c
6622	117	91d6e9c0458443aef6172d99480858941795242d25812594dbcc8347eff14ae6
6623	322	e828714d88416e1ab67bebc5a9f8a6a1a2dc345add6b9f940a71bdc839b882ce
6624	97	38c71a015fae4c78b31cb21103fc2a096be56f6dcf8f23b68945c2ef69a46f79
6625	120	97464378fc8f6343f4b73f257c6dd99ef036477376003169429fa3d577063ab4
6626	41	9c5d2e4f129c12825af3bff494180db6474df3b311cd6892c5d64ac438199a5c
6627	81	6a28ce06ed54ba41199f6ff66ad3970c1ddba4b073805a927c3de8ba47dba4d4
6628	200	8ce95a9ea67a5fd6f5f0874345c0fac5500a14f62caf550295b6a0f9cd6f7129
6629	165	75e62493b72b3d7d81f64a263d0f7c48cee54e7f9a18159d04bf081e58fa86c8
6630	4	27e5788d5d9d73d24a81dbc0a5a74bfa82c9c3b3af99e52af796e90b468a8a3d
6631	22	0f77f0069cc1bbe9bb0d17da68d1a5521a22736f46c401774af7b41ddb0da2bc
6632	25	9bf90be9809c436114ec3193d5d6572bca62be220e744aaf716ad086f219aee5
6633	53	4955ba89d52f761ada0235985d752f3feebe384f8477a1ef7a0f098b12755b3c
6634	89	9dc920955de6c90f4fc0dbe593a4fe3bac8e544663a47b5b8b8afd140dd3178c
6635	121	61f0d73734db525ce4b3d9fc2c165dfd0cfda17cb0d7ecec799e32801688707b
6636	104	e65ebb6358336cffd30332173fc4415834039897a1313978ba24b25fe4ee5780
6637	110	2290422f5b7848d70dd5a7026ea94240c90dbb8ba9742bdbd0153d4e8e425599
6638	117	e5e17dd2b9a8919498a0bfe41970d185555d74143dbbf3142057dc3360d01863
6639	127	4f2f3b87bca1ddf6a873040620660197a5977a178c191b390717fdf7425bd1f8
6640	70	d891b372126b46dd9efe54af6a110ae9e9ea6ea4b662a73551516a3f99a1bd91
6641	17	1538d3b15fb29ce932368ab542c60c5b5ae5558c3f1369afdecfb1c8510a5425
6642	4	27e5788d5d9d73d24a81dbc0a5a74bfa82c9c3b3af99e52af796e90b468a8a3d
6643	27	1c26c91ec2f43f8612c1ec614abea236f3115965bcc4fba266d79636c41bdde6
6644	186	2f4aca8a24f48f98096baecbf642ab2cb595843c0f8bd1a2f76b75df83195962
6645	4	27e5788d5d9d73d24a81dbc0a5a74bfa82c9c3b3af99e52af796e90b468a8a3d
6646	56	66908dbe279538c7a9a02adb319fa3c676f49dedd7e0459116eedd3b40942a82
6647	63	6b67528c28fbc17c9ffa979e479ead64d4126f619a64ef5881994624168e4e72
6648	73	7acabc45ec65e32d5adb106a07358bd645b9d61a8cfb1b1a421250a7765c0491
6649	77	40c7fb6a4bb04bc6ffe126d41e18d125f603c1e215660a44c34c7cb5e987be16
6650	116	b11212e25564dcca0e7babe111be0890b45a2d50b209de1053a89c9f683ff682
6651	68	ae28a8e1461ad01b9985126f52d335c5fcf056d6a45efdc13e6a6556f90ac4ad
6652	79	ebda10f55e762ae7d0f838fb61fb079bf412065179368bdd2b1bdb39c2dd3f6c
6653	35	6e9129025326904b6b104fbb5b39984608211ff7fae877a54b8631baffefe05c
6654	52	82e18f9326d822d06b6ca0cc91881fe3e2d1b4272266779fd000e08762a17759
6655	76	79a29065665da106d9f69b1ca9617619f4848a052fdf62dd947b7abc001954bb
6656	6	4893f40e3781eb896c82d046a08067a11e35cdf2f1dfaf26fea90b8db6676413
6657	194	da970f0cee5dece1596818317a032ad62f3425d78a5344f1c6b2ab240feec94d
6658	26	a9e4a74c8c039cf95a3839fea1b2f08ddf5c5be86947253657bbae58d769239f
6659	18	ba95f105483f1b62bb8c73214303b7fac6328789ffae3e793a4257d9bc9cffbd
6660	4	27e5788d5d9d73d24a81dbc0a5a74bfa82c9c3b3af99e52af796e90b468a8a3d
6661	29	a7859406762b4dcb57b5d1d3a21cae1fc06536a57e9e854b0644c1d87d2afbfb
6662	54	c32a98dc1576f84b08956c4ade3fb71973d35cb93dc33d3631830fa59e53df92
6663	100	6d5cbd5a7b5f09c4b3d5800c06a5a485f625d111f660acd086c37425d4e61f21
6664	4	27e5788d5d9d73d24a81dbc0a5a74bfa82c9c3b3af99e52af796e90b468a8a3d
6665	30	7115873352f9337f061444506d57df840fae84a614ee6a452235413da7125576
6666	43	427bd133bd3f8e8052b37cce087aecac305ff305b25412764ea41c1e687d33e9
6667	87	871252ce7087ab5e1ba4878a07b8013a4709504a9256e62547297c0435a52b07
6668	110	315e191b81d4fed31fe022520f59f01de5cf3c39b7db4bd94228580d19d343bc
6669	4	27e5788d5d9d73d24a81dbc0a5a74bfa82c9c3b3af99e52af796e90b468a8a3d
6670	29	3080683300468fe356beca61b1fa54c87fc3a6aa610e9f56ea29fa127cd12e79
6671	35	9a936484c75f7a7ed8e638ea0d5e5d08426275d6fb1243b2a280f8fd80ae2b8d
6672	55	b7223cab35e1203a56a74f06970ff4f8c50db0dcae304b64bd19df0cc9dcae88
6673	40	1dbb9e151b02396875368664a6b33fef84d7cbd261b46053eb2cc0f34cbb80dc
6674	25	0146edccb5884993cf59a28e359b2ba3681b8156d452cc082e446da3af03a95d
6675	128	21385bd7fdb743f5f0db21df488adfa938b7f65a61507735bbc0bf1d6c1bd1bb
6676	41	ad4d5165e8965b47a897a8a213b1d4494e9f605b9e9fd5b0c9bd755b1adb55bd
6677	76	e028bd5fe49d1f5fd78922a16db6c925cbab2e57c6703b21e2ff937bb11e98a4
6678	56	4e90569ed8a22f9874b4fd4ef81e6ac7c830be5d17091c78020303589b8884b7
6679	52	64bc46926442292370a7ada1a0430d8044696920e13fa3fced04b9248e9ef1d0
6680	36	3e861d1c1ff6a3db23430eb0fe3888be22867a6d9eb5b7305eb798bbe691ab4b
6681	4	27e5788d5d9d73d24a81dbc0a5a74bfa82c9c3b3af99e52af796e90b468a8a3d
6682	49	6867f821acf340a32eea61e6280e3ab2201de8a7c6712885228c6ee188788064
6683	37	5f1342a6e2099f83beb174d9dd01f86633ea1a0758721397fbacd7cf770cca41
6684	43	d3ce70ebd771e121df6221d433cc89a772453a683b09d1babe64f6ab8b9567cf
6685	23	5076879a9697bbcf10d56c6e4e2a9f56758dfbe7c05ed192b9f4220f8aba9d8f
6686	76	e3600c060c11c1c7a22bec53d4d4922c0857c106ee0cebbdc3ec7fe93f3ffa9b
6687	44	3640bb2b561f75a13feb9d821a15e3bdcde046c7ba456508d3ecc5d01eb22172
6688	115	277745346798ba2064859b106688d2536711b29f699544ba6893c9bc0c9f3d45
6689	85	1ea941cace614f83866971d98dce824654f00fd42cf5205770f8cd72dbf66c34
6690	62	a8064742df943c972f49311af8e98f77a1e778eb6c32ecb01d765c9927cf0430
6691	43	95fa71c5a1c1615bf4e5990827462bc1627b6156f93319edf593f3ce1ae36b7c
6692	56	e5170fac436244c6d4d9f59ac794a460c20b115be5ef572b1d52f8419cbefb21
6693	92	87f30251e1c495481060e34e164582c224d4a94c8e2cf5534a1c8cf896a6cf54
6694	29	280177d87dd835bc98c831d754f24a2518607f15cae6d0ee09a9fd7e6da96ce8
6695	9	fe33dc731e7d07b1f0c05cfebd7e1922023e6077bc0ae7ba30148f50833a25a9
6696	14	18bd605eadf9f33c6738695c46f7d47832d2857a1eaf39108c41baed89add817
6697	8	22d11caf43e97ef369e6beed1a268bd05838f29b9dd254bf69ba64884147234a
6698	4	27e5788d5d9d73d24a81dbc0a5a74bfa82c9c3b3af99e52af796e90b468a8a3d
6699	43	95fe50e82439910a4835b6395c47e0be79acaaecbdb06a206a8cea76200b3245
6700	50	6453ec1ef168b4b4c7f4f07ad7dab2c67afa0bd58c91e7d0a144fdbad544519e
6701	122	c1512abb0d326bfc698f45a30aa62e6e099c4bd8ff9843b522e7683be2536deb
6702	65	3a7dfe4ec511d39ab8a3aee3cf1d4e5606452eaf7c885a2bd6a7e1314da254e6
6703	53	300cd341cec91df132494572a1df4a8ad99f09b5c2d4465291e694a8e11f0f92
6704	100	dd96b42e025ec418b732827d13c636333a51e70f068cd05411ca1d088c02fafa
6705	52	64bc46926442292370a7ada1a0430d8044696920e13fa3fced04b9248e9ef1d0
6706	31	bc81d4befd44455802aafedddc8cea0fb99ba9ecafb6334bf7d7a1edbe6c5ddc
6707	79	10cf957830bcd2a3fd93130737cd4ea17c5a9486bee6c2376777e3d0d7eed2c2
6708	22	213b59cea1ac07d08fa93692725a79bbbe4c7fcd353c2cedda3fae7cb1bf5888
6709	27	aac22c99e53022b86a3da54c6ceaec38f33dc035a949d9366fe382cf9ae8312b
6710	53	9660f904c735000bf1c0e5f354d69249c1da45ab7d6309de4689228c6fd22a87
6711	39	70641e800d044d12977690dd124d332c6d5672564e7452b84c3ec950ce38801c
6712	107	5d9877e034e79d63ee3d0570c0c990de7ba26913478d9d1a3a5659877f7519b3
6713	16	7e53722a44366027c3ecc9591c92eed2b4e0ee01a807a79cd228b3d243467baa
6714	144	8b11e95a5bbb68d2751c99e8133263e798a3bd6f741520c158e5cddc13404249
6715	58	8cf6916bf821ba011f18edec533a9631603083f30ef233736dc7dc13196cc138
6716	134	c03986d90ef0d34f671bcf50b5c4b5bfc12f75ac33e13ff5fc6593b7f2eb4012
6717	62	e4222ffd1bfc277f31e3d262938142e4fb5fb8d637b8141221dd9233ba111305
6718	9	fe33dc731e7d07b1f0c05cfebd7e1922023e6077bc0ae7ba30148f50833a25a9
6719	41	5ee1fcaa7511524073b5c8e03483698438032d6e0ce507cc455f021993b55d5b
6720	71	b9eae626ba662a0bd7171c73154d57f124f839250b5618d1bdd2c8e956fa99dd
6721	53	a65017016b909a342d4afa95d4955c083a0b7debe07d10817f6b6db35057d062
6722	26	628e8f5a959dcfa5ae3c6f01b473a8fd8e3babe31e85ed5fee3e7444c93f0762
6723	41	1484269da28a24928365e4fb67204b5b6099b880df69658e3bf917d42ce5b581
6724	43	b51ed3a494a6beb2d863ca829baf12affb560533c1e6854db4770bb26eeeac0c
6725	54	bf0891828c2394c18c70c179fedcbb14e748c15baafdeed67ac858745c3fdbc3
6726	18	e0005df5a47aedb7f85f0387dd03c7de14e7c1706261feaff4b2e300137a6ecd
6727	77	ed92534ad4bd035488735a6306022f30df817bc081132478b3c3e19816678a95
6728	55	da17e76f1345dfd402abe8f3709978961b81fb3c373703791f2205ed428ba5f9
6729	53	0aa40509c3445d145b4068af376ebe671374ee86cc5228b820a3dce0a3df3ad3
6730	17	854da7f155fbd86114a324c4f8885045236c30021a903f52fe003c2d7587dc6a
6731	21	30b216cec354d127574556f3b2e346f4330b0bb868014b1d6910ed7fe0811d07
6732	191	78b087e14875e9f62dc7a64ffcd18fd7c40deb70806d1c87383dcff827680983
6733	46	f69db447f06243f1889f2ee1ad41b1a57f724346792a8e95753f28a043ced19e
6734	20	3b14e5c255d687fbd64b6a2312ad8d8e8127263d7aa0e8b7774f125f1ba003c0
6735	8	22d11caf43e97ef369e6beed1a268bd05838f29b9dd254bf69ba64884147234a
6736	17	dfac4e43630abf68c3a4a7573fd4c43008ba798dd76c3759eeef53e6cff8d2e5
6737	4	27e5788d5d9d73d24a81dbc0a5a74bfa82c9c3b3af99e52af796e90b468a8a3d
6738	30	914ac2bd7ad2f71795ae18dab50f8a7a3e0e01412aeece4ecd6280786798e49d
6739	57	d32ab533b65ecf5f85a04539f3f3879a048e19e4e8fd2921f76e1a028281c980
6740	62	bceda259d49deb6e6ad512531afd14e70539aeea8847e92df9ec29aacc749dbb
6741	6	4893f40e3781eb896c82d046a08067a11e35cdf2f1dfaf26fea90b8db6676413
6742	125	629644f6f76b02ddaf1a67013983116b479310e87e174db5584c55196f8c3eff
6743	147	db0772018e04beb965a53acecb5284074f74bae2f6b5d1f12f2d300dd30980d5
6744	155	8446eda980de213c976a460b30840d6b84bb93576c614cf6dda396b12dae7cf3
6745	4	27e5788d5d9d73d24a81dbc0a5a74bfa82c9c3b3af99e52af796e90b468a8a3d
6746	23	d007c60ef258f51600492602dd3a76edb8cefa01c6cff96475262ad43536f029
6747	69	aad1068d6ee5c30d6dbb9fa91f30cc560c24f6df2de3cbbaf3af345df9fbf30a
6748	170	f7a54ae3cfd91a32e2e025f5441ff5c0c75d60554acda09dfdd46b050450edef
6749	158	6b640a8ed420138ba9d0601a33fa64da6a20859f48ed8e1de21f4e43f745c21d
6750	8	22d11caf43e97ef369e6beed1a268bd05838f29b9dd254bf69ba64884147234a
6751	26	2d08d9c7ce910d350e8ce5ab3d0367c7fbff57edc84b5dc9168aa7e3005a2a38
6752	4	27e5788d5d9d73d24a81dbc0a5a74bfa82c9c3b3af99e52af796e90b468a8a3d
6753	24	2477c3f5e6f38bc80d1387fa3656ac28ed0859203a0b80aeda412b128ea18d1a
6754	164	3423439cc61df40940e88427ae1a01971e6310ce3cb0c0b960e98023531ac23d
6755	4	27e5788d5d9d73d24a81dbc0a5a74bfa82c9c3b3af99e52af796e90b468a8a3d
6756	27	ff69b98799b020b4be2501516c06f85ef104148ea31f831aea95f36f6007c4e0
6757	170	94a8d3c2345c93c62a0e811c3ad024a419b79d9b5b6b70d543fa2beab623d8d9
6758	4	27e5788d5d9d73d24a81dbc0a5a74bfa82c9c3b3af99e52af796e90b468a8a3d
6759	1	01ba4719c80b6fe911b091a7c05124b64eeece964e09c058ef8f9805daca546b
6760	74	942518c6ce8729178240c157cefd931791f809ec149378080760b18655f71bd8
6761	125	779358149c461c13b97b17beff5081123c8260b9bc14bd4a36af94b590f5474a
6762	112	74d4b77ba63d085e5736d0a2a538ce131e2700750bba1f2b7f9c2a62d53278da
6763	40	cd133a1157920d6cde16505eaa665e227aefa56b8695a3d16b71c68567805c27
6764	166	a522569c11d2ea265cb542eae9d649e782284da7dcf4eb2cb66410e1b9148dda
6765	199	8d4b66cb041723b327e1b8db486d5a23523a1c835b005069a40a0d491f7cb202
6766	82	2c967e84ec99e690a653041163e6a72b385be44f3432c3cb5f65f6bca6c98c42
6767	45	9e22e1fad70ce749a72636dfb87bfac18c1823c47351b846edcfe581d1a9ce59
6768	63	ae60d4fdd1cce8173fb228facbb30ace15db12c4a7609e9d1988adca5f66a141
6769	187	bdcace9888064180aa2783081a991dbd7f62ee2354518845a38f7387a55d46ca
6770	162	7598e66a3902eae73b95617d0b3d0c69d27564b57efa74f51e85dbc676fd9100
6771	59	d5622d63c58b819037786bd51bdee774189942900b763a0a85cb0904cdcacf95
6772	5	42a2cb25a122b44221a6234ec660a7b5fb7f9bde7b3b9e2b3c559a0d96fac739
6773	246	71139da065c610f0c03e81ba2ea135b79416c2895ad61598070aead4da723d8c
6774	235	e1fff6f1796577cdcbecce5dae4b9de165b654515ccf2374ba93bb97d20a6b9b
6775	239	a66e2423056abf26f3d4147350782d55f2066169b53e3cfb02d55a6e35113af2
6776	213	d48c89ad2b8f8f7651f268918c97c6e04553f8cb71ab521e273534856fb6c48f
6777	1	01ba4719c80b6fe911b091a7c05124b64eeece964e09c058ef8f9805daca546b
6778	163	2093827212fbfaab2b22dfcf3cd2e2923dcc44cd392b95c04c3735f47a694843
6779	155	1cc9921ff43828135806e6af29af9a66afa530b6e29b1ed94ae211657fda13c9
6780	179	11be1b721ca847fb815b2723e63d04753fd121522f68433390f5c5de2016726a
6781	258	7b2f9a0a0915d10934f40be43bb1845cb7697a96dd1c66808bb954e6a768cbc4
6782	58	9e1cf94135bcf61e1c4ac879a7d67f2862284a776a72d27051f34729f45353ef
6783	46	778dae03824585eb1d3e126dd7e0b30bfa1baebd3d24c5ed4e44a83fa78290b4
6784	40	95b1e1e85bb02b8b3a62f79085a86703a40aa8ebfaa4fc71bae0fa1d82c6a4ad
6785	44	9904689dd54a73acdada24628765355986e48c54a6f219b8951b1b2598210ac8
6786	66	a088db656880e0118022dd2aafd66f3783a421956934f2011a6dd4f4f7105a54
6787	26	f7c1dd312e133961a63a82dd6c266d634c2bff92d4452b73cfdeca814850ecfc
6788	87	94bf4affd9c29c1711c881f8d30bdb42ed563be42d92e1f379e761735390f098
6789	105	5a24481359ae1e3a5e9c1483928087a0c2823bed5e7abc84d473496ee64b6c73
6790	123	74920c1bd0e57cf1596855c7c52651900de6eeb9ab452c6514c3e6a070824e66
6791	113	2117cce549a306a2e921ed62a694e41fd3fda036e1818eab1035c1de06851979
6792	132	34ea00467699769d08290ab2da55f9b5c1e7bf041e1a65d43150098b68f3782f
6793	128	7e1c9b108536a5a12b02ab2f8d8a46626a87fd0b68d268042809530ab99246ce
6794	6	4893f40e3781eb896c82d046a08067a11e35cdf2f1dfaf26fea90b8db6676413
6795	179	7b2970ccf99cba705a939ce3099e61a011ff324dc9b540b60e509c413d7cd1d6
6796	5	42a2cb25a122b44221a6234ec660a7b5fb7f9bde7b3b9e2b3c559a0d96fac739
6797	19	b3ee557ee22d26e32589a4af81cf5aae6e26802672d5c87c0a50ef8e848aa573
6798	112	856ee75306333e55392f115fd8d1ddddef6bfa8443d8c90d5bf89d8a15502997
6799	44	e08a22d13e8b7f9fcbbe48a0282e38691977c148a78ed426bea1b1152485ac8d
6800	44	b5d006bd0a59d0b9d809700fb8a8b79efbc3efcb05d015b99403ed03e3e84fe0
6801	43	36fdc5d1a22db780227a9646534d1f49c7c49185913e76e4e149673b533d2ba8
6802	69	89f9ed32f68e5af5b2c45d786fe952989df6628925e9bcca2e922b328477c7c1
6803	84	f5d122a334dd38fa24c741de615ebd229e7815515404c223bfc4858171d2ebb6
6804	49	3140f047d12fd10d39007978aeac7f2809c255ae7d8ec0698778845041cf04d7
6805	85	072b15567dddd55f03c132eaa2cd5604d4385707c056aa4d60d5d48659eb25dc
6806	4	27e5788d5d9d73d24a81dbc0a5a74bfa82c9c3b3af99e52af796e90b468a8a3d
6807	113	0caab883afdb951d4d85ff4ab8c64847e1a502cdc5200592a4ba0435dd261446
6808	6	49fac5a3039bbad287ac815d533cf3abd4b4217920cbe2c93bb34a6e30003142
6809	10	2f358f0371a6e732c4340332235199dcd91ebc46239a5ddcfe6f9a63e6ebecfe
6810	46	13638ad031bab9ecd2e7646543f77e4e58e628850a48331312232debd7e555c6
6811	147954	146fccd2e441c25e3c03138940a82c8a35c980241ca1fa137e49586657e4bf6a
6812	45	49872f4dc01f34c518af1fe8ded3a6f3b0be01d5c35738b8fdf0291212c1a36d
6813	101	76488c1a40f03733c08a2c6455d65a86595d6165c886d516f190802c07124327
6814	109	0c3f6d40a7c8110a1b34d0fb7625b939ff97906a87e1ca2ee5ee5045370d7c73
6815	276	b9477a5a521c13762fe2e4ff39d69f08d252a852eaa8716d613c1a462d3cbfbb
6816	114	38a857162ce1ca6a65b86e2f52f0743cffd6194e1e7d4c7f38eaf75b81926f9e
6817	1679	26a5a1904cc42b78f336473c18ea5b776cd8d8bf5f8983dcac7a3a4374b896b3
6818	3	aa1d1a63390229c798347e83a0405441c9400035284ad168c1bf6cdf1d70a370
6819	412	a97ad742ee215a4964858984672edc9b7e37138efc4e7c102e485f90fbb39429
6820	40	2c48b0cfdb8d106a62d0b31bd9d98c7db017e17a7109f37d01ec853ed21eb221
6821	100	077969071b073ed2963b663f07235ec1b1b8d5a9bf9968f666968a7e6ff2f95c
6822	72	78f2ec2bcc304a65e5816b42a2c0a77a650358fbab1e612422cf824e92e74e71
6823	81	ef7bbe3a3f5589742483cb4b255d17d61fb2ee7cd75ddbabaeffa726d6de6f46
6824	84	5ac798cac8afdbe2fb6e800fc48ac8ff0e51bed8cdd446ae5d874fe6665fee6f
6825	207	771fd82656701645fbdb3f0a30e5ff1904b26fc9674c817144cf4d92c70b04cc
6826	70	71053615d0f2ca900752ce9a03aac0af4ae101276b631c509f2f99dddf2e2d66
6827	164	ae64a2b7dfc15748cc965a6a0fbbd8c3932513a5fa7a948a49eddcca6026f6fb
6828	123	a7d883dd3b15aed90ebdde1beab6a912dfb5f162c3e89a0a6172e1d0efeb5e7f
6829	335	9a472996af81f78670e5574cbbb8abf7ee9765d7f7457d112a4dcb68e183ce7c
6830	102	b9a16ee8b85f623079e95f267b2525f3632d9a3a8fa0d137ebd7981d961fc030
6831	3	aa1d1a63390229c798347e83a0405441c9400035284ad168c1bf6cdf1d70a370
6832	1	01ba4719c80b6fe911b091a7c05124b64eeece964e09c058ef8f9805daca546b
6833	3186	7ef64e7562ed984224c9624fec216ad6fb17127b414609787411bcb8ffa672a1
6834	42	5ec1d7170b1bab4ca30ab85669cccffc6c3f989cc92c7c2911b5a64dd058a3f3
6835	7	d840edb6ef4e38e2a6980efe0ae6016d225832b0fd484d8b3d8510bf00051c32
6836	39	6a436fe79b71042c5ed9c65846430564a8ce80ee92c4488345a9ad16bfc67145
6837	86	72e0f2130b819d06b7b32ad5114133e15c6edca9a0ed667ec2fdce22b7a65ba7
6838	90	d6a82bf553bda30873f9cf2d2de7aa0c515fcf660d7e0f520ea6f4a40106e847
6839	574	af7b4a322c258326a33c4291ce3207f4dd657b5434ddb2ee433a9ac92699f70d
6840	36	ef22b314f7365838c64355ed6b2e54f8e2dd6f21687bc3de9a78d61e0452a788
6841	44	29e27288faa94c6d1522a8f4fbaaf47d03744fdd41da52d611a5cb57e9d7dbc9
6842	3	aa1d1a63390229c798347e83a0405441c9400035284ad168c1bf6cdf1d70a370
6843	10	2f358f0371a6e732c4340332235199dcd91ebc46239a5ddcfe6f9a63e6ebecfe
6844	44	749bddff18bd666cdc31b6a479f2a1173eb1566715462505b70f7486fcb59c7d
6845	13	ac9daf2767693c3d2748dab96d89501cb65d667d71688bc3ef207991d1bd3d10
6846	16	6e3b132b5b9446aefe51a0dc1b5c5e9209c763260d2fe4c010cef6d82481753d
6847	37835	eb9c1cd06bbcdfd85efd177fc0f6f6e5666f808a41058a0fb6b9f395c289bfdc
6848	1706	9d45aec826c0f5d3a217a279c397b07b0d93c940c6f38ae364b337b7b09e3d66
6849	1552	3ef905998ecacedca7cf7ca1df72b529fa799040145b0ae951af2fcc88ac8274
6850	54	e4b442d7ec4e49ed823496d5db75bfa29a3aa14f489e51c3da7c69a362e767e7
6851	36	5c31b0a81cc3de6aad597587feaf641d23089dbcac6d24bd34303c41b7b3ffe3
6852	37	4a297561058cae2ce173a33b2b5a7ccf4c95b98d5b57b2f25689409e8c62cb7b
6853	19	d455eeb2414865e5d6ee22ad289038cec05e801648ebd37699c0477135f9a2d0
6854	32	894564f47c826303c526c07b14a5ddb2168bd15ba60ff6ffcc72017fa028fc5d
6855	1	01ba4719c80b6fe911b091a7c05124b64eeece964e09c058ef8f9805daca546b
6856	1	01ba4719c80b6fe911b091a7c05124b64eeece964e09c058ef8f9805daca546b
6857	25	15425378a12e0d80e071bd2e58c99e50617950d2f38d1adc33079d3eafcb1302
6858	67	5f2d81b69bc704a5236255545d47c6756bfe184fe5cab20acc0fbfdc6d9eb171
6859	65	53f6979561ff7d0b2b85b302322b4a2f4d8bf3051be1d95d353bb14a83584ba6
6860	101	481b2e6a355aa537438736416297f79abcc42b1d0523dbcae4e1ceade555566c
6861	142	2a8ed7fed155d03f801b710d680629aae86d71a855dcbf27516dd0676928fa1b
6862	104	4bb6224331ccba597c9f7aad61c5d0907104a33589e03102c58b8a7dbc4a16bd
6863	126	3cb8e674ae10a297d920ef38a33ceb4c3296c0801e38dab95f66add2c9b6a54d
6864	70	c9e8a5c5e35f093ce1ea1810356345685e455f0af226f7e390cef23243040abb
6865	54	71b0b824a15311ee166095d19a0bf48639415ccf6ebb2257ee2bfa5283a47a53
6866	56	e2454940e34bb55a845e7e9a101177eda979f83ff882079a5b83b690a56ed86e
6867	77	3110cd4ddf40babacd7178a5771ee928de339b9128231a085234a759464bccea
6868	78	52e7da211dbacb5ba8fea02a96a6242506175b9f05e6b2825d428b2b2fa8a217
6869	56	ab55f6cbf51c117d6b9d94b701223e7ef67f4b2673bac88e9f8461a7373498be
6870	61	c96216e2c3dc1029bd371a8b149623fb4296fab0e09d6016ace1c5ac2c9ef222
6871	57	d209dd2116e39a3720f0b2c8c0d3637d1b558220d2623b9a808a14140f07ee19
6872	69	e49c8a58e9b2826274ec708ad532f7fef3e3fbe04ff67f58ab2ecb433282af56
6873	5	040190a3058d9b1e76b3c5537e727b5bc36db0554b871e50dbb8dc95b8698260
6874	1	01ba4719c80b6fe911b091a7c05124b64eeece964e09c058ef8f9805daca546b
6875	1	01ba4719c80b6fe911b091a7c05124b64eeece964e09c058ef8f9805daca546b
6876	86	a31685cf2180e7ba1f7bfe58fdb1b61178c475ff13d8322851372e66cbfc5290
6877	68	13506c75a69af5463bc223248e60e067447be621a723038b93df6918798c0a8a
6878	29	5af3811f769f753a7082f8432a01b6e4ce93d4f1713f1ac4280be40b2334b8b1
6879	62	80755081f93bd867397e932ffffb2d713eaa7b6b0fc57c5dfbe5ef80bbcf29d9
6880	76	a1e1c443e7e172e457f26c67e6bf72581af3a80b7c8233a5a806c3e0e6560f5d
6881	4	27e5788d5d9d73d24a81dbc0a5a74bfa82c9c3b3af99e52af796e90b468a8a3d
6882	36	a3b628d76f20024e2789555b5d3e9123ef76a7fa0cf479123b4ea4c625cdc053
6883	36	23a339ef49d45078d89ef413a98ad237a422acca33069ca7cacf594669d61b6b
6884	29	a2f2ab4c2c98b8f6079bc1df26dba4092f35e4da83a59d78568eb5a3f0b5de41
6885	52	34e9db7b390ad5e9776c5d911ca608089ffa7606f330a52afaa489acacd867d1
6886	58	b63698d226df9b650ec6c0bbf0cedc8e10eab259b291550051981c34963bd27d
6887	109	0ef1ffe7ee67f72015e2b9f31217e9e04da25206aea0a5a7b8a00de1f2076386
6888	18	ed1a533fda103ca3670f58a9d89ad50a90b7a512d7e35417150a13ae7514675a
6889	4	27e5788d5d9d73d24a81dbc0a5a74bfa82c9c3b3af99e52af796e90b468a8a3d
6890	57	d9397aa7ae8d60ae08d21ad268021ab13582f6f57fa1942eaf43568b6f453e7d
6891	54	a7ec5ae4e99bcf994a1c8a808de27501e633047d90a8d2cc3dd51004700f23dd
6892	54	7b6c15bfed2e9b385ef31d0afd7bc6c67007bae4e796d23284e029e4a14610d5
6893	38	2463b6e34841904ccfe054d574f72eee3a14e6ce22c3b838ef20101f80cf10eb
6894	4	27e5788d5d9d73d24a81dbc0a5a74bfa82c9c3b3af99e52af796e90b468a8a3d
6895	36	81bd8cb67159887cefa641fb1da73345fed8a85cc0ac5b8c28497d869b38cf8b
6896	63	3e37358c86c13ce5aefcb8a3ba6fcb9e589b506148c36cb868f41c62c560597c
6897	42	093114fe4dd0b6f1c01fadb3135d0686872f9458d27e09ac412e86e52fe8690a
6898	38	df359147f40ac6afff710da624479df37561b94b5ac06c672cebb00280f07790
6899	23	4dfd90bfef699dabe7cddd7d7d6a5ea00c77e43116518c23efe4fc3ac768bae6
6900	23	23adba7b1a84b3626122f483373a3c2595e3806ba8c87d49162e27c9621ccb2f
6901	45	36d646bc354d6f5a896e8ffc7b4a9953f8c4cb5bec6684be8d89cd901ed79c94
6902	133	d5b157af2d2f233fd9bc4c30e1f78dacd14949578c7be613ac3f0c07cbc13d82
6903	14	1792f847bb21cb292dd09f7fa6e7cac4a8c14d97d389633b3d1520ea14b5b1dc
6904	6	4893f40e3781eb896c82d046a08067a11e35cdf2f1dfaf26fea90b8db6676413
6905	26	9f027d1793842e055165e4b155711cb1995be515aebad470c77036ec10a2b460
6906	62	264204e95fa6e1b9e7b41ab397e1366839ce3c68ca18cfba7cd2486b2c1b225a
6907	50	151ea37ba23d04840dba38fa940999629c3767954d7d78901c41a95d04d40df7
6908	58	52c1ddd3d5204e09b9ddf21a6a34d4ab567fd6f2e10a4b9bc3825f93e5c850c9
6909	31	f219735fb21d3a4219c981af962fc5c9ef24f23540c7f0e8d762524a30743f26
6910	70	d85ada606f515a43976f5d9c085dcf282e4aa49bb3b3685055e4c9a96f7e73fc
6911	32	960eb3c9aec45c8974f0dce509340e93796ef534cd59d8aee427245d4e7486d7
6912	8	9b62f60d8590a579cf46f8d67378c4c572b962ceccdb90c7a5f7b42b960782a4
6913	6	4893f40e3781eb896c82d046a08067a11e35cdf2f1dfaf26fea90b8db6676413
6914	4	27e5788d5d9d73d24a81dbc0a5a74bfa82c9c3b3af99e52af796e90b468a8a3d
6915	36	ce86f5fc869e16a9b8182bc30db34415cac896d4e81ebb072e5fd21fe6aab800
6916	57	0b79dc029bc2c2165da5e59b4fbb44121d1c887cfd31faa1fd7b09a554bc500a
6917	62	7d77f8c121918380b0516e065c336f8067069b3a48aaea524b839bf92fdf6c9b
6918	41	14a92ac9ef5a181d7df88d6a9637ea8ff12df3c48a02513bf427f619fe8630a6
6919	67	958f483f5940bcc97d09c944aec6afde49b17e0c8ea5260afdd513456636816f
6920	30	1ef4d508033afda965c0914caa0e8de7ff6ebdc55486cddd8e15c7c4d7504567
6921	43	15f505f5438b1a5a50570c97ed300dc0d32399983010e4a25e2aab05488ddf26
6922	51	bf365a6a8d5d910b6dad1de7ca731253b763f2fded43249a25ccd52ab24743be
6923	78	7f8a139c4235b00c67dab5ca36219ca2add493b84f95928c0bd618d72f622769
6924	25	575aef4b36dd75e9c798d7646201493cbca48bdc0c00f47d9a12b0f44c1c7bc0
6925	101	f96b674c760fb252cd0f04cdcb3f38e3366b8cdd46bd746f4733f07ffe714461
6926	15	8f09b26149a724ca9dd482d8fa178a8b8fa00470320a8eecf4c4ed58699e1150
6927	70	b5e89d3815cb15ac8695bbe61a2103ad5a29f72aaef382c27a410cf1c3ba1125
6928	80	82c3727db8fa543e9743ce34b4f0bc9814fd690bab71d6189747713cc3f58dc7
6929	93	e313d4992fcb3e377a3eac5d0266763c9ce657d1ecfb615042b02e2b856b9e23
6930	8	9b62f60d8590a579cf46f8d67378c4c572b962ceccdb90c7a5f7b42b960782a4
6931	6	4893f40e3781eb896c82d046a08067a11e35cdf2f1dfaf26fea90b8db6676413
6932	4	27e5788d5d9d73d24a81dbc0a5a74bfa82c9c3b3af99e52af796e90b468a8a3d
6933	46	6f1a1e9a1a64913a4fabe1c0db61c05eb77566827b469757c7092311086520f3
6934	22	681d30f32f3c36dce97bd64be78f85266ab861594debbee5810ba1c1386e13cf
6935	62	696c8e831e7ce246547119b1bc51b09c56a2ca6b7c7a441121973fdfe4e7411e
6936	53	a7cdb18a906d3bcf6803b745c0705ecf81d0b6a2cc02d44f643c98d8d718a1c2
6937	98	096f6398e6571230b2f87a225a42c3c5e1162c3c59ca7fc9ee54c4a97a243dc2
6938	14	91f781eab2ad6f93e33a1ae5e0224fe404cc8832ae06a38864347be75f6a62f7
6939	37	ac85fd9a043c3ce524a01d026f25fe6cdd11f7ddc639be3c61a3db3a1d51f36c
6940	85	d6a190f302a60883895f0e4c5148d9a9410c0473f7efb110ad01e992fbf15521
6941	6	4893f40e3781eb896c82d046a08067a11e35cdf2f1dfaf26fea90b8db6676413
6942	4	27e5788d5d9d73d24a81dbc0a5a74bfa82c9c3b3af99e52af796e90b468a8a3d
6943	27	b4780615ea46a9b7f9915c70ca9023e09ccd561fe48fe9126c4cfec4ceb66721
6944	57	968fb3ccd85536749c6075e694f5f966688ac2b4d357ee72818378ed0d314d4d
6945	63	0cb323bcc0efb495ec3cb16514686e957aba6a154d65817cf7e7fbd853759183
6946	80	9f0f60370899dcbc9034f0871da007df93b0ffb6453cfccad0594a5a9dd24d8c
6947	13	d09c04f017c96a5aaa9c1cf1bbd0839494a260a0146c2c30eb84e9189a6d2fa6
6948	116	5a34d09ec424136b2ee51bb25953456a616c4ea528accce45f22adae70031c12
6949	111	18030a23a57a21f41b507e4b9efa690bdf7d9a2ed6dfabb2c5dc7ab27d9a6d6b
6950	6	4893f40e3781eb896c82d046a08067a11e35cdf2f1dfaf26fea90b8db6676413
6951	4	27e5788d5d9d73d24a81dbc0a5a74bfa82c9c3b3af99e52af796e90b468a8a3d
6952	38	37b892147b68c4acaa3da734d1a5cb9c6c84f817d53bd0b1672b16a7b12f6352
6953	40	1d365786474386c06418c8de190694a412cbed2dfa639f3fa437ef14a1be803d
6954	42	5ff29caf4c5103fd72594b20b6d879e0c31c89ddcd533d839660fee2061defec
6955	66	c2da2c15b4e062b5055a31fb12e6565973af66731811169fd7eb3060b81f95f6
6956	67	ead0d7962421d255d724cd52237b1c4c1783717231a186ce5102b6446d7bb614
6957	67	72c0640b9147f82e1b8e4edaa7266762276750ac0cccb4a4a6715f03d6a7dd52
6958	34	fdae744857b8669532510f48013b3856e435cea57b86b0c6a3fa84d78ea07cc8
6959	35	4cef5d8673bc797c43b1736e9d3716d75cdb9bd31061c71fcf0d9b8db7fe237b
6960	73	8d626575e0f600fe13427722bd7ded6377e76e48346d4e124c6c38600b269e66
6961	87	dcd4834a6676bd9a6c3c27dbf9f21eec720ce2a7f54d56e44805a1fb5b5d8855
6962	20	14e4cc1d75a7c895d0de7d0cfa4969c05871fdd2b831dbff9262eaac6a4868e0
6963	77	b46c9418be9326b82cf1cb1ac8eaa660a2eedb0eda2939d26ab6e1069a153d90
6964	96	1a9ffb71cf1b3cf733f5c425c306b6374124e3b6a9ac0283921b197511e5c96b
6965	17	d8d1911831c45d1fad480dad1424203a832aa3511731cec048bc45e9dc00d281
6966	4	27e5788d5d9d73d24a81dbc0a5a74bfa82c9c3b3af99e52af796e90b468a8a3d
6967	37	3e1a7ec354a35a9f83d8adc2d407b353affb682d64a1fdb368eff354f55ff589
6968	66	cd7be7fa35bf56116bbcc162ce53052e34d444c7dc748000367bdc47ebb36506
6969	65	737107063c6996361bfa35057ba07e73a5585520abb77c60c24a710b76e6a57d
6970	36	a7ebbe67881e327dd6429712c91304b1f492d1cf5005f8621590582ed1924d32
6971	40	b4a507caf26a2c456453710365c1eca4dd1a2400c6cefe68d661b605ac9564df
6972	1	01ba4719c80b6fe911b091a7c05124b64eeece964e09c058ef8f9805daca546b
6973	96	b81a25380e58bb135959ea76fb9a5c9d6903676d67c65a81e19a1264df4392e4
6974	50	cb799e46df392d77d269461a01e243f3e4fc1c1d5aff443f28875d19b6c23fc4
6975	136	e8ce161d56706279a4c380b2a6e592f99253adfc19151454be97c8662a54413e
6976	54	6d43f1e9f111aa9c902e93a33b9ecb705109c297c6bc0b18e3f7b4e22db304f5
6977	142	8b65e7f2e5fbfa9ed86debaf9facab27584f568eb5aee79ddf55adb284655634
6978	1	01ba4719c80b6fe911b091a7c05124b64eeece964e09c058ef8f9805daca546b
6979	51	ebd2849e5d67d7dde633a65e4cb04d11e3d32e80236fd150077e8bfa33c38d3a
6980	33	ce851cdafb1330bc9cdae17210856c8fc8fc4c4d569535a6a89fc66c5ce7fd9d
6981	31	7ac997cb46a1b9731c6aa9986db6c6453217cccec3fae719eb1708a026cbd1b5
6982	70	8b4fde10c1ef4d2628f443c5e68287e57685e24e75ae0909cb2f47e0506c7944
6983	69	236ab287dd975f0a61154e378d950c4700a6a026d4ff2895b621b9faf9f6d53d
6984	67	cb0e94e9079a648daed6bab819a2d752a35cd4e06640a1d3fc0c64a531921a09
6985	6	4893f40e3781eb896c82d046a08067a11e35cdf2f1dfaf26fea90b8db6676413
6986	6	3a3e46f94276b6f6f4ed1f02af78bef6a2ee1c439dd5584b973948313214d2b7
6987	1	01ba4719c80b6fe911b091a7c05124b64eeece964e09c058ef8f9805daca546b
6988	19	b3ee557ee22d26e32589a4af81cf5aae6e26802672d5c87c0a50ef8e848aa573
6989	20	a7eb45ba2b4a1c0a4b62e94b7c7601242351b5428c7571b02160ba3e210043fd
6990	69	da7470f80bb749ee3c432b0fce76b0606be319a5cab72ad0419b081c9bc952c8
6991	24	244eea550974766f913c8a41c522b2b79bc7812559ece53e66b97714773bd611
6992	161	c432f39beddeb1fbf13a97a1289bc4ebadaec34b2aab8f8a3cc195293d170261
6993	56	f226b48f373d25e8cdbd280958e98e55534070f0948e22992a88a081db88a6c6
6994	4	27e5788d5d9d73d24a81dbc0a5a74bfa82c9c3b3af99e52af796e90b468a8a3d
6995	117	825e67b1a3329cf6e4a7c53eb205715639e589d2d0edd3d982d387a2e29dadf0
6996	6	49fac5a3039bbad287ac815d533cf3abd4b4217920cbe2c93bb34a6e30003142
6997	10	2f358f0371a6e732c4340332235199dcd91ebc46239a5ddcfe6f9a63e6ebecfe
6998	171	09e920ec431cf2aa448138c92860db9af1c62bd1906d0111a36063c6b9f179d5
6999	31	af815ee45c18c3f3f58e832403e821aa93ba42e0dca6c753cf337e7f9916c005
7000	131	99e8670dfdf33475d74fa0e0d15dd12289bfb21f365b655fb0cd2d0fdb0362b7
7001	49	7151479aebf0273909755fee8b4abd287d19fa3f465a6e36e49fd5dbf41548d1
7002	61	d2a51854c75c7080c12207196857c564e227124bc50b655af832483b14f11411
7003	79	8904bd3e353169fd47740b10884158e9aa0341d167eee2d68c476c0c5bbb95b8
7004	47	eaee3e06d8cd695e4dbb411aa57c81e4e6f384158566f7c01ad6633553a93d20
7005	132	25aec869ef8df066316557d88f2302a46bf4b8b552f35e04846eb22e8cd96ae2
7006	145	3819342c314810f9d758cd31f3c9afe444b99ea670e0b16caa90045834ce25ae
7007	280	f4322edc715f465945e8fb754645c6f4b880af3c290f42808c858880d0ecf42b
7008	260	dec84319537e02557b5811200e394d58c477cec77dfd9ac1752365885a074625
7009	7	5eb51658c4ff035fecdeb4c269efb2d33a67ac9928a2a6c2d2d9a14630a0ec35
7010	132	f3210cf7bba8741b277ab47f9f351bf2ae5f22b220b8e383527ce1987f47d463
7011	129	3bf383e2eae0cedfe8dd51292dbfc7c84e5f0af40f0938153b743548d8c7771c
7012	7	5eb51658c4ff035fecdeb4c269efb2d33a67ac9928a2a6c2d2d9a14630a0ec35
7013	7	5eb51658c4ff035fecdeb4c269efb2d33a67ac9928a2a6c2d2d9a14630a0ec35
7014	7	5eb51658c4ff035fecdeb4c269efb2d33a67ac9928a2a6c2d2d9a14630a0ec35
7015	43	aaaae1a82a5c2a8088f397d4f2439e8e16f94496a4c4b0b15bc01137ef5c2384
7016	13	ac9daf2767693c3d2748dab96d89501cb65d667d71688bc3ef207991d1bd3d10
7017	16	6e3b132b5b9446aefe51a0dc1b5c5e9209c763260d2fe4c010cef6d82481753d
7018	42	c6d5a8db033c74cfe6a9280e6c5e4269c4066c3521baac70d8e4e757426461a0
7019	64	a7400747444de7aa3c95072a62423205b263cdf7e5c1476efc08f563d48b9517
7020	22	fbda07796b77793b7b0b9d7b9089d063f5c331133ad209be584ecce1105b2de8
7021	33	4b393e0d56df67990c6f88ae82ff0e79070453e98ca2e9c108cfb661b1eff403
7022	43	bd5ce46f68a461b21d041b67ed66217dda37bf85b36853f7f198a304f58850dc
7023	55	108875b4c64676b2a42035f6998c72eca2dc86e4ccb6629e0935359256ca753a
7024	56	9c7169df42ea849d9a003aebac6dc3e5a6f1ba0b2688247ed89b7293755e1c86
7025	5	42a2cb25a122b44221a6234ec660a7b5fb7f9bde7b3b9e2b3c559a0d96fac739
7026	43	a500d28b764b3e9cd5f9c4c92943f68008f639ef4b1ad69fd05cde4267bbcb7a
7027	64	a7400747444de7aa3c95072a62423205b263cdf7e5c1476efc08f563d48b9517
7028	22	fbda07796b77793b7b0b9d7b9089d063f5c331133ad209be584ecce1105b2de8
7029	36	3316a7529743509cbd509e8bfa9ea9adcddd61bc7213e0ddd9b7acaa960e944e
7030	37	165b2cc738a80cb9d6800bf41794be8f677218c38ee125e92ca5037bb749d81b
7031	5	42a2cb25a122b44221a6234ec660a7b5fb7f9bde7b3b9e2b3c559a0d96fac739
7032	51	e24e68e0a17121f5d8127fbb8d90557979f7b9116abeaa61a4c410c699c07196
7033	99	3c7199ee6204e39c6bfc859b1d74cb5784af9f974fd740bd1b091f27b47511e0
7034	5	42a2cb25a122b44221a6234ec660a7b5fb7f9bde7b3b9e2b3c559a0d96fac739
7035	55	c48a6a7ffa5aa41b47dd6348b4603cdd4826a3cc68bf6238dffd92d3a5a7ee1d
7036	53	cf43038b88b81b4f8d0bc0fbb0b4759c171dfb061d1a6cd506661c14364b47e3
7037	6	3a3e46f94276b6f6f4ed1f02af78bef6a2ee1c439dd5584b973948313214d2b7
7038	6	49fac5a3039bbad287ac815d533cf3abd4b4217920cbe2c93bb34a6e30003142
7039	10	2f358f0371a6e732c4340332235199dcd91ebc46239a5ddcfe6f9a63e6ebecfe
7040	37	d24f43cffc2b3c538655e1126b211b7ea9641b96fe01e889b84614a29d0cb936
7041	2727	86cefbe4d8038047c6e6299e57b80d2ff3738d763dc00d9b074f0c5c7fde5529
7042	92	db06058032d2a19b59a6a33f3624b108a3bce1bee16fcd9c72eebaeecbd2954e
7043	962	7c4f553c5179f63cb9c9eb55cf679b05c2bfb78b5884f7dd80e7835c5bf437ba
7044	9	4b9004514dd8bb5287b58e385ae3872bb9ee7c89e61c0c5fe1ab850fea565a57
7045	40	70ba5c6c3c760e76a9415450b4e8bc4d86622907d9f27d89291ce059b631f069
7046	13	ac9daf2767693c3d2748dab96d89501cb65d667d71688bc3ef207991d1bd3d10
7047	16	6e3b132b5b9446aefe51a0dc1b5c5e9209c763260d2fe4c010cef6d82481753d
7048	43	e79bc4e2fe5ff536c123d33c79e5e6cb5b7249d7a00c42c08e94b1eae97d6e51
7049	114	36501ff41202c55d6f9a8b57c956809619d3fa3dacb003f964535856585e7880
7050	182	a4daae4445979c9f40b4186faab9d16f58968a7e07cc839745803e4cc6d04a61
7051	110	5b518e8d4e3c5b0349cf73726ba4259bb76d2f9b764143185a457c7a3a66675c
7052	45	0a0b53473e3d76f3032a45b7f041272839713de77853cbcbfeb33c1d8a8fd1fb
7053	66	57a8f0e6f4fec494661a1c208b35eade045cfaeb5e24bad15efbd23ebcb9e306
7054	213	d70e632dfd47e40cb9757b71b40129f27b3efe87fa1dfdf93718543230ed2ec3
7055	41	97d581d9d3f5c5ffe3e79965bf444666a5c00da7e9c9595074f89975dff24740
7056	26	6d6903fd6cbd9c2a9f9f67ada8f8195f3617b18ac8cb8d42f5cf0aafd64574f1
7057	29	0d08b028fcf2a4d233c87eee863cc5307693533dd3657b91714c727506ff7546
7058	76	5ced88bfc8c65fd0ff6850cf13d936de8ab48471fe101ec484d9df3f58f739bc
7059	200	4eac5625c563204c2bf23c11f8207a67b397933b9b85cf3ce4ecebf2c9127974
7060	97	195111567e996f6d071d581f9b01183980686a24a416c5a721d973233aa0207a
7061	61	200075a0185a93997610f05f88489e790ea1511a002bf77e686a098da9d6ed8a
7062	59	740088a9a9b33014c78a0982ec857f48fa5020a322b8887b17d929becaf23a16
7063	119	7f3d89c3942240e95f163bb9f70a207b9910d08bf67275ecf8b4ffe618c9935a
7064	260	b0e5549dc1ccf35d9fcccbeaf9962484682f25fd488e5d36932c1694e0153337
7065	158	77529f72cfeeea88c0e97c2c58b7984d81cf0cd8ff7839543bfecfd3257e1ddc
7066	167	fe6618d8134899157f48fc0f82feb7aa053ad7aed3a60ec21999087b579a68ed
7067	128	c0c1eb64ee116b7a00cf1b846d2c8ec8819c7bbef17d7ec64ad9f45ae342e06a
7068	168	219458e7ac00b39c9023359b65b55aea6cbf433328034b1aee1b34661f7d0510
7069	163	cce11fcb98ee449028dcdbea3b63233e789a51e869441ddb6934e3e7cb5879f4
7070	158	77f498da41b0ecabddc00f179014377992553785fab6de04f183fe739ca64c8a
7071	159	c475c5600aa87e1485da8e25c8fa2c891e52b59175c1d11d3b980249a14a0f31
7072	285	98682973a9bd1fda3f7e346c6ba2e8241106a1f64ad070a82b4fd1009d179568
7073	308	ed1b009a33bc5fe31465166c9816b0cdf97d7e37089ee528ccda2040aa7523e6
7074	17	8b0b53d3ad2afd5bb31c07230330f1f4832857c433c649c409b88d86b2902b4a
7075	235	74b6b42a5f707db05f8957496a666ea9b0b758f419f0c51c33d9fb565f5729f5
7076	252	8db3085ae1da21a764620f12366793e134d1093414138a5bf691847eb649e1f1
7077	217	ada913137c325433e3cbd398f1ff448679115b2e1fa4b40019b5848980047fed
7078	329	d7a79e5593c86f7c1c3a234f7ae4b358bfadb9e064e6ddb728523b6597321a58
7079	307	b2c77ae50b9348cfbe5dbdf22a5d58a0db53e97068ab893931b7a82bb7d9b916
7080	325	addb5d19329d81b691c507c2a326ebdc6c876817931f76601535b9895e0ce508
7081	375	f7ae7bfd5445bba4d10e7e74bceb140c053545646d84fbf6e7fa47cc14625e7b
7082	7	2959280f6156c1f651b522b1b186163b66db45adbfa9bc671bed073529eec1d3
7083	76	d1aaeb916b6a581afc61c48afde7e74e0f3c4a2ff87633e3c416d864f2fc3bc7
7084	491	c906fdb6eff1b153e5fad3df0e3510159bfd19b0c3ddd2ad29915cc9e037a8ce
7085	99	f68dadeb144f33a410e9cf2f1943b390414dd5c0d3a2ced1f7d7d9841f0cab9c
7086	5	42a2cb25a122b44221a6234ec660a7b5fb7f9bde7b3b9e2b3c559a0d96fac739
7087	45	03061ad1cd3d7ead289d1ba9c4f5c18d08c3b548fc9ced1ca22931a9ef10f4b6
7088	47	550539a68d735e19b59fae4e6d1fa5e4b805f714a315b7f5aea6ac8a8cb237c0
7089	123	3485850557e2cf82a58f928be57d814f88973e7595d41e638de0602a775d778a
7090	474	feb0556c65c112bb9a7e674c625c68326875ee890b281eddff41dec21386f2da
7091	51	7f0dbec6fab2cc8f54ed9d6622e8105766b0e99f16f211f0956e805fe3fe60e1
7092	79	839d607ac6bbc3df962ba55dacbe7ca62ca5b619bd1b3d05678ecab79684bebb
7093	69	298fad69bc2f92806528e957900bdb584147e09b17eae6b3a586d64feb6fbbcb
7094	121	c5ba0ce68884ab1fe5a5dbd7c8b2503bf14830e0a9239c9815337faf9b970763
7095	534	6a9411228a944f4b78f215a57c1eacf4d4905c4fff88746cc6c86f43adfef4a3
7096	212	9b81a87baf0e98609dcab3efcaca512df29c9c123d442902947b9cdc98cfa280
7097	173	55f40918abb6b647867bb43960a7f05972c535d36c7795fa3e6939942e40accf
7098	170	ba943f6ed09fc3a6205dabfda1e8ade8aa94fce648759b3abbcbfc8524225844
7099	156	af210313bfba254f3bad3757fde232b2d75af8a927c6e67f76a33824cb0b3ccd
7100	345	75b67f47e76956f82f18913ae7e7718d54cface304d73c171e27e22b53b12350
7101	146	375d8917b53fa5b3d50f66aceb6d2857d65be100e6f5e8a03ffd95c52f3520ea
7102	73	e7daaae81c3d98f288467a9aa5403d54ad8379fd8a9e1a20c34262e9c3f08735
7103	1	01ba4719c80b6fe911b091a7c05124b64eeece964e09c058ef8f9805daca546b
7104	56	cabb5d5f69f6561d0df27c6f24a804a1519fa6766a3a55bcd9e3ae374afb922a
7105	264	674f887e79b1e8a919c557910d54275647fe5d7371dd35830c737f0f1f84689f
7106	234	9f21adbd77c00f2d497f33c03e00849c5c48a08958b35ec2f0ef6302f26b33e1
7107	75	5f49a47bd4c6993fde8aa7536aa3ed726ead0314f1c30f60812aa074a3e71e07
7108	1	01ba4719c80b6fe911b091a7c05124b64eeece964e09c058ef8f9805daca546b
7109	52	b21ee5f8f733e9e9adc60424ca150ddca46081c260d547432af182319d96a573
7110	45	57cbaa01ece083a520c6ab86cd187b5d3cf8fd079a098f951cbefa85db0d7108
7111	108	07a4bd510491a319a2cf0e79700a71dccf4afecc35c4aa2c7295930181027835
7112	110	7e2450ea0b9f6e85ad96ca33daa8da2af7f17fdbbe19665b78de90e50d200fc6
7113	44	01b50a62d4eb2d88c29d0a340c9d66e4c79b9b38b55a9966b3b2cfb860a92182
7114	46	09b4711e28473bfbed1f27263459c347f9b4c09e86c3b4c0b6ca4526b0e9b60b
7115	42	d3524bec8059c9ec81ee60778e66643ac0610a2fe49719b03bae5b9a8c682b70
7116	1	01ba4719c80b6fe911b091a7c05124b64eeece964e09c058ef8f9805daca546b
7117	25	405098c67fab6256d7479d9a895b09f5381705ae3d0493924042b51b413ef828
7118	51	c9b1a2b9f7e0be3986151bc37847eb47d0b3ab85b2e84885c748c855cd1e321e
7119	87	fd5dbf60641b16f7ecd48649049f74fad39632bf1c59ff899a5c1b21451e7fa5
7120	42	f41cfc863b91c6a2186d4646ee6214990190be0447cfd28fd6853bf5b419f4a4
7121	2	412ca345ccf75bf9c0806bce695be8de808b79984251a7a54d202cf6101dd451
7122	25	3ec11a16b9c654a5a22374fccf5c7f321f8137e379ebec71a79d6a2193ee6da8
7123	32	b58a48fa01f33d60e9d258b5c82a963f3ce934f8ad61783f3e89eb80c2b4b12b
7124	24	d9c333ab0fc83123df1d4b1f6a0c6c58cd2a9d1fa44affd8debb1883bfbf0c2f
7125	64	eeb31223e8b88161e765671a1d4bc70da2c35f4c69a1eb095f42e826ddd0afa0
7126	39	8142e373f5cd602a920999102320aa78d4c90f5147ad6cb3f35a7fb0ffbc5647
7127	38	ae931e6198ce8d96fd91fcceeba81ef1ac324ec22a376f23a84fffece99fae81
7128	2	412ca345ccf75bf9c0806bce695be8de808b79984251a7a54d202cf6101dd451
7129	9	4b9004514dd8bb5287b58e385ae3872bb9ee7c89e61c0c5fe1ab850fea565a57
7130	1	01ba4719c80b6fe911b091a7c05124b64eeece964e09c058ef8f9805daca546b
7131	1005	245c48a8ffc71e302ad01db07ec233afa100e814db587f939a4d02912af7040a
7132	475	9d60958319e0a70f98cd725f49c5f6397fe110e2b86d388db61db25a7584394f
7133	5	42a2cb25a122b44221a6234ec660a7b5fb7f9bde7b3b9e2b3c559a0d96fac739
7134	206	981112c1c532a5bc23a2fa22204e9bf3452da3fbcddce3133630d9e7c90cccaf
7135	89	ec30c094523652605c0bc44959d10705ef83260962f2b39afb5f30561fe9ed38
7136	154	11c49daf46a08b8b321e98047cb315e28d81a6f55a2b96908e70a90ba4de9aad
7137	6	49fac5a3039bbad287ac815d533cf3abd4b4217920cbe2c93bb34a6e30003142
7138	10	2f358f0371a6e732c4340332235199dcd91ebc46239a5ddcfe6f9a63e6ebecfe
7139	54	89056d625fda1444ad3cd1d6b5228286ca1857de482864db501d3a2ad57a98da
7140	13	ac9daf2767693c3d2748dab96d89501cb65d667d71688bc3ef207991d1bd3d10
7141	16	6e3b132b5b9446aefe51a0dc1b5c5e9209c763260d2fe4c010cef6d82481753d
7142	1	01ba4719c80b6fe911b091a7c05124b64eeece964e09c058ef8f9805daca546b
7143	29	d6a0e58e955c8d0440d7e2ea7a1b5b4b315a80be27118f9fc1c08ab2324e31d9
7144	115	be80666782a13a737b3056a24d02b2570eeebbe8dbbe22956393fc4858e8d37d
7145	53	82f09aa0eeb07af0d3257b8f26ae4d44b55cb7d52c36956a4aeddf59623c30d9
7146	34	dcfa5598eeb2c205dbad0e241dac03f68e1771b50f1d0f6947e284eb74042235
7147	56	af519583769b5484ec8990301de5bcfed0cc1260a1a8d7ec20fafa810e325327
7148	63	414496439bd78154b5f3bcc6fe237f640973deee6be897107570bad504c811f3
7149	34	1989cb49d99da38057918025533b13b1309c60cfb4a01d9e568f8bd6cc1bf23d
7150	4	27e5788d5d9d73d24a81dbc0a5a74bfa82c9c3b3af99e52af796e90b468a8a3d
7151	1	01ba4719c80b6fe911b091a7c05124b64eeece964e09c058ef8f9805daca546b
7152	42	41e5b6ef18091fd8bfe600daa00f96fdad54418ce1e6d9d83a75be4462a6e8a6
7153	24	301b44fd960969436b83c1fdc6078db95dc9ddfa28375dce6fc1c8ad356fb23d
7154	100	654f02b0c7b2ebd5ea5f6096e7ae47c6a239dbc7fcbb867e35235df71aa39f29
7155	37	b018f472a8330574922318c0504a18a5b95d5558c26e184be8b7800df98f7f86
7156	26	6ba736d662609435af3c0f7e8f6c49b2402fc14586152e69bff4044a417cce59
7157	37	4ae9730f93cfb8db5fe66f77f048dc7dc563b64fc9903f2b81bcac58f92860cb
7158	60	9d8a41ed797658f6beb9631830182131bdc4ef8a0a21396bef19e9cb9a612722
7159	84	ae71e001aaa34c26e4f235da9268c816bb9a1e7de9a4c154d28f955d7404476a
7160	44	82c0c1f54085efde6e49ea5266cc74a3878789181a07c1f19a79b85a20155f36
7161	62	cb46cac1102f53aa58edec70b6177916a561b063e2cf545fb75d6aa8610a15b4
7162	51	9a00b2d5da44fa3772dd66a8f446c2887fd9ac5f7d2b247f15d5d47fbb1b2652
7163	8	22d11caf43e97ef369e6beed1a268bd05838f29b9dd254bf69ba64884147234a
7164	4	27e5788d5d9d73d24a81dbc0a5a74bfa82c9c3b3af99e52af796e90b468a8a3d
7165	60	e2142b0e96f9f6547aba0924205c2b2329a956f6aa4f526b3ea13d4a7d1c0073
7166	1	01ba4719c80b6fe911b091a7c05124b64eeece964e09c058ef8f9805daca546b
7167	30	cf100eca81352c1f66f7245cbf342b0a530e7ede10190a3c5ee52ce8d7e1cae5
7168	38	d1468dec5faa86e4514a4ef353213e6750e024b57804087c2befa6ca6236d1ca
7169	32	4ad4cc2ca3e2aaad90ba37feca45991637f59e2b5e1797a60cf6c316fdf5d128
7170	53	ee9901f59a4c9b545849d9b95c861c5cdc796cf2ef66e4903ae0a135ca39e158
7171	73	e8a73039791ec5e3b901d59d0f58a7af3a3f4b8af374a1cf40c27f558888e968
7172	21	714fed279d4991b763f6e681b4994f05c8bafd00fe32c7def86cbe8956257a5a
7173	7	ad9e12546425576d3deae8c9b9dbf128d5d6ddaf5d7fe857934927deffa3b9dd
7174	4	27e5788d5d9d73d24a81dbc0a5a74bfa82c9c3b3af99e52af796e90b468a8a3d
7175	1	01ba4719c80b6fe911b091a7c05124b64eeece964e09c058ef8f9805daca546b
7176	25	90c51fbe32c5ac937b308273db173d20e8d0ce32890e717e053a869fb4d10c5d
7177	9	cf23a868cc7a5ae18b2b51862fbe5a29fe405dabfef047b59cb0eb578e2a5691
7178	128	4ca1a43ee5d1fcf13b3f6480d5288da42813ac8284d91ce482cb5c0b37abd727
7179	645	0f75f791f51cb66dfcf1463e4a5b3b4a3af7a5a4cd928f28a66a229d4b2be135
7180	94	c31bb57c3575275491d7eeaef73120e61751173fb0db1296f1abd85df0aa6e6f
7181	108	61bae7e5af4561a29875f22f08bbb88ee6d6a87f1bd3207581a7c7ac3770ca08
7182	7	1f0cdb972a7bfb7ed246f9ff672385e55f4968fc11043dc5b684d51dfa31dbcb
7183	9	0ceb7e51a7e0d0c00c13e8107f44b53c00578d30a2695b70847909b6cf43249e
7184	101	69124d1675597553052ad34b844606e1e35b4f40976d18cd4df3eb0606194b4a
7185	467	330858f12644b1b90588f9f0704b715c8862c04faaf58ddcab572903b6794e0b
7186	81	8df74557a3d5bc9891e637ef71f7fd8b277de0ac21712abe30d21307882facab
7187	97	e659de3fa95e26c57df77a703c193e8b4183f441b2e535fde695389e1ac69a81
7188	6	4893f40e3781eb896c82d046a08067a11e35cdf2f1dfaf26fea90b8db6676413
7189	5	42a2cb25a122b44221a6234ec660a7b5fb7f9bde7b3b9e2b3c559a0d96fac739
7190	1	01ba4719c80b6fe911b091a7c05124b64eeece964e09c058ef8f9805daca546b
7191	39	4079e351eba3b368d3b193538bc742dd5967808cc7bc437b803a1602e0d533f0
7192	99	3df42f95cf9fe91cfe72f53fec2f9b9f8768454b6d9837a08645a9f6eb0d4d9d
7193	37	38de75cf27b0102d4058bf7a7e2f8dc89abadccaaa8953f6dae67bcbb3c0c6f1
7194	69	e4341555745802a8b2b16a12e50ed1cf31d76244fe2c53314faccb97efe37daa
7195	69	de7fe1b4701dfd71e7124ee10540ef40989247b6873c80195f54b67e167edc03
7196	45	f2c9e35fe15a1dbea8dd81debc22fafd7b48229133f3a367c6c4320174d8f312
7197	67	5e23281f9993a4b8d04fe9e5dfbc7d7168e75e1c022137d67995c05c46b4c849
7198	101	1b2898e6e002f16597bd02c6108d1f866e8cb20234a26ad6606bbf133e4e22e9
7199	97	73678a5109c8dea7176f79f100f3bbf943144e1a918ec4aaa7d5450a098d37c6
7200	109	0fd330206cb95cc2698e363d479b2134f995bcf9b176b75bd00c6a0aa126b133
7201	101	03eef18fe30e19055614621ed9349f059f8b3fc02150d4ddb31bf8837bb05362
7202	116	9da000016059e02c0dd016794bdce51b2f13538c8ec0cf74538ac858c70985ae
7203	4	27e5788d5d9d73d24a81dbc0a5a74bfa82c9c3b3af99e52af796e90b468a8a3d
7204	66	bc8e850724e08dd9f1e38767c372106f780f9133450f76827c9ac6481bdc0697
7205	1	01ba4719c80b6fe911b091a7c05124b64eeece964e09c058ef8f9805daca546b
7206	33	ccd003233e0c5d0ddd23687568a9a39dd7b9b5d8e0eac092269648d68dac5441
7207	104	8d886bab30089f5be1da6bf735edc15fd6687ae1b9e504cf95edf88fa4be0a52
7208	61	a366fe42a529c465aadaa674c4b6310bf6cfbf5b3e3b1e4a2e4cb27024077af4
7209	4	27e5788d5d9d73d24a81dbc0a5a74bfa82c9c3b3af99e52af796e90b468a8a3d
7210	1	01ba4719c80b6fe911b091a7c05124b64eeece964e09c058ef8f9805daca546b
7211	19	b3ee557ee22d26e32589a4af81cf5aae6e26802672d5c87c0a50ef8e848aa573
7212	79	c87cebea7440369e15c65d8e9a9cb81fa5f7ffdb886ab435df82fa209cd5f0cd
7213	60	6c00d3a8f394bf991c652a6452c40dab96d398b56cb7d36058d00c5de36c75a7
7214	8	22d11caf43e97ef369e6beed1a268bd05838f29b9dd254bf69ba64884147234a
7215	26	28f11684d03b202bc6edb72510d0148d02959e9fa4ee2a37e31526e801080e1e
7216	32	c56ec8f43e686ce7b3926784f9873a63e434df698a0157c594b56df55d968721
7217	1	01ba4719c80b6fe911b091a7c05124b64eeece964e09c058ef8f9805daca546b
7218	47	9375e85c4c85ed595cbf9eff63281c65b07878307737a24a3e641641cfe482eb
7219	14	dabb9fa5cd1fb08fa8982440e8d90228c9adb0c8cd00e7464a4319087c694b49
7220	65	794f5eb82e4e6e2bf988dfc574acf38b0b6808d79b26a10c96a4573f70cf7444
7221	135	33e4b9a5d8c541926b9bfac15c8018ef66343d316cf947aa96d9479d89db6280
7222	10	717af1101c97b7c2f52540782e634cc4440f0e970341e52f9752311d78b7d7d0
7223	91	3ff9c65319b250e789db6165493e11c2ab181c536ca844e83edaea0cb8f3a3b3
7224	6	4893f40e3781eb896c82d046a08067a11e35cdf2f1dfaf26fea90b8db6676413
7225	75	0537d51b7e67cc3a0bef3bfea208670233db238fd8ca9d37cf7a2c66b474974a
7226	105	b41fffbd92da6f3eb337e6e49e71b6fe4446076dab6e743cab0a6225faf805b8
7227	4	27e5788d5d9d73d24a81dbc0a5a74bfa82c9c3b3af99e52af796e90b468a8a3d
7228	1	01ba4719c80b6fe911b091a7c05124b64eeece964e09c058ef8f9805daca546b
7229	102	09f82df21fa60542a5197697449e9be8c13be024a5960bf695896626607b7c04
7230	15	df3fdd021e4f3731290d6d682e54fb0c402a34b7a6cdd16fd7be0b0e2f7318a8
7231	6	49fac5a3039bbad287ac815d533cf3abd4b4217920cbe2c93bb34a6e30003142
7232	10	2f358f0371a6e732c4340332235199dcd91ebc46239a5ddcfe6f9a63e6ebecfe
7233	42	12965a0f1aa47fec5c56a277077eba2ab5912bf8ca9480ac098f6e5dd2719ef5
7234	13	ac9daf2767693c3d2748dab96d89501cb65d667d71688bc3ef207991d1bd3d10
7235	328	710a00429ff0c526f001503d5a086c001075101c4841f36369f3798fdf4a5ba9
7236	159	df181f53e4bbfe4d895a47662473755bed7ef57517897e24b3d7002afda4f062
7237	552	9b87ed156b761de4e6ab34eabd4641aa2a83a468c829c9b2cbef0cf1972ded20
7238	135	d87ed3d87d60a31c66c8395c07a756af53cc9907de687df40cb3c16f658c3991
7239	234	ad84c6924314bae3dd8dd0efcdb83542a6ac8869dc3e90e8c5f3797e81809817
7240	6	49fac5a3039bbad287ac815d533cf3abd4b4217920cbe2c93bb34a6e30003142
7241	49	9d96b0f9f8ccb8a78f1cb51fd3412f9c9d0fc9eb9518b18482906804a4b2c364
7242	283	d039458a63fa573cfd4d1436cd96bd716a20c806d5e60cd5ff6465edcaa6ebaa
7243	1499	d8ed2b7d9239930792863030f9142a07d604e4dfc3cd6dfc5694c6fa2ef5d65b
7244	1540	c5f21253f3dc0ad5d7122531e498de51f74219cd6a7d072908f0cf78e27898e9
7245	467	67b7e17e59d0178e51099a59e29d8aa9a80b22a98d4029f6c3460f32bac80d50
7246	1707	8c9bb0f105a7475a77fe7e1d6e883bb008a10c85b95d660224a3fbab62bda21f
7247	342	fa2f6ca40aec644d44f55738e8ac8e79ac81c268575531222cc6e4822b92b646
7248	911	37aefc93d1be36cd06b33fea1c4b7c5e4ff2e4897c34e5d6cbec6a9299a6445a
7249	757	dbc858c719f15cb6dad220626210c66ec65e572c2794620af156d6fad722d4c7
7250	8	d3ed81cd16df88d69216646d8dada7634b33a6986e9c23a72631d1933b635a52
